person_id,traj_id,n_moves,n_unique_pois,visited_traveler,visited_hospital,total_dist_km,avg_step_km,max_dist_km,net_dist_km,home_idx,end_idx,cats,traj_cluster,traj_cluster_old,cluster_id_bestk,n_points_rich,n_steps_rich,pt_idx_min_rich,pt_idx_max_rich,pt_idx_span_rich,pt_idx_mean_gap_rich,pt_idx_std_gap_rich,step_km_rich_mean,step_km_rich_std,step_km_rich_min,step_km_rich_q10,step_km_rich_q25,step_km_rich_median,step_km_rich_q75,step_km_rich_q90,step_km_rich_max,step_km_rich_sum,total_dist_km_rich,net_dist_km_rich,efficiency_net_over_total_rich,dist_from_start_km_rich_mean,dist_from_start_km_rich_std,dist_from_start_km_rich_min,dist_from_start_km_rich_q10,dist_from_start_km_rich_q25,dist_from_start_km_rich_median,dist_from_start_km_rich_q75,dist_from_start_km_rich_q90,dist_from_start_km_rich_max,dist_from_start_km_rich_sum,radius_gyration_km,max_radius_from_centroid_km,bbox_width_km,bbox_height_km,bbox_diag_km,bbox_area_km2,hull_area_km2,hull_perimeter_km,turn_deg_rich_mean,turn_deg_rich_std,turn_deg_rich_min,turn_deg_rich_q10,turn_deg_rich_q25,turn_deg_rich_median,turn_deg_rich_q75,turn_deg_rich_q90,turn_deg_rich_max,turn_deg_rich_sum,turn_gt_45_frac,turn_gt_90_frac,turn_gt_135_frac,stationary_frac_50m,stationary_frac_100m,jump_frac_500m,jump_frac_1km,longest_stationary_run_50m,longest_stationary_run_100m,unique_cells_3dp,unique_cells_4dp,revisit_ratio_3dp,revisit_ratio_4dp,start_end_same_cell_3dp,start_end_same_cell_4dp,seg1_total_dist_km,seg1_net_dist_km,seg1_n_points,seg2_total_dist_km,seg2_net_dist_km,seg2_n_points,seg3_total_dist_km,seg3_net_dist_km,seg3_n_points,knn_k3_label_raw,cluster_labelled_type,reference_lab
0,008451a05e1e7aa32c75119df950d405265e0904,142,4,False,False,58.08523104275027,0.4090509228362695,13.90785491918662,0.0,1,143,,evac_out_of_zone,sip_home_grocery,2,143,142,1.0,143.0,142.0,1.0,0.0,0.4090509228362695,2.1906612120454185,0.0,0.0,0.0,0.0,0.0,0.0,13.90785491918662,58.08523104275027,58.08523104275027,0.0,0.0,0.2030952134361897,1.557095752847751,0.0,0.0,0.0,0.0,0.0,0.0,13.90785491918662,29.042615521375136,1.5552670190348703,13.681242505831944,10.74556399040837,9.092119621945804,14.076000308742998,97.69995320606618,25.910784093119997,29.640698600259096,7.659574468085107,32.72021388811247,0.0,0.0,0.0,0.0,0.0,0.0,180.0,1080.0,0.0496453900709219,0.0425531914893617,0.0354609929078014,0.9577464788732394,0.9577464788732394,0.0422535211267605,0.0422535211267605,48,48,4,4,0.972027972027972,0.972027972027972,1,1,0.0,0.0,48,33.5006296220234,0.0,48,24.584601420726862,0.0,47,evac_out_of_zone,extensive_displacement,extensive_displacement
1,01592d51db5afd0165cb73baca5c0b340c4889f1,142,2,False,False,11.264891308979749,0.0793302204857728,5.632445654489874,0.0,1,143,,sip_home_grocery,sip_hospital,0,143,142,1.0,143.0,142.0,1.0,0.0,0.0793302204857728,0.6637242437658081,0.0,0.0,0.0,0.0,0.0,0.0,5.632445654489874,11.264891308979749,11.264891308979749,0.0,0.0,0.0393877318495795,0.4693589944553341,0.0,0.0,0.0,0.0,0.0,0.0,5.632445654489874,5.632445654489874,0.4688620077285021,5.587135642290304,4.584786124574629,3.261446328176425,5.626481667940236,14.953033871468149,0.0,0.0,2.5531914893617023,19.50401960066821,0.0,0.0,0.0,0.0,0.0,0.0,180.0,360.0,0.0141843971631205,0.0141843971631205,0.0141843971631205,0.9859154929577464,0.9859154929577464,0.0140845070422535,0.0140845070422535,93,93,2,2,0.986013986013986,0.986013986013986,1,1,0.0,0.0,48,5.632445654489874,5.632445654489874,48,0.0,0.0,47,sip_home_grocery,compact_local,compact_local
2,0159a99ed28b0581890608d24ada9decc4874197,142,1,False,False,0.0,0.0,0.0,0.0,1,143,,sip_hospital,sip_home_grocery,1,143,142,1.0,143.0,142.0,1.0,0.0,0.0,0.0,0.0,0.0,0.0,0.0,0.0,0.0,0.0,0.0,0.0,0.0,0.0,0.0,0.0,0.0,0.0,0.0,0.0,0.0,0.0,0.0,0.0,4.070399965086662e-28,4.070399965086662e-28,0.0,0.0,0.0,0.0,0.0,0.0,0.0,0.0,0.0,0.0,0.0,0.0,0.0,0.0,0.0,0.0,0.0,0.0,0.0,1.0,1.0,0.0,0.0,142,142,1,1,0.993006993006993,0.993006993006993,1,1,0.0,0.0,48,0.0,0.0,48,0.0,0.0,47,sip_hospital,intermediate_directed,intermediate_directed
3,0286dd552c9bea9a69ecb3759e7b94777635514b,142,20,False,False,2460.436985041753,17.327021021420794,617.30301679932,0.0,1,143,,sip_hospital,evac_out_of_zone,1,143,142,1.0,143.0,142.0,1.0,0.0,17.327021021420794,88.452574633887,0.0,0.0,0.0,0.0,0.0,34.89633831732091,617.30301679932,2460.436985041753,2460.436985041753,0.0,0.0,46.1796170127958,136.12688175494728,0.0,0.0,0.0,0.0,0.0,169.2338597414045,617.30301679932,6603.6852328298,136.9924160749852,575.9560925482973,551.4155795158662,289.4074311059979,622.7485869210716,159583.76633951193,1009.3261400709348,1245.8242930705371,5.106382978723516,27.804953833692377,0.0,0.0,0.0,0.0,0.0,1.0432219355200337e-12,180.0,720.0000000000157,0.0283687943262411,0.0283687943262411,0.0283687943262411,0.852112676056338,0.852112676056338,0.1478873239436619,0.1478873239436619,76,76,20,20,0.8601398601398601,0.8601398601398601,1,1,1234.6946933118436,0.0,48,0.0,0.0,48,1225.7422917299093,0.0,47,sip_hospital,intermediate_directed,intermediate_directed
4,04f1241ed2b1b531c2c853ce1eeff952cd0f40f3,142,1,False,False,0.0,0.0,0.0,0.0,1,143,,sip_home_grocery,sip_home_grocery,0,143,142,1.0,143.0,142.0,1.0,0.0,0.0,0.0,0.0,0.0,0.0,0.0,0.0,0.0,0.0,0.0,0.0,0.0,0.0,0.0,0.0,0.0,0.0,0.0,0.0,0.0,0.0,0.0,0.0,2.0194839173657902e-28,2.0194839173657902e-28,0.0,0.0,0.0,0.0,0.0,0.0,0.0,0.0,0.0,0.0,0.0,0.0,0.0,0.0,0.0,0.0,0.0,0.0,0.0,1.0,1.0,0.0,0.0,142,142,1,1,0.993006993006993,0.993006993006993,1,1,0.0,0.0,48,0.0,0.0,48,0.0,0.0,47,sip_hospital,compact_local,intermediate_directed
11,097ccd4f03d962011101c1221009e53461a0993f,142,3,False,False,4.476245388519232,0.0315228548487269,1.1802107429855029,0.0,1,143,,sip_home_grocery,sip_home_grocery,0,143,142,1.0,143.0,142.0,1.0,0.0,0.0315228548487269,0.1854390708061262,0.0,0.0,0.0,0.0,0.0,0.0,1.1802107429855029,4.476245388519232,4.476245388519232,0.0,0.0,0.0156512076521651,0.1316130631885562,0.0,0.0,0.0,0.0,0.0,0.0,1.1802107429855029,2.238122694259616,0.1315975838255149,1.163499004423349,1.0370833980577618,0.7613582126385033,1.286548989537177,0.7895919623023231,0.2988369972665,2.8020589103238707,5.1063829787234045,28.02691077954709,0.0,0.0,0.0,0.0,0.0,0.0,180.0,720.0,0.0283687943262411,0.0283687943262411,0.0283687943262411,0.971830985915493,0.971830985915493,0.028169014084507,0.028169014084507,72,72,3,3,0.9790209790209792,0.9790209790209792,1,1,0.0,0.0,48,2.3604214859710058,0.0,48,2.1158239025482253,0.0,47,sip_home_grocery,compact_local,compact_local
12,09d66f6e5482d9b0ba91815c350fd9af3770819b,142,2,False,False,9.62169231764697,0.0677583966031476,4.810846158823485,0.0,1,143,,sip_hospital,sip_hospital,1,143,142,1.0,143.0,142.0,1.0,0.0,0.0677583966031476,0.5669074189989595,0.0,0.0,0.0,0.0,0.0,0.0,4.810846158823485,9.62169231764697,9.62169231764697,0.0,0.0,0.0336422808309334,0.4008940439194,0.0,0.0,0.0,0.0,0.0,0.0,4.810846158823485,4.810846158823485,0.4003501155916661,4.770722223909602,3.855373743000136,2.866630950001667,4.804318859289247,11.05193369550796,0.0,0.0,2.5531914893617023,19.45663763336877,0.0,0.0,0.0,0.0,0.0,0.0,180.0,360.0,0.0141843971631205,0.0141843971631205,0.0141843971631205,0.9859154929577464,0.9859154929577464,0.0140845070422535,0.0140845070422535,93,93,2,2,0.986013986013986,0.986013986013986,1,1,0.0,0.0,48,4.810846158823485,4.810846158823485,48,0.0,0.0,47,sip_hospital,intermediate_directed,intermediate_directed
14,0ade7c2cf97f75d009975f4d720d1fa6c19f4897,142,23,False,False,1540.3589002418255,10.84759788902694,770.0980748668197,0.0,1,143,,evac_out_of_zone,evac_out_of_zone,2,143,142,1.0,143.0,142.0,1.0,0.0,10.84759788902694,65.18184305602217,0.0,0.0,0.0,0.0,0.0,34.911537886255914,770.0980748668197,1540.3589002418255,1540.3589002418255,0.0,0.0,62.184136588612674,169.84565116025894,0.0,0.0,0.0,0.0,0.0,275.27791339774126,770.0980748668197,8892.331532171613,171.02242686848703,715.1228777971656,660.2923569165747,410.81919228176383,777.6621408744842,271260.7727382893,0.0004888717528978,1555.3242815929395,2.553191489361823,19.64844181958509,0.0,0.0,0.0,0.0,0.0,6.869998111961196e-13,179.9999999999996,360.00000000001705,0.0141843971631205,0.0141843971631205,0.0141843971631205,0.8380281690140845,0.8380281690140845,0.1619718309859155,0.1619718309859155,95,95,23,23,0.8391608391608392,0.8391608391608392,1,1,1540.3589002418253,0.0,48,0.0,0.0,48,0.0,0.0,47,evac_out_of_zone,extensive_displacement,extensive_displacement
17,0ca9277f91e40054767f69afeb0426711ca0fddd,142,3,False,False,17.522044930890747,0.1233946826119066,4.785259537858283,0.0,1,143,,evac_out_of_zone,sip_home_grocery,2,143,142,1.0,143.0,142.0,1.0,0.0,0.1233946826119066,0.7279561985213365,0.0,0.0,0.0,0.0,0.0,0.0,4.785259537858283,17.522044930890747,17.522044930890747,0.0,0.0,0.0612658913667508,0.5166368369866184,0.0,0.0,0.0,0.0,0.0,0.0,4.785259537858283,8.761022465445373,0.5178487600445446,4.757562501637838,3.4112310014574385,8.025103764276013,8.720022211709173,27.375482750611123,0.2893146853850006,17.441063384926235,5.1063829787234045,26.04725746282819,0.0,0.0,0.0,0.0,0.0,0.0,180.0,720.0,0.0425531914893617,0.0283687943262411,0.0141843971631205,0.971830985915493,0.971830985915493,0.028169014084507,0.028169014084507,68,68,3,3,0.9790209790209792,0.9790209790209792,1,1,7.95152585517418,0.0,48,9.570519075716566,0.0,48,0.0,0.0,47,evac_out_of_zone,extensive_displacement,extensive_displacement
20,114d4eefde1dae3983e7a79f04c72feb9a3a7efd,142,1,False,False,0.0,0.0,0.0,0.0,1,143,,sip_home_grocery,sip_home_grocery,0,143,142,1.0,143.0,142.0,1.0,0.0,0.0,0.0,0.0,0.0,0.0,0.0,0.0,0.0,0.0,0.0,0.0,0.0,0.0,0.0,0.0,0.0,0.0,0.0,0.0,0.0,0.0,0.0,0.0,0.0,0.0,0.0,0.0,0.0,0.0,0.0,0.0,0.0,0.0,0.0,0.0,0.0,0.0,0.0,0.0,0.0,0.0,0.0,0.0,0.0,1.0,1.0,0.0,0.0,142,142,1,1,0.993006993006993,0.993006993006993,1,1,0.0,0.0,48,0.0,0.0,48,0.0,0.0,47,sip_hospital,compact_local,intermediate_directed
22,12f0de3dc76e067d21ed85125716e02e9f1e69f0,142,2,False,False,2.615932411177207,0.0184220592336423,1.3079662055886034,0.0,1,143,,sip_hospital,sip_home_grocery,1,143,142,1.0,143.0,142.0,1.0,0.0,0.0184220592336423,0.1541300056723147,0.0,0.0,0.0,0.0,0.0,0.0,1.3079662055886034,2.615932411177207,2.615932411177207,0.0,0.0,0.0091466168222979,0.1089945186683255,0.0,0.0,0.0,0.0,0.0,0.0,1.3079662055886034,1.3079662055886034,0.1090995509706218,1.3000711930978108,1.292887302809985,0.2061959633822107,1.3092266240351194,0.2665881429475328,0.0,0.0,2.5531914893617023,20.762577790003373,0.0,0.0,0.0,0.0,0.0,0.0,180.0,360.0,0.0141843971631205,0.0141843971631205,0.0141843971631205,0.9859154929577464,0.9859154929577464,0.0140845070422535,0.0140845070422535,92,92,2,2,0.986013986013986,0.986013986013986,1,1,0.0,0.0,48,2.615932411177207,0.0,48,0.0,0.0,47,sip_hospital,intermediate_directed,intermediate_directed
24,135debd4837026bf06c7bfc5d1e0c6a31611af1d,142,3,False,False,39.15891635792622,0.2757670166051142,18.53974193271025,0.0,1,143,,evac_out_of_zone,sip_hospital,2,143,142,1.0,143.0,142.0,1.0,0.0,0.2757670166051142,2.186397358430104,0.0,0.0,0.0,0.0,0.0,0.0,18.53974193271025,39.15891635792622,39.15891635792622,0.0,0.0,0.136919287964777,1.5467589289017156,0.0,0.0,0.0,0.0,0.0,0.0,18.53974193271025,19.57945817896311,1.5381395697013056,18.30027229567572,0.8608287872291713,18.41632084800386,18.43642860690606,15.853299140810469,5.909406501144325e-06,36.87285744395891,5.1063829787234045,25.75829449862269,0.0,0.0,0.0,0.0,0.0,0.0,180.0,720.0,0.0425531914893617,0.0283687943262411,0.0141843971631205,0.971830985915493,0.971830985915493,0.028169014084507,0.028169014084507,69,69,3,3,0.9790209790209792,0.9790209790209792,1,1,37.0794838654205,0.0,48,0.0,0.0,48,1.0397162462528629,1.0397162462528629,47,evac_out_of_zone,extensive_displacement,extensive_displacement
25,13682ac418603aa0966369d46bbf282f562acf47,142,1,False,False,0.0,0.0,0.0,0.0,1,143,,evac_out_of_zone,sip_home_grocery,2,143,142,1.0,143.0,142.0,1.0,0.0,0.0,0.0,0.0,0.0,0.0,0.0,0.0,0.0,0.0,0.0,0.0,0.0,0.0,0.0,0.0,0.0,0.0,0.0,0.0,0.0,0.0,0.0,0.0,5.048709793414476e-29,5.048709793414476e-29,0.0,0.0,0.0,0.0,0.0,0.0,0.0,0.0,0.0,0.0,0.0,0.0,0.0,0.0,0.0,0.0,0.0,0.0,0.0,1.0,1.0,0.0,0.0,142,142,1,1,0.993006993006993,0.993006993006993,1,1,0.0,0.0,48,0.0,0.0,48,0.0,0.0,47,sip_hospital,extensive_displacement,intermediate_directed
26,1407c2b75f43d3691c240e28204533da74ee4054,142,1,False,False,0.0,0.0,0.0,0.0,1,143,,sip_hospital,sip_hospital,1,143,142,1.0,143.0,142.0,1.0,0.0,0.0,0.0,0.0,0.0,0.0,0.0,0.0,0.0,0.0,0.0,0.0,0.0,0.0,0.0,0.0,0.0,0.0,0.0,0.0,0.0,0.0,0.0,0.0,1.0097419586828951e-28,1.0097419586828951e-28,0.0,0.0,0.0,0.0,0.0,0.0,0.0,0.0,0.0,0.0,0.0,0.0,0.0,0.0,0.0,0.0,0.0,0.0,0.0,1.0,1.0,0.0,0.0,142,142,1,1,0.993006993006993,0.993006993006993,1,1,0.0,0.0,48,0.0,0.0,48,0.0,0.0,47,sip_hospital,intermediate_directed,intermediate_directed
28,1574bddb75c78a6fd2251d61e2993b5146201319,142,26,False,False,4763.548561323367,33.5461166290378,797.7768595106379,0.0,1,143,,sip_hospital,evac_out_of_zone,1,143,142,1.0,143.0,142.0,1.0,0.0,33.5461166290378,145.95921181213097,0.0,0.0,0.0,0.0,0.0,35.07934685825358,797.7768595106379,4763.548561323367,4763.548561323367,0.0,0.0,78.85233193958021,199.33218776093247,0.0,0.0,0.0,0.0,0.0,380.594276839405,797.7768595106379,11275.88346735997,200.69302233576732,725.8108798041527,642.2048203769974,489.0006884159965,807.1856692154353,314038.5992684232,2961.792390395184,1614.603324041701,7.659574468085253,33.070873499472754,0.0,0.0,0.0,0.0,0.0,1.348555184940531e-12,180.0,1080.0000000000207,0.0425531914893617,0.0425531914893617,0.0425531914893617,0.8028169014084507,0.8028169014084507,0.1971830985915492,0.1971830985915492,45,45,26,26,0.8181818181818181,0.8181818181818181,1,1,790.1579700355076,789.9827002679727,48,1595.5537190212758,0.0,48,793.9270859993051,793.9270859993051,47,sip_hospital,intermediate_directed,intermediate_directed
32,19187dc98dce52fa4c4e8e05b341a9b77a51fd26,142,2,False,False,26.76175873753661,0.188463089700962,13.380879368768303,0.0,1,143,,evac_out_of_zone,sip_hospital,2,143,142,1.0,143.0,142.0,1.0,0.0,0.188463089700962,1.5767953362990077,0.0,0.0,0.0,0.0,0.0,0.0,13.380879368768303,26.76175873753661,26.76175873753661,0.0,0.0,0.0935725829983797,1.115046015658722,0.0,0.0,0.0,0.0,0.0,0.0,13.380879368768303,13.380879368768303,1.1088688428334756,13.21369727616661,1.0614837929257397,13.264346465997807,13.306751482336796,14.079888797408485,0.0,0.0,2.5531914893617023,18.3972552242936,0.0,0.0,0.0,0.0,0.0,0.0,180.0,360.0,0.0212765957446808,0.0141843971631205,0.0070921985815602,0.9859154929577464,0.9859154929577464,0.0140845070422535,0.0140845070422535,93,93,2,2,0.986013986013986,0.986013986013986,1,1,0.0,0.0,48,13.380879368768303,13.380879368768303,48,0.0,0.0,47,evac_out_of_zone,extensive_displacement,extensive_displacement
34,1b4a364f76e9fa8073516100ed65590c50a6d5e9,142,3,False,False,127.25104638360028,0.8961341294619738,34.99938710758243,0.0,1,143,,evac_out_of_zone,evac_out_of_zone,2,143,142,1.0,143.0,142.0,1.0,0.0,0.8961341294619738,5.290698404576688,0.0,0.0,0.0,0.0,0.0,0.0,34.99938710758243,127.25104638360028,127.25104638360028,0.0,0.0,0.444933728613987,3.754813808900409,0.0,0.0,0.0,0.0,0.0,0.0,34.99938710758243,63.62552319180014,3.734769087530841,34.36983642025969,7.405209563875011,34.015668851928744,34.81239515070719,251.89315630390809,3.2057019948430594e-06,69.62479077632221,5.1063829787234045,25.837292422808297,0.0,0.0,0.0,0.0,0.0,0.0,180.0,720.0,0.0425531914893617,0.0283687943262411,0.0141843971631205,0.971830985915493,0.971830985915493,0.028169014084507,0.028169014084507,69,69,3,3,0.9790209790209792,0.9790209790209792,1,1,69.99877421516486,0.0,48,0.0,0.0,48,28.62613608421771,28.62613608421771,47,evac_out_of_zone,extensive_displacement,extensive_displacement
35,1b6453892473a467d07372d45eb05abc2031647a,142,26,False,False,3332.224140575867,23.466367187153992,834.4004341278178,0.0,1,143,,evac_out_of_zone,evac_out_of_zone,2,143,142,1.0,143.0,142.0,1.0,0.0,23.466367187153992,119.57200427974894,0.0,0.0,0.0,0.0,0.0,35.026362127584115,834.4004341278178,3332.224140575867,3332.224140575867,0.0,0.0,79.5235697916848,201.72350774441892,0.0,0.0,0.0,0.0,0.0,380.8507493735868,834.4004341278178,11371.870480210928,203.13922446150244,762.5556940446361,680.4000038068176,500.0379873707776,844.3827058829044,340225.8485106305,3270.383638769554,1690.5050969347449,5.106382978723501,27.305341937575523,0.0,0.0,0.0,0.0,0.0,7.63333123551244e-13,180.0,720.0000000000136,0.0283687943262411,0.0283687943262411,0.0283687943262411,0.8098591549295775,0.8098591549295775,0.1901408450704225,0.1901408450704225,70,70,26,26,0.8181818181818181,0.8181818181818181,1,1,805.5863252509098,805.4053471406602,48,834.4004341278178,834.4004341278178,48,1663.2206244478225,0.0,47,evac_out_of_zone,extensive_displacement,extensive_displacement
38,1d513c0bcbe33b2e7440e5e14d0b22ef95c9d673,142,23,False,False,2762.3908591449417,19.453456754541843,689.2197097748515,0.0,1,143,,evac_out_of_zone,evac_out_of_zone,2,143,142,1.0,143.0,142.0,1.0,0.0,19.453456754541843,98.78319495909103,0.0,0.0,0.0,0.0,0.0,34.93968544267164,689.2197097748515,2762.3908591449417,2762.3908591449417,0.0,0.0,56.34208538588336,157.2270453402624,0.0,0.0,0.0,0.0,0.0,239.75941617244032,689.2197097748515,8056.91821018132,158.13290826677078,638.0667013775422,544.7588001027912,432.8745423299923,695.8035065209381,235812.2162747315,3290.090649246299,1393.7987459250962,7.659574468085174,32.42201252345959,0.0,0.0,0.0,0.0,0.0,5.088887490341627e-13,180.0,1080.0000000000095,0.0496453900709219,0.0425531914893617,0.0354609929078014,0.823943661971831,0.823943661971831,0.176056338028169,0.176056338028169,93,93,23,23,0.8391608391608392,0.8391608391608392,1,1,1390.9580402503036,0.0,48,685.716409447319,685.716409447319,48,0.0,0.0,47,evac_out_of_zone,extensive_displacement,extensive_displacement
40,1f1362ea41d1bc65be321c0a378a20159f9a26d0,142,22,False,False,3290.037621441043,23.169279024232697,539.8418261946687,0.0,1,143,,sip_hospital,evac_out_of_zone,1,143,142,1.0,143.0,142.0,1.0,0.0,23.169279024232697,98.2512435993712,0.0,0.0,0.0,0.0,0.0,34.99796015789683,539.8418261946687,3290.037621441043,3290.037621441043,0.0,0.0,51.347437662681386,139.51780245048045,0.0,0.0,0.0,0.0,0.0,239.16139942611252,539.8418261946687,7342.683585763438,140.01979790895206,490.99647769745474,391.65646067563176,375.6817994400038,542.707653916399,147138.20390892442,10908.04847809679,1102.0770062169315,9.600067858851189,36.03171981374297,0.0,0.0,0.0,0.0,0.0,1.526666247102488e-12,180.0,1353.6095680980177,0.0567375886524822,0.0567375886524822,0.0496453900709219,0.8309859154929577,0.8309859154929577,0.1690140845070422,0.1690140845070422,55,55,22,22,0.8461538461538461,0.8461538461538461,1,1,1050.3137895575624,0.0,48,0.0,0.0,48,1700.7761492644277,538.9476826190532,47,sip_hospital,intermediate_directed,intermediate_directed
42,22d200f8670dbdb3e253a90eee5098477c95c23d,142,21,False,False,3629.40370700216,25.559181035226484,615.380628166165,0.0,1,143,,evac_out_of_zone,evac_out_of_zone,2,143,142,1.0,143.0,142.0,1.0,0.0,25.559181035226484,111.06760788769851,0.0,0.0,0.0,0.0,0.0,34.9662212356188,615.380628166165,3629.40370700216,3629.40370700216,0.0,0.0,50.30121674194579,143.39424446598235,0.0,0.0,0.0,0.0,0.0,204.35584472958016,615.380628166165,7193.073994098248,144.24381876359664,569.5276991315033,513.407999263306,347.7174136919964,620.0767480660775,178520.90167261916,3929.926926351904,1245.720627783901,7.659574468085236,32.621973051915546,0.0,0.0,0.0,0.0,0.0,1.2722218725854068e-12,180.0,1080.0000000000182,0.0425531914893617,0.0425531914893617,0.0425531914893617,0.8380281690140845,0.8380281690140845,0.1619718309859155,0.1619718309859155,69,69,21,21,0.8531468531468531,0.8531468531468531,1,1,1190.2132080197157,0.0,48,616.5322021062892,615.380628166165,48,1207.2776687099906,0.0,47,evac_out_of_zone,extensive_displacement,extensive_displacement
43,25250e46745c8169531da0086e6bbc3369795330,142,1,False,False,0.0,0.0,0.0,0.0,1,143,,evac_out_of_zone,sip_hospital,2,143,142,1.0,143.0,142.0,1.0,0.0,0.0,0.0,0.0,0.0,0.0,0.0,0.0,0.0,0.0,0.0,0.0,0.0,0.0,0.0,0.0,0.0,0.0,0.0,0.0,0.0,0.0,0.0,0.0,5.048709793414476e-29,5.048709793414476e-29,0.0,0.0,0.0,0.0,0.0,0.0,0.0,0.0,0.0,0.0,0.0,0.0,0.0,0.0,0.0,0.0,0.0,0.0,0.0,1.0,1.0,0.0,0.0,142,142,1,1,0.993006993006993,0.993006993006993,1,1,0.0,0.0,48,0.0,0.0,48,0.0,0.0,47,sip_hospital,extensive_displacement,intermediate_directed
44,25293f2761d658cc70c19515861842d712751bdc,142,3,False,False,4.770843003184579,0.0335974859379195,1.575786095767495,0.0,1,143,,evac_out_of_zone,sip_home_grocery,2,143,142,1.0,143.0,142.0,1.0,0.0,0.0335974859379195,0.2075499988844869,0.0,0.0,0.0,0.0,0.0,0.0,1.575786095767495,4.770843003184579,4.770843003184579,0.0,0.0,0.0166812692419041,0.1472075612714741,0.0,0.0,0.0,0.0,0.0,0.0,1.575786095767495,2.385421501592289,0.1465452283056486,1.5525125915792206,0.6669606176271511,1.4545177589037857,1.6001432362235832,0.9701060628281284,0.2933281867554999,3.307275749529888,5.1063829787234045,25.895900382256997,0.0,0.0,0.0,0.0,0.0,0.0,180.0,720.0,0.0425531914893617,0.0283687943262411,0.0141843971631205,0.971830985915493,0.971830985915493,0.028169014084507,0.0140845070422535,92,92,3,3,0.9790209790209792,0.9790209790209792,1,1,3.15157219153499,0.0,48,0.0,0.0,48,1.619270811649589,0.0,47,evac_out_of_zone,extensive_displacement,extensive_displacement
46,267b976f6f335984ab90f0f478e8a1637eabe7d5,142,2,False,False,6.360601617608663,0.0447929691380891,3.1803008088043314,0.0,1,143,,evac_out_of_zone,sip_hospital,2,143,142,1.0,143.0,142.0,1.0,0.0,0.0447929691380891,0.3747648674761372,0.0,0.0,0.0,0.0,0.0,0.0,3.1803008088043314,6.360601617608663,6.360601617608663,0.0,0.0,0.0222398657958344,0.2650185871737593,0.0,0.0,0.0,0.0,0.0,0.0,3.1803008088043314,3.1803008088043314,0.2652857687564144,3.161244779017407,3.152008789848425,0.4467189599991946,3.183507066193586,1.4080620885094082,0.0,0.0,2.5531914893617023,20.817858789649456,0.0,0.0,0.0,0.0,0.0,0.0,180.0,360.0,0.0141843971631205,0.0141843971631205,0.0141843971631205,0.9859154929577464,0.9859154929577464,0.0140845070422535,0.0140845070422535,93,93,2,2,0.986013986013986,0.986013986013986,1,1,0.0,0.0,48,3.1803008088043314,3.1803008088043314,48,0.0,0.0,47,evac_out_of_zone,extensive_displacement,extensive_displacement
47,26e7458dc56ab2830fadba7bd2c1aa10e981518d,142,2,False,False,0.6427740423537422,0.0045265777630545,0.3213870211768711,0.0,1,143,,sip_home_grocery,sip_home_grocery,0,143,142,1.0,143.0,142.0,1.0,0.0,0.0045265777630545,0.0378720667134575,0.0,0.0,0.0,0.0,0.0,0.0,0.3213870211768711,0.6427740423537422,0.6427740423537422,0.0,0.0,0.0022474616865515,0.0267815969019293,0.0,0.0,0.0,0.0,0.0,0.0,0.3213870211768711,0.3213870211768711,0.026665797778163,0.3177596536735207,0.1392188466187903,0.2881257490914856,0.3199973977134751,0.0401125344696915,0.0,0.0,2.5531914893617023,18.64392426982953,0.0,0.0,0.0,0.0,0.0,0.0,180.0,360.0,0.0212765957446808,0.0141843971631205,0.0070921985815602,0.9859154929577464,0.9859154929577464,0.0,0.0,96,96,2,2,0.986013986013986,0.986013986013986,1,1,0.0,0.0,48,0.0,0.0,48,0.6427740423537422,0.0,47,sip_home_grocery,compact_local,compact_local
51,2a2b47bf21a372f267deccbb420567f3d450b3c0,142,5,False,False,34.71903275147599,0.2445002306441971,6.295287041998886,0.0,1,143,,sip_home_grocery,sip_home_grocery,0,143,142,1.0,143.0,142.0,1.0,0.0,0.2445002306441971,1.0689917640876097,0.0,0.0,0.0,0.0,0.0,0.0,6.295287041998886,34.71903275147599,34.71903275147599,0.0,0.0,0.1213952194107552,0.7630992395672906,0.0,0.0,0.0,0.0,0.0,0.0,6.295287041998886,17.359516375737996,0.7659906642928943,6.2075613723224805,7.939864102957681,4.621723633573566,9.187043665868169,36.6958575720019,19.374207101281,18.64910190000198,10.212765957446807,38.300763394451806,0.0,0.0,0.0,0.0,0.0,0.0,180.0,1440.0,0.0638297872340425,0.0567375886524822,0.0496453900709219,0.943661971830986,0.943661971830986,0.056338028169014,0.056338028169014,70,70,5,5,0.965034965034965,0.965034965034965,1,1,11.236453996486166,0.0,48,0.0,0.0,48,23.482578754989824,0.0,47,sip_home_grocery,compact_local,compact_local
52,2a459380709e2fe4ac2dae5733c73225ff6cfee1,142,23,False,False,1462.5363883294149,10.299552030488837,730.9332153354067,0.0,1,143,,evac_out_of_zone,evac_out_of_zone,2,143,142,1.0,143.0,142.0,1.0,0.0,10.299552030488837,61.93309619384436,0.0,0.0,0.0,0.0,0.0,34.88365195974669,730.9332153354067,1462.5363883294149,1462.5363883294149,0.0,0.0,56.72817426279259,158.94383105722747,0.0,0.0,0.0,0.0,0.0,239.93237882541803,730.9332153354067,8112.128919579341,159.93653500245773,680.4507527159734,600.2345915574277,428.89196629121216,737.7193800160427,257435.7942090678,26.206606310229247,1475.4484609548826,5.106382978723538,26.959713066142918,0.0,0.0,0.0,0.0,0.0,8.651108733580766e-13,180.0,720.0000000000189,0.0354609929078014,0.0283687943262411,0.0212765957446808,0.8309859154929577,0.8309859154929577,0.1549295774647887,0.1549295774647887,96,96,23,23,0.8391608391608392,0.8391608391608392,1,1,1462.5363883294146,0.0,48,0.0,0.0,48,0.0,0.0,47,evac_out_of_zone,extensive_displacement,extensive_displacement
55,2d0c8af807ef45ac17cafb2973d866ba8f38caa9,142,21,False,False,1338.9081763776142,9.428930819560662,650.6426816589234,0.0,1,143,,evac_out_of_zone,evac_out_of_zone,2,143,142,1.0,143.0,142.0,1.0,0.0,9.428930819560662,55.27816056950457,0.0,0.0,0.0,0.0,0.0,34.829007485100135,650.6426816589234,1338.9081763776142,1338.9081763776142,0.0,0.0,46.69221473774513,137.66988468565128,0.0,0.0,0.0,0.0,0.0,169.37773652277903,650.6426816589234,6676.986707497554,138.5134731753019,609.1991618019159,533.4774577136865,392.4579761460124,662.2850299752231,209367.48337383333,5776.339589961446,1324.6976874529948,5.106382978723532,27.361508231678645,0.0,0.0,0.0,0.0,0.0,1.297666310037115e-12,180.0,720.000000000018,0.0283687943262411,0.0283687943262411,0.0283687943262411,0.8450704225352113,0.8450704225352113,0.1549295774647887,0.1549295774647887,98,98,21,21,0.8531468531468531,0.8531468531468531,1,1,1338.9081763776142,0.0,48,0.0,0.0,48,0.0,0.0,47,evac_out_of_zone,extensive_displacement,extensive_displacement
61,31bd9b9f5f7b338e41b56183a2f3008b541d7c84,142,20,False,False,2410.5913123696114,16.975995157532473,609.8105330307831,0.0,1,143,,evac_out_of_zone,evac_out_of_zone,2,143,142,1.0,143.0,142.0,1.0,0.0,16.975995157532473,86.48740197036734,0.0,0.0,0.0,0.0,0.0,34.89063356212112,609.8105330307831,2410.5913123696114,2410.5913123696114,0.0,0.0,46.0106522077659,135.4317514076606,0.0,0.0,0.0,0.0,0.0,169.22640521892274,609.8105330307831,6579.523265710523,136.13147378242522,567.8778332247632,479.1495042581038,384.074808335996,614.0828167512251,184029.2540122187,1104.5765838410116,1228.6516957055348,5.111250023975064,26.521619647532766,0.0,0.0,0.0,0.0,0.0,1.4248884972956557e-12,179.99999999999898,720.686253380484,0.0283687943262411,0.0283687943262411,0.0283687943262411,0.852112676056338,0.852112676056338,0.1478873239436619,0.1478873239436619,77,77,20,20,0.8601398601398601,0.8601398601398601,1,1,1190.3798770043722,0.0,48,0.0,0.0,48,1220.2114353652391,0.0,47,evac_out_of_zone,extensive_displacement,extensive_displacement
62,3464dc11507c600bbff7daec3d6fb71402063a5f,142,2,False,False,22.406312948402164,0.1577909362563532,11.203156474201082,0.0,1,143,,evac_out_of_zone,sip_hospital,2,143,142,1.0,143.0,142.0,1.0,0.0,0.1577909362563532,1.3201736891507714,0.0,0.0,0.0,0.0,0.0,0.0,11.203156474201082,22.406312948402164,22.406312948402164,0.0,0.0,0.0783437515678397,0.9335735451375652,0.0,0.0,0.0,0.0,0.0,0.0,11.203156474201082,11.203156474201082,0.9343215869339072,11.133726669409423,11.011962826824238,2.1091717541906525,11.212133195250336,23.226120952535133,0.0,0.0,2.5531914893617023,20.66493485682116,0.0,0.0,0.0,0.0,0.0,0.0,180.0,360.0,0.0141843971631205,0.0141843971631205,0.0141843971631205,0.9859154929577464,0.9859154929577464,0.0140845070422535,0.0140845070422535,138,138,2,2,0.986013986013986,0.986013986013986,1,1,22.406312948402164,0.0,48,0.0,0.0,48,0.0,0.0,47,evac_out_of_zone,extensive_displacement,extensive_displacement
65,367ac64a16d19e2afefcf7c5fab8666dda92f9de,142,3,False,False,23.154245305493724,0.1630580655316459,7.557136815186031,0.0,1,143,,evac_out_of_zone,sip_hospital,2,143,142,1.0,143.0,142.0,1.0,0.0,0.1630580655316459,1.0026925704789404,0.0,0.0,0.0,0.0,0.0,0.0,7.557136815186031,23.154245305493724,23.154245305493724,0.0,0.0,0.0809588996695584,0.7112155057144762,0.0,0.0,0.0,0.0,0.0,0.0,7.557136815186031,11.577122652746862,0.7114076959744892,7.480630153792256,4.984579514035875,7.801465899386221,9.257910299361956,38.88702710153002,14.9477856230095,19.51608691005216,5.1063829787234045,27.107077751265155,0.0,0.0,0.0,0.0,0.0,0.0,180.0,720.0,0.0354609929078014,0.0283687943262411,0.0212765957446808,0.971830985915493,0.971830985915493,0.028169014084507,0.028169014084507,93,93,3,3,0.9790209790209792,0.9790209790209792,1,1,8.039971675121663,0.0,48,7.557136815186031,7.557136815186031,48,0.0,0.0,47,evac_out_of_zone,extensive_displacement,extensive_displacement
68,3a085d1bc5fa41313c4e0910e7341af761b0f7db,142,3,False,False,134.23362806667882,0.9453072399061888,34.99736885741371,0.0,1,143,,evac_out_of_zone,evac_out_of_zone,2,143,142,1.0,143.0,142.0,1.0,0.0,0.9453072399061888,5.557672751271483,0.0,0.0,0.0,0.0,0.0,0.0,34.99736885741371,134.23362806667882,134.23362806667882,0.0,0.0,0.4693483498834924,3.9445221106447,0.0,0.0,0.0,0.0,0.0,0.0,34.99736885741371,67.11681403333941,3.925679799245928,34.36284566506507,13.37065439951146,32.161330338190766,34.82995217041512,430.0180329804718,6.349989993537199e-06,69.6599041773078,5.1063829787234045,26.03350673971475,0.0,0.0,0.0,0.0,0.0,0.0,180.0,720.0,0.0425531914893617,0.0283687943262411,0.0141843971631205,0.971830985915493,0.971830985915493,0.028169014084507,0.028169014084507,69,69,3,3,0.9790209790209792,0.9790209790209792,1,1,69.99473771482742,0.0,48,0.0,0.0,48,32.1194451759257,32.1194451759257,47,evac_out_of_zone,extensive_displacement,extensive_displacement
74,3d5bdf107de596ce77e8ce48a61b585f52bbb61d,142,3,False,False,109.77473361231756,0.7730615043120954,35.001237602891244,0.0,1,143,,evac_out_of_zone,evac_out_of_zone,2,143,142,1.0,143.0,142.0,1.0,0.0,0.7730615043120954,4.714546649858598,0.0,0.0,0.0,0.0,0.0,0.0,35.001237602891244,109.77473361231756,109.77473361231756,0.0,0.0,0.3838277399032082,3.3444217981804294,0.0,0.0,0.0,0.0,0.0,0.0,35.001237602891244,54.88736680615877,3.3452542788369173,34.62786545843606,31.440369063932405,15.40544869811399,35.01177882465414,484.3529926641808,8.314433480645522e-06,70.02355780015073,5.1063829787234045,27.91247877683993,0.0,0.0,0.0,0.0,0.0,0.0,180.0,720.0,0.0283687943262411,0.0283687943262411,0.0283687943262411,0.971830985915493,0.971830985915493,0.028169014084507,0.028169014084507,69,69,3,3,0.9790209790209792,0.9790209790209792,1,1,70.00247520578249,0.0,48,0.0,0.0,48,19.88612920326753,19.88612920326753,47,evac_out_of_zone,extensive_displacement,extensive_displacement
76,40bd001563085fc35165329ea1ff5c5ecbdbbeef,142,2,False,False,0.3137942069285422,0.0022098183586517,0.1568971034642711,0.0,1,143,,evac_out_of_zone,sip_home_grocery,2,143,142,1.0,143.0,142.0,1.0,0.0,0.0022098183586517,0.0184886668658502,0.0,0.0,0.0,0.0,0.0,0.0,0.1568971034642711,0.3137942069285422,0.3137942069285422,0.0,0.0,0.0010971825417081,0.0130744389262313,0.0,0.0,0.0,0.0,0.0,0.0,0.1568971034642711,0.1568971034642711,0.0130877743233629,0.1559588305193957,0.1558623949642999,0.0193353715481406,0.1570571321427717,0.0030136573170177,0.0,0.0,2.553191489361702,20.873661498029104,0.0,0.0,0.0,0.0,0.0,0.0,180.0,359.99999999999994,0.0141843971631205,0.0141843971631205,0.0141843971631205,0.9859154929577464,0.9859154929577464,0.0,0.0,92,92,2,2,0.986013986013986,0.986013986013986,1,1,0.0,0.0,48,0.3137942069285422,0.0,48,0.0,0.0,47,evac_out_of_zone,extensive_displacement,extensive_displacement
78,42d2a6ad49f93ab4b987b1a9e738425aacb8d2af,142,1,False,False,0.0,0.0,0.0,0.0,1,143,,evac_out_of_zone,sip_hospital,2,143,142,1.0,143.0,142.0,1.0,0.0,0.0,0.0,0.0,0.0,0.0,0.0,0.0,0.0,0.0,0.0,0.0,0.0,0.0,0.0,0.0,0.0,0.0,0.0,0.0,0.0,0.0,0.0,0.0,2.08163637513382e-28,2.08163637513382e-28,0.0,0.0,0.0,0.0,0.0,0.0,0.0,0.0,0.0,0.0,0.0,0.0,0.0,0.0,0.0,0.0,0.0,0.0,0.0,1.0,1.0,0.0,0.0,142,142,1,1,0.993006993006993,0.993006993006993,1,1,0.0,0.0,48,0.0,0.0,48,0.0,0.0,47,sip_hospital,extensive_displacement,intermediate_directed
79,431bf3b995a99c2cd6899b97187d1542a965cec9,142,3,False,False,57.73296923237108,0.4065702058617681,23.183256731896204,0.0,1,143,,sip_hospital,sip_hospital,1,143,142,1.0,143.0,142.0,1.0,0.0,0.4065702058617681,2.8034842991064077,0.0,0.0,0.0,0.0,0.0,0.0,23.183256731896204,57.73296923237108,57.73296923237108,0.0,0.0,0.2018635287845142,1.9858509677135556,0.0,0.0,0.0,0.0,0.0,0.0,23.183256731896204,28.866484616185534,1.9747731888049973,22.853193794346968,0.8084539798950954,23.03975151000596,23.05393128037884,18.626578804058347,5.954312499386688e-06,46.107861542783255,5.1063829787234045,25.756574474951897,0.0,0.0,0.0,0.0,0.0,0.0,180.0,720.0,0.0425531914893617,0.0283687943262411,0.0141843971631205,0.971830985915493,0.971830985915493,0.028169014084507,0.028169014084507,69,69,3,3,0.9790209790209792,0.9790209790209792,1,1,46.36651346379241,0.0,48,0.0,0.0,48,5.683227884289333,5.683227884289333,47,sip_hospital,intermediate_directed,intermediate_directed
80,450ddec8dd206c2e2ab1aeeaa90e85e51753b8b7,142,24,False,False,3002.7690966933324,21.14626124431924,765.6912828509004,0.0,1,143,,evac_out_of_zone,evac_out_of_zone,2,143,142,1.0,143.0,142.0,1.0,0.0,21.14626124431924,107.92963443213266,0.0,0.0,0.0,0.0,0.0,34.97687272735416,765.6912828509004,3002.7690966933324,3002.7690966933324,0.0,0.0,67.38518918487341,179.03095592996834,0.0,0.0,0.0,0.0,0.0,310.2722734263655,765.6912828509004,9636.082053436898,180.16172795791852,704.7201690468515,599.8704656676344,486.6524283780017,772.4475138328239,291928.418829397,1693.7954735505805,1545.559527261905,5.106382978723541,26.423287560147333,0.0,0.0,0.0,0.0,0.0,1.3994440598439476e-12,179.99999999999977,720.0000000000193,0.0283687943262411,0.0283687943262411,0.0283687943262411,0.823943661971831,0.823943661971831,0.176056338028169,0.176056338028169,68,68,24,24,0.8321678321678322,0.8321678321678322,1,1,1470.5643207258722,0.0,48,1532.20477596746,0.0,48,0.0,0.0,47,evac_out_of_zone,extensive_displacement,extensive_displacement
81,45cbe19f37712e7f4e2fcfe27422a2410971f95f,142,4,False,False,206.1344789572248,1.4516512602621463,42.77991645841752,0.0,1,143,,evac_out_of_zone,evac_out_of_zone,2,143,142,1.0,143.0,142.0,1.0,0.0,1.4516512602621463,7.066062825445896,0.0,0.0,0.0,0.0,0.0,0.0,42.77991645841752,206.1344789572248,206.1344789572248,0.0,0.0,0.720749926423863,5.031584366126732,0.0,0.0,0.0,0.0,0.0,0.0,42.77991645841752,103.0672394786124,5.033481947277401,42.07953039091035,38.75005341839989,18.17460608400287,42.80050170544172,704.266956613487,12.776058164459428,85.62892380926682,7.659574468085107,33.951009699000124,0.0,0.0,0.0,0.0,0.0,0.0,180.0,1080.0,0.0425531914893617,0.0425531914893617,0.0425531914893617,0.9577464788732394,0.9577464788732394,0.0422535211267605,0.0422535211267605,46,46,4,4,0.972027972027972,0.972027972027972,1,1,70.00247520578249,0.0,48,42.77991645841752,42.77991645841752,48,25.28608541730365,25.28608541730365,47,evac_out_of_zone,extensive_displacement,extensive_displacement
84,4af7f9edc0f545f4de769f2e9e763df919915cab,142,4,False,False,105.69475377703324,0.7443292519509382,34.4799977872406,0.0,1,143,,evac_out_of_zone,sip_hospital,2,143,142,1.0,143.0,142.0,1.0,0.0,0.7443292519509382,4.503147889887231,0.0,0.0,0.0,0.0,0.0,0.0,34.4799977872406,105.69475377703324,105.69475377703324,0.0,0.0,0.3695620761434728,3.1948031089154747,0.0,0.0,0.0,0.0,0.0,0.0,34.4799977872406,52.84737688851661,3.178325776708307,33.933146247419934,7.501856655416844,33.465773970003305,34.29629543682193,251.05543918554508,20.094820691863998,69.2568055704059,7.659574468085107,32.400669227038335,0.0,0.0,0.0,0.0,0.0,0.0,180.0,1080.0,0.0567375886524822,0.0425531914893617,0.0283687943262411,0.9577464788732394,0.9577464788732394,0.0422535211267605,0.0422535211267605,69,69,4,4,0.972027972027972,0.972027972027972,1,1,71.73587065813338,0.0,48,0.0,0.0,48,16.979441559449924,16.979441559449924,47,evac_out_of_zone,extensive_displacement,extensive_displacement
85,4afa8f9e90756f0f919a124a1dfbba19be004edc,142,5,False,False,150.53133014165996,1.0600797897299998,30.528759997950484,0.0,1,143,,evac_out_of_zone,sip_hospital,2,143,142,1.0,143.0,142.0,1.0,0.0,1.0600797897299998,4.976299954970707,0.0,0.0,0.0,0.0,0.0,0.0,30.528759997950484,150.53133014165996,150.53133014165996,0.0,0.0,0.5263333221736363,3.546283025072892,0.0,0.0,0.0,0.0,0.0,0.0,30.528759997950484,75.26566507082998,3.532549740858781,29.89660078627459,15.514483293673385,26.16523619400305,30.41905286095604,405.9401198068784,60.9749154101515,62.43599073359148,10.212765957446807,36.42214692846487,0.0,0.0,0.0,0.0,0.0,0.0,180.0,1440.0,0.0851063829787234,0.0567375886524822,0.0283687943262411,0.943661971830986,0.943661971830986,0.056338028169014,0.056338028169014,46,46,5,5,0.965034965034965,0.965034965034965,1,1,63.41229678923975,0.0,48,30.528759997950484,30.528759997950484,48,13.030756678259625,13.030756678259625,47,evac_out_of_zone,extensive_displacement,extensive_displacement
89,4cd66dfabbd964f8c6c4414b07cdb45dae692e19,142,20,False,False,2322.9961575233656,16.359127869882855,583.0539925887164,0.0,1,143,,evac_out_of_zone,evac_out_of_zone,2,143,142,1.0,143.0,142.0,1.0,0.0,16.359127869882855,82.1647678953167,0.0,0.0,0.0,0.0,0.0,34.90788837948181,583.0539925887164,2322.9961575233656,2322.9961575233656,0.0,0.0,45.61774013740478,133.88996458101312,0.0,0.0,0.0,0.0,0.0,169.08154861551506,598.7897316946936,6523.336839648884,134.70874373168851,557.7078559984448,527.9870468996588,292.4114458028771,603.5518000390285,154389.4557491207,4225.005798426646,1210.1858377224355,5.449231921795811,27.87827561237579,0.0,0.0,0.0,0.0,0.0,1.0432219355200337e-12,179.99999999999986,768.3417009732094,0.0283687943262411,0.0283687943262411,0.0283687943262411,0.852112676056338,0.852112676056338,0.1478873239436619,0.1478873239436619,67,67,20,20,0.8601398601398601,0.8601398601398601,1,1,1120.2024852310922,0.0,48,1202.7936722922734,0.0,48,0.0,0.0,47,evac_out_of_zone,extensive_displacement,extensive_displacement
92,4dea1daedbe9dc1d643b0f0eb8ab57c7d532f771,142,3,False,False,11.394194008875989,0.0802408028794083,4.842818915701214,0.0,1,143,,evac_out_of_zone,sip_home_grocery,2,143,142,1.0,143.0,142.0,1.0,0.0,0.0802408028794083,0.578068011806536,0.0,0.0,0.0,0.0,0.0,0.0,4.842818915701214,11.394194008875989,11.394194008875989,0.0,0.0,0.039839839191874,0.4092951016593299,0.0,0.0,0.0,0.0,0.0,0.0,4.842818915701214,5.697097004437993,0.4080569055296912,4.788830794020401,0.8040110393909804,5.60329710754859,5.660686550845663,4.505112731456616,0.2507159910785,11.326818439775025,5.1063829787234045,25.77905360267337,0.0,0.0,0.0,0.0,0.0,0.0,180.0,720.0,0.0425531914893617,0.0283687943262411,0.0141843971631205,0.971830985915493,0.971830985915493,0.028169014084507,0.0140845070422535,92,92,3,3,0.9790209790209792,0.9790209790209792,1,1,9.685637831402428,0.0,48,1.708556177473559,0.0,48,0.0,0.0,47,evac_out_of_zone,extensive_displacement,extensive_displacement
95,511a418e72591eb7e33f703f04c3fa16df6c90bd,142,20,False,False,1298.1355750675132,9.141799824419106,649.0164447662786,0.0,1,143,,sip_home_grocery,evac_out_of_zone,0,143,142,1.0,143.0,142.0,1.0,0.0,9.141799824419106,55.14263770684147,0.0,0.0,0.0,0.0,0.0,34.834412290482184,649.0164447662786,1298.1355750675132,1298.1355750675132,0.0,0.0,46.54272526227814,137.64026629286445,0.0,0.0,0.0,0.0,0.0,169.3243125898694,649.0164447662786,6655.609712505774,138.53024354144245,607.8827639901882,578.0516891988991,307.3455194040078,654.6793288957732,177661.59665919974,0.0004833297831923,1309.3586570609782,2.553191489361824,19.81636314401842,0.0,0.0,0.0,0.0,0.0,6.106664988409952e-13,179.9999999999997,360.0000000000172,0.0141843971631205,0.0141843971631205,0.0141843971631205,0.8591549295774648,0.8591549295774648,0.1408450704225352,0.1408450704225352,98,98,20,20,0.8601398601398601,0.8601398601398601,1,1,1298.135575067513,0.0,48,0.0,0.0,48,0.0,0.0,47,sip_home_grocery,compact_local,compact_local
96,524e05dc77239f3a15dab766aaa59a9e432efde7,142,3,False,False,11.460223537360529,0.0807057995588769,3.5444678468196527,0.0,1,143,,sip_hospital,sip_home_grocery,1,143,142,1.0,143.0,142.0,1.0,0.0,0.0807057995588769,0.4875613131316893,0.0,0.0,0.0,0.0,0.0,0.0,3.5444678468196527,11.460223537360529,11.460223537360529,0.0,0.0,0.0400707116690927,0.3459120104557707,0.0,0.0,0.0,0.0,0.0,0.0,3.5444678468196527,5.730111768680263,0.3482345668765471,3.536402912049501,5.568552073611308,0.7114949815901301,5.613821987322784,3.9619968550977593,1.8383685210575005,11.304478120675792,5.1063829787234045,28.760707982808302,0.0,0.0,0.0,0.0,0.0,0.0,180.0,720.0,0.0283687943262411,0.0283687943262411,0.0283687943262411,0.971830985915493,0.971830985915493,0.028169014084507,0.028169014084507,72,72,3,3,0.9790209790209792,0.9790209790209792,1,1,0.0,0.0,48,4.3712878437212215,0.0,48,7.088935693639305,0.0,47,sip_hospital,intermediate_directed,intermediate_directed
101,572e20738130fddc7c389f2ab14f4e4b22a97c39,142,4,False,False,33.65042744728467,0.236974841178061,14.880548507596242,0.0,1,143,,evac_out_of_zone,sip_home_grocery,2,143,142,1.0,143.0,142.0,1.0,0.0,0.236974841178061,1.759852086916791,0.0,0.0,0.0,0.0,0.0,0.0,14.880548507596242,33.65042744728467,33.65042744728467,0.0,0.0,0.117658837228268,1.2456923044482524,0.0,0.0,0.0,0.0,0.0,0.0,14.880548507596242,16.825213723642335,1.245239943276807,14.757280947414124,13.259579135405136,6.855429069118688,14.926933595678276,90.900104249136,4.235268521026496,29.903585491558296,7.659574468085107,34.82253279085331,0.0,0.0,0.0,0.0,0.0,0.0,180.0,1080.0,0.0425531914893617,0.0425531914893617,0.0425531914893617,0.9577464788732394,0.9577464788732394,0.028169014084507,0.028169014084507,68,68,4,4,0.972027972027972,0.972027972027972,1,1,29.761097015192483,0.0,48,0.8880648399579075,0.0,48,3.001265592134283,0.0,47,evac_out_of_zone,extensive_displacement,extensive_displacement
109,5d00f2c62873169a8720963189ff86b1f29d4958,142,1,False,False,0.0,0.0,0.0,0.0,1,143,,sip_hospital,sip_hospital,1,143,142,1.0,143.0,142.0,1.0,0.0,0.0,0.0,0.0,0.0,0.0,0.0,0.0,0.0,0.0,0.0,0.0,0.0,0.0,0.0,0.0,0.0,0.0,0.0,0.0,0.0,0.0,0.0,0.0,4.16327275026764e-28,4.16327275026764e-28,0.0,0.0,0.0,0.0,0.0,0.0,0.0,0.0,0.0,0.0,0.0,0.0,0.0,0.0,0.0,0.0,0.0,0.0,0.0,1.0,1.0,0.0,0.0,142,142,1,1,0.993006993006993,0.993006993006993,1,1,0.0,0.0,48,0.0,0.0,48,0.0,0.0,47,sip_hospital,intermediate_directed,intermediate_directed
111,5e796e48332af4142b10ca0f86e65d9bfdb05884,142,3,False,False,18.436363227843543,0.1298335438580531,5.02869817409327,0.0,1,143,,sip_hospital,sip_home_grocery,1,143,142,1.0,143.0,142.0,1.0,0.0,0.1298335438580531,0.7658443525154244,0.0,0.0,0.0,0.0,0.0,0.0,5.02869817409327,18.436363227843543,18.436363227843543,0.0,0.0,0.0644628084889634,0.5435273742807514,0.0,0.0,0.0,0.0,0.0,0.0,5.02869817409327,9.218181613921772,0.5443127535854942,4.9957548032908194,5.104975897975218,4.164541258308689,6.588185092350033,21.259882749789245,10.42979110681,15.39398636698806,5.1063829787234045,27.565798958137098,0.0,0.0,0.0,0.0,0.0,0.0,180.0,720.0,0.0354609929078014,0.0283687943262411,0.0212765957446808,0.971830985915493,0.971830985915493,0.028169014084507,0.028169014084507,70,70,3,3,0.9790209790209792,0.9790209790209792,1,1,10.05739634818654,0.0,48,0.0,0.0,48,8.378966879657005,0.0,47,sip_hospital,intermediate_directed,intermediate_directed
117,6216f8a75fd5bb3d5f22b6f9958cdede3fc086c2,142,4,False,False,40.55720292738459,0.2856141051224267,11.201897625687842,0.0,1,143,,evac_out_of_zone,sip_home_grocery,2,143,142,1.0,143.0,142.0,1.0,0.0,0.2856141051224267,1.627619946473671,0.0,0.0,0.0,0.0,0.0,0.0,11.201897625687842,40.55720292738459,40.55720292738459,0.0,0.0,0.141808401844002,1.1557263739192558,0.0,0.0,0.0,0.0,0.0,0.0,11.201897625687842,20.278601463692294,1.157303054068349,11.0893397966315,5.791155822706462,15.502445395159723,16.54881563716195,89.77707691636822,46.673646353342015,35.00902127906356,7.659574468085107,31.881715197733516,0.0,0.0,0.0,0.0,0.0,0.0,180.0,1080.0,0.0638297872340425,0.0425531914893617,0.0212765957446808,0.9577464788732394,0.9577464788732394,0.0422535211267605,0.028169014084507,68,68,4,4,0.972027972027972,0.972027972027972,1,1,16.453082748236678,0.0,48,1.7003249277722263,0.0,48,22.403795251375684,0.0,47,evac_out_of_zone,extensive_displacement,extensive_displacement
124,69e56976fc9bee70c1d2eaa85c0c8dea9f722a2f,142,4,False,False,13.704735412898405,0.0965122212175944,4.33395742762574,0.0,1,143,,sip_home_grocery,sip_home_grocery,0,143,142,1.0,143.0,142.0,1.0,0.0,0.0965122212175944,0.572282510020092,0.0,0.0,0.0,0.0,0.0,0.0,4.33395742762574,13.704735412898405,13.704735412898405,0.0,0.0,0.0479186552898545,0.4061244189325502,0.0,0.0,0.0,0.0,0.0,0.0,4.33395742762574,6.852367706449202,0.404704570775563,4.272373863335836,2.2106737796733547,3.729008651891332,4.335041416874316,8.243621650911251,2.621270629041,9.211111419446096,7.659574468085107,33.06437360038775,0.0,0.0,0.0,0.0,0.0,0.0,180.0,1080.0,0.0567375886524822,0.0425531914893617,0.0283687943262411,0.9577464788732394,0.9577464788732394,0.028169014084507,0.028169014084507,70,70,4,4,0.972027972027972,0.972027972027972,1,1,9.206440623426593,0.0,48,0.0,0.0,48,4.498294789471815,0.0,47,sip_home_grocery,compact_local,compact_local
129,6fb84aed32facd1299ee1e77c8fd2b1a6352669e,142,24,False,False,4156.132135721341,29.268536167051696,692.4314838581524,0.0,1,143,,evac_out_of_zone,evac_out_of_zone,2,143,142,1.0,143.0,142.0,1.0,0.0,29.268536167051696,126.42993625029874,0.0,0.0,0.0,0.0,0.0,35.0211231954294,692.4314838581524,4156.132135721341,4156.132135721341,0.0,0.0,70.74251829813024,181.20371876221984,0.0,0.0,0.0,0.0,0.0,344.9662800218897,692.4314838581524,10116.180116632624,182.23838065161328,626.4081928059462,537.4293650162505,444.5977083840031,697.4936879155805,238939.8641044949,2660.3721574446045,1396.312666896944,10.218171362959454,36.24370698059481,0.0,0.0,0.0,0.0,0.0,1.6029995594576124e-12,180.0,1440.762162177283,0.0638297872340425,0.0567375886524822,0.0496453900709219,0.8098591549295775,0.8098591549295775,0.1901408450704225,0.1901408450704225,69,69,24,24,0.8321678321678322,0.8321678321678322,1,1,1385.0364554259122,0.0,48,703.7791360669684,681.4019696882265,48,1385.9145745402338,0.0,47,evac_out_of_zone,extensive_displacement,extensive_displacement
130,708a77db476d737e54b8bf4663fc79b346d696d2,142,2,False,False,4.70873318440777,0.033160092847942,2.354366592203885,0.0,1,143,,evac_out_of_zone,sip_home_grocery,2,143,142,1.0,143.0,142.0,1.0,0.0,0.033160092847942,0.2774372416203159,0.0,0.0,0.0,0.0,0.0,0.0,2.354366592203885,4.70873318440777,4.70873318440777,0.0,0.0,0.0164641020433838,0.19619241872581,0.0,0.0,0.0,0.0,0.0,0.0,2.354366592203885,2.354366592203885,0.1953870023298024,2.328304846122715,1.09878214193006,2.071304484630772,2.344701359123579,2.2759123782119386,0.0,0.0,2.5531914893617023,18.68793653676358,0.0,0.0,0.0,0.0,0.0,0.0,180.0,360.0,0.0212765957446808,0.0141843971631205,0.0070921985815602,0.9859154929577464,0.9859154929577464,0.0140845070422535,0.0140845070422535,116,116,2,2,0.986013986013986,0.986013986013986,1,1,4.70873318440777,0.0,48,0.0,0.0,48,0.0,0.0,47,evac_out_of_zone,extensive_displacement,extensive_displacement
132,7224f997fc148baa0b7f81c1eda6fcc3fd003db0,142,4,False,False,11.488828925139169,0.0809072459516842,3.9128616061541313,0.0,1,143,,evac_out_of_zone,sip_home_grocery,2,143,142,1.0,143.0,142.0,1.0,0.0,0.0809072459516842,0.4852212822034822,0.0,0.0,0.0,0.0,0.0,0.0,3.9128616061541313,11.488828925139169,11.488828925139169,0.0,0.0,0.0401707305074796,0.3442862852722514,0.0,0.0,0.0,0.0,0.0,0.0,3.9128616061541313,5.744414462569583,0.344644286775433,3.877031051157781,3.8935162702643735,0.4271572126652736,3.9168778677851774,1.663143557473022,0.534774401994,7.876680133881898,7.659574468085107,34.82653188025719,0.0,0.0,0.0,0.0,0.0,0.0,180.0,1080.0,0.0425531914893617,0.0425531914893617,0.0425531914893617,0.9577464788732394,0.9577464788732394,0.0422535211267605,0.028169014084507,70,70,4,4,0.972027972027972,0.972027972027972,1,1,2.453170188640385,0.0,48,1.20993552419052,0.0,48,7.8257232123082625,0.0,47,evac_out_of_zone,extensive_displacement,extensive_displacement
133,7320828c9153b2a9848d6bc45d3544236b22fc48,142,4,False,False,22.858724749886548,0.1609769348583559,4.027683839944698,0.0,1,143,,sip_home_grocery,sip_home_grocery,0,143,142,1.0,143.0,142.0,1.0,0.0,0.1609769348583559,0.7671025946852791,0.0,0.0,0.0,0.0,0.0,0.0,4.027683839944698,22.858724749886548,22.858724749886548,0.0,0.0,0.0799256110135893,0.5464830894962392,0.0,0.0,0.0,0.0,0.0,0.0,4.027683839944698,11.429362374943274,0.5479470389811085,3.969439297213274,3.655849121108565,4.664348393471857,5.926329279747605,17.052153974818236,8.634150418086001,13.146780823517052,7.659574468085107,34.27917030889368,0.0,0.0,0.0,0.0,0.0,0.0,180.0,1080.0,0.0496453900709219,0.0425531914893617,0.0354609929078014,0.9577464788732394,0.9577464788732394,0.0422535211267605,0.0422535211267605,48,48,4,4,0.972027972027972,0.972027972027972,1,1,0.0,0.0,48,15.358073641941829,0.0,48,7.500651107944719,0.0,47,sip_home_grocery,compact_local,compact_local
136,752ae7bdbb96bf25280b55990570beabf2048ce0,142,3,False,False,10.53777875388646,0.0742097095344117,2.7824771387086744,0.0,1,143,,evac_out_of_zone,sip_home_grocery,2,143,142,1.0,143.0,142.0,1.0,0.0,0.0742097095344117,0.4365908597439148,0.0,0.0,0.0,0.0,0.0,0.0,2.7824771387086744,10.53777875388646,10.53777875388646,0.0,0.0,0.0368453802583442,0.3098645159976373,0.0,0.0,0.0,0.0,0.0,0.0,2.7824771387086744,5.26888937694323,0.3097066855876489,2.745807974755361,2.5173296227738247,1.4745946614387806,2.917426579236975,3.712040822823981,0.6720933199879997,5.860131046167435,5.1063829787234045,27.63230073548768,0.0,0.0,0.0,0.0,0.0,0.0,180.0,720.0,0.0283687943262411,0.0283687943262411,0.0283687943262411,0.971830985915493,0.971830985915493,0.028169014084507,0.028169014084507,72,72,3,3,0.9790209790209792,0.9790209790209792,1,1,0.0,0.0,48,4.972824476469111,0.0,48,5.564954277417349,0.0,47,evac_out_of_zone,extensive_displacement,extensive_displacement
137,761f22b2c1593d0bb87e0b606f990ba4974706de,142,27,False,False,4983.537946788822,35.095337653442414,619.4098478877552,0.0,1,143,,evac_out_of_zone,evac_out_of_zone,2,143,142,1.0,143.0,142.0,1.0,0.0,35.095337653442414,130.5406597427083,0.0,0.0,0.0,0.0,0.0,35.04711969858359,619.4098478877552,4983.537946788822,4983.537946788822,0.0,0.0,75.76224255716743,181.17419284498845,0.0,0.0,0.0,0.0,0.0,414.2312745390423,626.738576623503,10834.000685674942,181.79899381606904,553.3955049311547,420.9642666002877,474.70225390199954,634.4707586752572,199832.6861673588,13682.189318011562,1277.9577230842713,14.423508994975103,42.352328757262114,0.0,0.0,0.0,0.0,0.0,46.7461614608518,179.99999999999963,2033.7147682914892,0.1276595744680851,0.0709219858156028,0.0425531914893617,0.7887323943661971,0.7887323943661971,0.2112676056338028,0.2112676056338028,44,44,27,27,0.8111888111888113,0.8111888111888113,1,1,1190.3387027784772,0.0,48,1933.7089155780557,613.8581473797868,48,1245.6321810525037,0.0,47,evac_out_of_zone,extensive_displacement,extensive_displacement
140,775bc5c30e27f0e562115d136e7f7edbd3cead89,142,3,False,False,17.938335788410182,0.1263263083690858,6.302447093884164,0.0,1,143,,sip_hospital,sip_home_grocery,1,143,142,1.0,143.0,142.0,1.0,0.0,0.1263263083690858,0.8022784221226459,0.0,0.0,0.0,0.0,0.0,0.0,6.302447093884164,17.938335788410182,17.938335788410182,0.0,0.0,0.06272145380563,0.5688270347327126,0.0,0.0,0.0,0.0,0.0,0.0,6.302447093884164,8.969167894205091,0.5672530409145605,6.222381555773459,4.136663136337876,4.731634278381852,6.2849299795538585,19.573177094014877,0.0414131671405011,12.56991596420695,5.1063829787234045,26.677411359072924,0.0,0.0,0.0,0.0,0.0,0.0,180.0,720.0,0.0425531914893617,0.0283687943262411,0.0141843971631205,0.971830985915493,0.971830985915493,0.028169014084507,0.028169014084507,48,48,3,3,0.9790209790209792,0.9790209790209792,1,1,0.0,0.0,48,12.604894187768329,0.0,48,5.333441600641856,0.0,47,sip_hospital,intermediate_directed,intermediate_directed
141,77de68daecd823babbb58edb1c8e14d7106e83bb,142,23,False,False,1528.5567744839818,10.764484327351983,764.1974747823787,0.0,1,143,,evac_out_of_zone,evac_out_of_zone,2,143,142,1.0,143.0,142.0,1.0,0.0,10.764484327351983,64.68439010395153,0.0,0.0,0.0,0.0,0.0,34.90247494841522,764.1974747823787,1528.5567744839818,1528.5567744839818,0.0,0.0,62.13373645810562,169.64817469767507,0.0,0.0,0.0,0.0,0.0,275.2479007149973,764.1974747823787,8885.124313509104,170.77766428834298,708.9953857700898,630.711262202412,444.2566981679959,771.4665969023478,280197.70284341264,0.0006031196205542,1542.933193280248,2.553191489361881,19.51462981588633,0.0,0.0,0.0,0.0,0.0,1.1958885602302825e-12,179.99999999999986,360.00000000002524,0.0141843971631205,0.0141843971631205,0.0141843971631205,0.8380281690140845,0.8380281690140845,0.1619718309859155,0.1619718309859155,95,95,23,23,0.8391608391608392,0.8391608391608392,1,1,1528.5567744839818,0.0,48,0.0,0.0,48,0.0,0.0,47,evac_out_of_zone,extensive_displacement,extensive_displacement
147,7f35419a058e19d2b75e962dba149bddedec7606,142,3,False,False,26.438279529871085,0.1861850671117682,9.234494395330003,0.0,1,143,,evac_out_of_zone,sip_hospital,2,143,142,1.0,143.0,142.0,1.0,0.0,0.1861850671117682,1.1789950305991732,0.0,0.0,0.0,0.0,0.0,0.0,9.234494395330003,26.438279529871085,26.438279529871085,0.0,0.0,0.092441536817731,0.8359546607624704,0.0,0.0,0.0,0.0,0.0,0.0,9.234494395330003,13.219139764935544,0.8341384245435963,9.116525085968084,3.988585776944164,8.668434400150971,9.54204231020603,34.57479415681568,17.262262864149996,21.88034667988007,5.1063829787234045,27.960196847671405,0.0,0.0,0.0,0.0,0.0,0.0,180.0,720.0,0.0354609929078014,0.0283687943262411,0.0212765957446808,0.971830985915493,0.971830985915493,0.028169014084507,0.028169014084507,93,93,3,3,0.9790209790209792,0.9790209790209792,1,1,7.969290739211078,0.0,48,9.234494395330003,9.234494395330003,48,0.0,0.0,47,evac_out_of_zone,extensive_displacement,extensive_displacement
148,80e28a51cbc26fa4bd34938c5e593b36146f5e0c,142,19,False,False,3351.230639020032,23.600215767746704,560.6554263376669,0.0,1,143,,evac_out_of_zone,evac_out_of_zone,2,143,142,1.0,143.0,142.0,1.0,0.0,23.600215767746704,102.80807330530824,0.0,0.0,0.0,0.0,0.0,34.94027812983027,560.6554263376669,3351.230639020032,3351.230639020032,0.0,0.0,41.18437895616,124.59877899627804,0.0,0.0,0.0,0.0,0.0,133.93259321513574,560.6554263376669,5889.36619073088,125.32842942133767,523.4251343044003,490.1234905161709,282.3860926800013,565.6526684236833,138404.0574175452,2384.2516303303537,1135.1739363953538,7.659574468085177,33.63308904731936,0.0,0.0,0.0,0.0,0.0,5.597776239375789e-13,180.0,1080.00000000001,0.0425531914893617,0.0425531914893617,0.0425531914893617,0.852112676056338,0.852112676056338,0.1478873239436619,0.1478873239436619,46,46,19,19,0.8671328671328671,0.8671328671328671,1,1,1115.837182540979,0.0,48,560.6554263376669,560.6554263376669,48,557.0413019018595,557.0413019018595,47,evac_out_of_zone,extensive_displacement,extensive_displacement
152,828f720439cefaeb3acc7a7babce0a28abaa07a3,142,2,False,False,4.6279970120496685,0.0325915282538709,2.3139985060248343,0.0,1,143,,sip_home_grocery,sip_hospital,0,143,142,1.0,143.0,142.0,1.0,0.0,0.0325915282538709,0.272680288936697,0.0,0.0,0.0,0.0,0.0,0.0,2.3139985060248343,4.6279970120496685,4.6279970120496685,0.0,0.0,0.0161818077344394,0.1928284937988147,0.0,0.0,0.0,0.0,0.0,0.0,2.3139985060248343,2.3139985060248343,0.1918045617985611,2.2856151403061733,0.4654344961334642,2.254161564008472,2.301711021575935,1.049164551747705,0.0,0.0,2.5531914893617023,18.44160020374028,0.0,0.0,0.0,0.0,0.0,0.0,180.0,360.0,0.0212765957446808,0.0141843971631205,0.0070921985815602,0.9859154929577464,0.9859154929577464,0.0140845070422535,0.0140845070422535,93,93,2,2,0.986013986013986,0.986013986013986,1,1,0.0,0.0,48,2.3139985060248343,2.3139985060248343,48,0.0,0.0,47,sip_home_grocery,compact_local,compact_local
155,87d538ef1c1db71603e60f278446c86470162380,142,1,False,False,0.0,0.0,0.0,0.0,1,143,,sip_hospital,sip_home_grocery,1,143,142,1.0,143.0,142.0,1.0,0.0,0.0,0.0,0.0,0.0,0.0,0.0,0.0,0.0,0.0,0.0,0.0,0.0,0.0,0.0,0.0,0.0,0.0,0.0,0.0,0.0,0.0,0.0,0.0,1.0097419586828951e-28,1.0097419586828951e-28,0.0,0.0,0.0,0.0,0.0,0.0,0.0,0.0,0.0,0.0,0.0,0.0,0.0,0.0,0.0,0.0,0.0,0.0,0.0,1.0,1.0,0.0,0.0,142,142,1,1,0.993006993006993,0.993006993006993,1,1,0.0,0.0,48,0.0,0.0,48,0.0,0.0,47,sip_hospital,intermediate_directed,intermediate_directed
156,887309d048beef83ad3eabf2a79a64a389ab1c9f,142,17,False,False,2055.9734582265623,14.478686325539172,514.5985247701884,0.0,1,143,,sip_home_grocery,evac_out_of_zone,0,143,142,1.0,143.0,142.0,1.0,0.0,14.478686325539172,74.10980376758087,0.0,0.0,0.0,0.0,0.0,34.89151486703771,514.5985247701884,2055.9734582265623,2055.9734582265623,0.0,0.0,32.937213984000465,106.4448117821418,0.0,0.0,0.0,0.0,0.0,63.30232834491101,514.5985247701884,4710.021599712067,106.46783307878586,482.2757744068585,284.8075152304376,432.194180508,517.5974598051247,123092.1506475387,1538.9323701005933,1035.3591117349963,5.106382978723572,26.358448437417763,0.0,0.0,0.0,0.0,0.0,1.933777246329818e-12,180.0,720.0000000000235,0.0425531914893617,0.0283687943262411,0.0141843971631205,0.8732394366197183,0.8732394366197183,0.1267605633802817,0.1267605633802817,69,69,17,17,0.8811188811188811,0.8811188811188811,1,1,1029.2339920693255,0.0,48,1026.7394661572366,0.0,48,0.0,0.0,47,sip_home_grocery,compact_local,compact_local
157,8b7471f4ae0bf59f5f0a425068c05d96f4801b9e,142,2,False,False,18.022173728066434,0.126916716394834,9.011086864033215,0.0,1,143,,evac_out_of_zone,sip_home_grocery,2,143,142,1.0,143.0,142.0,1.0,0.0,0.126916716394834,1.0618614330651956,0.0,0.0,0.0,0.0,0.0,0.0,9.011086864033215,18.022173728066434,18.022173728066434,0.0,0.0,0.0630145934547777,0.7509055442160951,0.0,0.0,0.0,0.0,0.0,0.0,9.011086864033215,9.011086864033215,0.7512412360843597,8.952072500861746,8.47542223839873,3.0723803672775647,9.01511526495232,26.03972088964393,0.0,0.0,2.5531914893617023,20.19438038703457,0.0,0.0,0.0,0.0,0.0,0.0,180.0,360.0,0.0141843971631205,0.0141843971631205,0.0141843971631205,0.9859154929577464,0.9859154929577464,0.0140845070422535,0.0140845070422535,120,120,2,2,0.986013986013986,0.986013986013986,1,1,0.0,0.0,48,0.0,0.0,48,18.022173728066434,0.0,47,evac_out_of_zone,extensive_displacement,extensive_displacement
158,8bd7954c40c1e59a900f71ea3a266732609915b1,142,2,False,False,5.682077608759436,0.0400146310476016,2.841038804379718,0.0,1,143,,evac_out_of_zone,sip_home_grocery,2,143,142,1.0,143.0,142.0,1.0,0.0,0.0400146310476016,0.3347864227403765,0.0,0.0,0.0,0.0,0.0,0.0,2.841038804379718,5.682077608759436,5.682077608759436,0.0,0.0,0.0198674042264315,0.2367474447568407,0.0,0.0,0.0,0.0,0.0,0.0,2.841038804379718,2.841038804379718,0.2354376953463367,2.8055639346447294,0.255018721768404,2.813788659124313,2.825321427142228,0.7175687871763139,0.0,0.0,2.5531914893617023,18.39952364661581,0.0,0.0,0.0,0.0,0.0,0.0,180.0,360.0,0.0212765957446808,0.0141843971631205,0.0070921985815602,0.9859154929577464,0.9859154929577464,0.0140845070422535,0.0140845070422535,138,138,2,2,0.986013986013986,0.986013986013986,1,1,5.682077608759436,0.0,48,0.0,0.0,48,0.0,0.0,47,evac_out_of_zone,extensive_displacement,extensive_displacement
159,8e63fd3e77796b102589b1ba1e4441c7982e4132,142,19,False,False,2238.715460052968,15.765601831358929,555.8366163368042,0.0,1,143,,sip_hospital,evac_out_of_zone,1,143,142,1.0,143.0,142.0,1.0,0.0,15.765601831358929,79.93489882812459,0.0,0.0,0.0,0.0,0.0,34.859294310176445,555.8366163368042,2238.715460052968,2238.715460052968,0.0,0.0,37.2895939953694,116.53025843433336,0.0,0.0,0.0,0.0,0.0,98.71545799761552,555.8366163368042,5332.411941337825,117.25174404771091,522.6641522628465,507.2836239110681,261.70803282678,570.8132527669701,132760.1992990057,649.5506822948814,1141.8420434030534,7.659574468085174,33.99811200949814,0.0,0.0,0.0,0.0,0.0,5.852220613892872e-13,180.0,1080.0000000000095,0.0425531914893617,0.0425531914893617,0.0425531914893617,0.852112676056338,0.852112676056338,0.1478873239436619,0.1478873239436619,93,93,19,19,0.8671328671328671,0.8671328671328671,1,1,1127.0422273793597,0.0,48,555.8366163368042,555.8366163368042,48,0.0,0.0,47,sip_hospital,intermediate_directed,intermediate_directed
164,9109c85a45b703f87f1413a405549a2cea9ab556,142,21,False,False,3698.204357221337,26.04369265648829,615.9856682349576,0.0,1,143,,evac_out_of_zone,evac_out_of_zone,2,143,142,1.0,143.0,142.0,1.0,0.0,26.04369265648829,113.0181895399284,0.0,0.0,0.0,0.0,0.0,34.974820970551555,615.9856682349576,3698.204357221337,3698.204357221337,0.0,0.0,54.78166671752567,151.49558780820976,0.0,0.0,0.0,0.0,0.0,239.51758100327743,615.9856682349576,7833.778340606171,152.46287909665674,565.760061813196,538.4984466271975,315.0870262919982,623.9073738604466,169673.87421062397,3412.5680125134613,1250.1118730888795,7.6713382152962115,31.85208632999789,0.0,0.0,0.0,0.0,0.0,1.144999685326866e-12,180.0,1081.658688356766,0.0496453900709219,0.0425531914893617,0.0354609929078014,0.8309859154929577,0.8309859154929577,0.1690140845070422,0.1690140845070422,69,69,21,21,0.8531468531468531,0.8531468531468531,1,1,1232.0596735838556,0.0,48,1851.3955920076849,614.7490916297962,48,0.0,0.0,47,evac_out_of_zone,extensive_displacement,extensive_displacement
165,91dfde1d6e005e422f64a59776234f1f4c80b5e4,142,1,False,False,0.0,0.0,0.0,0.0,1,143,,sip_hospital,sip_home_grocery,1,143,142,1.0,143.0,142.0,1.0,0.0,0.0,0.0,0.0,0.0,0.0,0.0,0.0,0.0,0.0,0.0,0.0,0.0,0.0,0.0,0.0,0.0,0.0,0.0,0.0,0.0,0.0,0.0,0.0,0.0,0.0,0.0,0.0,0.0,0.0,0.0,0.0,0.0,0.0,0.0,0.0,0.0,0.0,0.0,0.0,0.0,0.0,0.0,0.0,0.0,1.0,1.0,0.0,0.0,142,142,1,1,0.993006993006993,0.993006993006993,1,1,0.0,0.0,48,0.0,0.0,48,0.0,0.0,47,sip_hospital,intermediate_directed,intermediate_directed
166,92cfceb39d57d914ed8b14d0e37643de0797ae56,142,19,False,False,1260.393380533042,8.876009722063674,630.1515368848225,0.0,1,143,,sip_home_grocery,evac_out_of_zone,0,143,142,1.0,143.0,142.0,1.0,0.0,8.876009722063674,53.60071730638258,0.0,0.0,0.0,0.0,0.0,34.85040018430944,630.1515368848225,1260.393380533042,1260.393380533042,0.0,0.0,41.98644141330352,128.0254901816206,0.0,0.0,0.0,0.0,0.0,133.99980027375292,630.1515368848225,6004.061122102403,128.79926439866716,593.0709515601292,586.751595962104,243.508229965998,635.2745024202133,142878.84256245635,0.0001623388154794,1270.5490049364962,2.55319148936176,20.06776295234548,0.0,0.0,0.0,0.0,0.0,5.597776239375789e-13,179.9999999999997,360.0000000000082,0.0141843971631205,0.0141843971631205,0.0141843971631205,0.8661971830985915,0.8661971830985915,0.1338028169014084,0.1338028169014084,99,99,19,19,0.8671328671328671,0.8671328671328671,1,1,1260.393380533042,0.0,48,0.0,0.0,48,0.0,0.0,47,sip_home_grocery,compact_local,compact_local
169,95e815d1541bf6f358cfffbe66ab3af0d0c09d09,142,1,False,False,0.0,0.0,0.0,0.0,1,143,,sip_hospital,sip_home_grocery,1,143,142,1.0,143.0,142.0,1.0,0.0,0.0,0.0,0.0,0.0,0.0,0.0,0.0,0.0,0.0,0.0,0.0,0.0,0.0,0.0,0.0,0.0,0.0,0.0,0.0,0.0,0.0,0.0,0.0,1.0097419586828951e-28,1.0097419586828951e-28,0.0,0.0,0.0,0.0,0.0,0.0,0.0,0.0,0.0,0.0,0.0,0.0,0.0,0.0,0.0,0.0,0.0,0.0,0.0,1.0,1.0,0.0,0.0,142,142,1,1,0.993006993006993,0.993006993006993,1,1,0.0,0.0,48,0.0,0.0,48,0.0,0.0,47,sip_hospital,intermediate_directed,intermediate_directed
170,972a67c48192728a34979d9a35164c1295401b71,142,19,False,False,2397.0477918209235,16.880618252260025,600.538770892155,0.0,1,143,,evac_out_of_zone,evac_out_of_zone,2,143,142,1.0,143.0,142.0,1.0,0.0,16.880618252260025,85.94554525431433,0.0,0.0,0.0,0.0,0.0,34.88153254997276,600.538770892155,2397.0477918209235,2397.0477918209235,0.0,0.0,45.92309267599771,135.0841910519562,0.0,0.0,0.0,0.0,0.0,169.18592263143762,600.538770892155,6567.002252667672,135.9283330295714,559.1259812981009,536.3678042641445,287.08869432599806,608.3669450758696,153985.13260469574,3169.719789444876,1216.829666408409,5.12058040256048,25.8872777079735,0.0,0.0,0.0,0.0,0.0,1.0941108104234498e-12,179.9999999999994,722.0018367610276,0.0354609929078014,0.0283687943262411,0.0212765957446808,0.852112676056338,0.852112676056338,0.1478873239436619,0.1478873239436619,68,68,19,19,0.8671328671328671,0.8671328671328671,1,1,1189.833598207104,0.0,48,1207.2141936138194,0.0,48,0.0,0.0,47,evac_out_of_zone,extensive_displacement,extensive_displacement
171,982fd8b711279888a3b54f5af24f185041d22ee6,142,2,False,False,37.21098414951513,0.2620491841515149,18.605492074757564,0.0,1,143,,evac_out_of_zone,sip_hospital,2,143,142,1.0,143.0,142.0,1.0,0.0,0.2620491841515149,2.1924607736543944,0.0,0.0,0.0,0.0,0.0,0.0,18.605492074757564,37.21098414951513,37.21098414951513,0.0,0.0,0.1301083361871158,1.550419762078611,0.0,0.0,0.0,0.0,0.0,0.0,18.605492074757564,18.605492074757564,1.543841498998132,18.39699468696149,7.95479338271409,16.73183653199802,18.5265509875739,133.09830252539172,0.0,0.0,2.5531914893617023,18.636879484459705,0.0,0.0,0.0,0.0,0.0,0.0,180.0,360.0,0.0212765957446808,0.0141843971631205,0.0070921985815602,0.9859154929577464,0.9859154929577464,0.0140845070422535,0.0140845070422535,138,138,2,2,0.986013986013986,0.986013986013986,1,1,37.21098414951513,0.0,48,0.0,0.0,48,0.0,0.0,47,evac_out_of_zone,extensive_displacement,extensive_displacement
172,98fbc42faedc02492397cb5962ea3a3ffc0a9243,142,29,False,False,5655.583982773196,39.828056216712646,698.9085163051795,0.0,1,143,,evac_out_of_zone,evac_out_of_zone,2,143,142,1.0,143.0,142.0,1.0,0.0,39.828056216712646,148.69870452450914,0.0,0.0,0.0,0.0,0.0,35.08217422995187,698.9085163051795,5655.583982773196,5655.583982773196,0.0,0.0,90.1581733340161,207.90557073127337,0.0,0.0,0.0,0.0,0.0,484.3816351563832,713.0882481216776,12892.618786764302,208.58455927880092,626.6886154795421,492.1828031089824,539.3202620399979,730.1439972519855,265444.1583443171,19069.147759619835,1469.3627541152323,13.551331194191102,41.800536686258525,0.0,0.0,0.0,0.0,4.834443115824545e-13,50.61814697914837,180.0,1910.7376983809452,0.1134751773049645,0.0709219858156028,0.0425531914893617,0.7746478873239436,0.7746478873239436,0.2253521126760563,0.2253521126760563,43,43,29,29,0.7972027972027972,0.7972027972027972,1,1,1384.941759372963,0.0,48,2163.544714910945,690.959108112265,48,1416.138400377023,0.0,47,evac_out_of_zone,extensive_displacement,extensive_displacement
176,9a70776c743352cfcf688e52512673332e5e4007,142,2,False,False,3.315298250064041,0.0233471707750988,1.6576491250320204,0.0,1,143,,sip_hospital,sip_hospital,1,143,142,1.0,143.0,142.0,1.0,0.0,0.0233471707750988,0.1953364452018982,0.0,0.0,0.0,0.0,0.0,0.0,1.6576491250320204,3.315298250064041,3.315298250064041,0.0,0.0,0.0115919519233008,0.1381340494363383,0.0,0.0,0.0,0.0,0.0,0.0,1.6576491250320204,1.6576491250320204,0.1382710229441556,1.6476894008323582,1.64419077234022,0.2233594800068647,1.6592928473170934,0.3672455959419969,0.0,0.0,2.5531914893617023,20.836332173160425,0.0,0.0,0.0,0.0,0.0,0.0,180.0,360.0,0.0141843971631205,0.0141843971631205,0.0141843971631205,0.9859154929577464,0.9859154929577464,0.0140845070422535,0.0140845070422535,93,93,2,2,0.986013986013986,0.986013986013986,1,1,0.0,0.0,48,1.6576491250320204,1.6576491250320204,48,0.0,0.0,47,sip_hospital,intermediate_directed,intermediate_directed
179,9d8974baddfc0e53300829f37e5fc88b0f5ce61b,142,3,False,False,12.274494626098924,0.0864401030006966,5.334477382625916,0.0,1,143,,sip_hospital,sip_home_grocery,1,143,142,1.0,143.0,142.0,1.0,0.0,0.0864401030006966,0.6343521061732699,0.0,0.0,0.0,0.0,0.0,0.0,5.334477382625916,12.274494626098924,12.274494626098924,0.0,0.0,0.0429178133779682,0.4490681203648265,0.0,0.0,0.0,0.0,0.0,0.0,5.334477382625916,6.137247313049461,0.4475826837564319,5.274210576007763,3.0718225547873024,4.339669534403023,5.316843563236156,13.330694756102517,0.4650894318519992,10.656445229402957,5.1063829787234045,26.234110345686744,0.0,0.0,0.0,0.0,0.0,0.0,180.0,720.0,0.0425531914893617,0.0283687943262411,0.0141843971631205,0.971830985915493,0.971830985915493,0.028169014084507,0.0140845070422535,116,116,3,3,0.9790209790209792,0.9790209790209792,1,1,10.668954765251833,0.0,48,0.0,0.0,48,1.605539860847092,0.0,47,sip_hospital,intermediate_directed,intermediate_directed
181,9e44d2771c052d44058245eda6cb334689ca78cc,142,2,False,False,21.563287910730583,0.1518541402164125,10.781643955365292,0.0,1,143,,evac_out_of_zone,sip_home_grocery,2,143,142,1.0,143.0,142.0,1.0,0.0,0.1518541402164125,1.2705028898277295,0.0,0.0,0.0,0.0,0.0,0.0,10.781643955365292,21.563287910730583,21.563287910730583,0.0,0.0,0.075396111575981,0.8984483607812112,0.0,0.0,0.0,0.0,0.0,0.0,10.781643955365292,10.781643955365292,0.8992668709701186,10.71600151837723,10.547887704867303,2.2798706660188555,10.79146631780242,24.04781976678792,0.0,0.0,2.5531914893617023,20.59188065826866,0.0,0.0,0.0,0.0,0.0,0.0,180.0,360.0,0.0141843971631205,0.0141843971631205,0.0141843971631205,0.9859154929577464,0.9859154929577464,0.0140845070422535,0.0140845070422535,92,92,2,2,0.986013986013986,0.986013986013986,1,1,0.0,0.0,48,21.563287910730583,0.0,48,0.0,0.0,47,evac_out_of_zone,extensive_displacement,extensive_displacement
182,9e6a55b6b4563e652a23be9d623ca5055c356940,142,10,False,False,1304.3267810213486,9.185399866347526,224.92447309558244,0.0,1,143,,evac_out_of_zone,evac_out_of_zone,2,143,142,1.0,143.0,142.0,1.0,0.0,9.185399866347526,40.29419824373808,0.0,0.0,0.0,0.0,0.0,0.0,224.92447309558244,1304.3267810213486,1304.3267810213486,0.0,0.0,9.7498111984119,41.21452233652506,0.0,0.0,0.0,0.0,0.0,0.0,224.92447309558244,1394.223001372902,41.16723443856629,214.79469843187357,214.4965558569,66.3595486380008,224.52697425902173,14233.894631069608,1068.4200417687796,455.3722724193988,7.694681928316674,33.354299231856594,0.0,0.0,0.0,0.0,0.0,5.852220613892872e-13,180.0,1084.950151892651,0.0496453900709219,0.0425531914893617,0.0354609929078014,0.9154929577464788,0.9154929577464788,0.0845070422535211,0.0845070422535211,69,69,10,10,0.93006993006993,0.93006993006993,1,1,419.9600283948461,0.0,48,659.44227953092,224.92447309558244,48,0.0,0.0,47,evac_out_of_zone,extensive_displacement,extensive_displacement
185,a02b857f2eff73e8e188f35529dd91f8144b23b9,142,3,False,False,64.64482404508605,0.4552452397541271,19.79867224903083,0.0,1,143,,sip_hospital,sip_hospital,1,143,142,1.0,143.0,142.0,1.0,0.0,0.4552452397541271,2.7427673301180366,0.0,0.0,0.0,0.0,0.0,0.0,19.79867224903083,64.64482404508605,64.64482404508605,0.0,0.0,0.2260308533044966,1.9459939455573885,0.0,0.0,0.0,0.0,0.0,0.0,19.79867224903083,32.32241202254303,1.944062766402357,19.54372245973841,14.446529868382996,13.488258816002096,19.76449723938204,194.85853385785452,41.277847212147485,41.27585414555013,5.1063829787234045,27.517137231068915,0.0,0.0,0.0,0.0,0.0,0.0,180.0,720.0,0.0283687943262411,0.0283687943262411,0.0283687943262411,0.971830985915493,0.971830985915493,0.028169014084507,0.028169014084507,93,93,3,3,0.9790209790209792,0.9790209790209792,1,1,39.59734449806166,0.0,48,12.523739773512196,12.523739773512196,48,0.0,0.0,47,sip_hospital,intermediate_directed,intermediate_directed
186,a1422e6a168630cdd214ac5e31ca01ae1bee8d92,142,2,False,False,29.439843054204108,0.207322838409888,14.719921527102054,0.0,1,143,,evac_out_of_zone,sip_home_grocery,2,143,142,1.0,143.0,142.0,1.0,0.0,0.207322838409888,1.7345873148513675,0.0,0.0,0.0,0.0,0.0,0.0,14.719921527102054,29.439843054204108,29.439843054204108,0.0,0.0,0.1029365141755388,1.2266301337350018,0.0,0.0,0.0,0.0,0.0,0.0,14.719921527102054,14.719921527102054,1.2200746951312438,14.538867946347915,2.683876572280086,14.39316279360385,14.641254340336284,38.62947242276677,0.0,0.0,2.5531914893617023,18.432161775568854,0.0,0.0,0.0,0.0,0.0,0.0,180.0,360.0,0.0212765957446808,0.0141843971631205,0.0070921985815602,0.9859154929577464,0.9859154929577464,0.0140845070422535,0.0140845070422535,138,138,2,2,0.986013986013986,0.986013986013986,1,1,29.439843054204108,0.0,48,0.0,0.0,48,0.0,0.0,47,evac_out_of_zone,extensive_displacement,extensive_displacement
187,a165fbd61c277745f187eaac7182d9c05d0d1171,142,1,False,False,0.0,0.0,0.0,0.0,1,143,,evac_out_of_zone,sip_hospital,2,143,142,1.0,143.0,142.0,1.0,0.0,0.0,0.0,0.0,0.0,0.0,0.0,0.0,0.0,0.0,0.0,0.0,0.0,0.0,0.0,0.0,0.0,0.0,0.0,0.0,0.0,0.0,0.0,0.0,2.2578516593487376e-28,2.2578516593487376e-28,0.0,0.0,0.0,0.0,0.0,0.0,0.0,0.0,0.0,0.0,0.0,0.0,0.0,0.0,0.0,0.0,0.0,0.0,0.0,1.0,1.0,0.0,0.0,142,142,1,1,0.993006993006993,0.993006993006993,1,1,0.0,0.0,48,0.0,0.0,48,0.0,0.0,47,sip_hospital,extensive_displacement,intermediate_directed
191,a6f16ab483da9847d431a822e6c85e144dc54f30,142,2,False,False,7.764926290661061,0.0546825795116976,3.8824631453305303,0.0,1,143,,evac_out_of_zone,sip_home_grocery,2,143,142,1.0,143.0,142.0,1.0,0.0,0.0546825795116976,0.4575072842520862,0.0,0.0,0.0,0.0,0.0,0.0,3.8824631453305303,7.764926290661061,7.764926290661061,0.0,0.0,0.0271500919253883,0.3235306844815483,0.0,0.0,0.0,0.0,0.0,0.0,3.8824631453305303,3.8824631453305303,0.3235296191843418,3.855300358923837,3.5612838389116552,1.546181822374495,3.88245036145147,5.5063923360412605,0.0,0.0,2.5531914893617023,20.023685151973908,0.0,0.0,0.0,0.0,0.0,0.0,180.0,360.0,0.0141843971631205,0.0141843971631205,0.0141843971631205,0.9859154929577464,0.9859154929577464,0.0140845070422535,0.0140845070422535,116,116,2,2,0.986013986013986,0.986013986013986,1,1,7.764926290661061,0.0,48,0.0,0.0,48,0.0,0.0,47,evac_out_of_zone,extensive_displacement,extensive_displacement
196,ac3478d69a3c81fa62e60f5c3696165a4e5e6ac4,142,17,False,False,2129.4582442500723,14.99618481866248,539.625955389803,0.0,1,143,,evac_out_of_zone,evac_out_of_zone,2,143,142,1.0,143.0,142.0,1.0,0.0,14.99618481866248,77.12017522707508,0.0,0.0,0.0,0.0,0.0,34.84010753278073,539.625955389803,2129.4582442500723,2129.4582442500723,0.0,0.0,33.23052987574369,107.70718062498914,0.0,0.0,0.0,0.0,0.0,63.49659248268053,539.625955389803,4751.965772231348,108.25451869523124,510.00317195796566,448.1318950416805,307.2999629159956,543.3741460189472,137710.91472778327,196.9501796891833,1086.7665442740963,5.1063829787234845,27.39955081200392,0.0,0.0,0.0,0.0,0.0,5.343331864858708e-13,180.0,720.0000000000113,0.0283687943262411,0.0283687943262411,0.0283687943262411,0.8732394366197183,0.8732394366197183,0.1267605633802817,0.1267605633802817,93,93,17,17,0.8811188811188811,0.8811188811188811,1,1,1050.2063334704662,0.0,48,539.625955389803,539.625955389803,48,0.0,0.0,47,evac_out_of_zone,extensive_displacement,extensive_displacement
198,acfdd18ea7f4a2ba74132ba977dc207204142994,142,3,False,False,131.79241172529774,0.9281155755302658,34.99842106377676,0.0,1,143,,sip_hospital,evac_out_of_zone,1,143,142,1.0,143.0,142.0,1.0,0.0,0.9281155755302658,5.462294940754635,0.0,0.0,0.0,0.0,0.0,0.0,34.99842106377676,131.79241172529774,131.79241172529774,0.0,0.0,0.4608126284101319,3.876770318468824,0.0,0.0,0.0,0.0,0.0,0.0,34.99842106377676,65.89620586264887,3.857127226629313,34.362393469864614,10.724923733942418,33.12807114376052,34.820871425122895,355.2960364694502,4.873471992632305e-06,69.64174212458991,5.1063829787234045,25.930980655407872,0.0,0.0,0.0,0.0,0.0,0.0,180.0,720.0,0.0425531914893617,0.0283687943262411,0.0141843971631205,0.971830985915493,0.971830985915493,0.028169014084507,0.028169014084507,69,69,3,3,0.9790209790209792,0.9790209790209792,1,1,69.99684212755352,0.0,48,0.0,0.0,48,30.89778479887211,30.89778479887211,47,sip_home_grocery,intermediate_directed,compact_local
202,af3e133428b9e25c55bc59fe534248e6a0c0f17b,142,18,False,False,1132.8457841671477,7.9777872124447,560.0275728314609,0.0,1,143,,evac_out_of_zone,evac_out_of_zone,2,143,142,1.0,143.0,142.0,1.0,0.0,7.9777872124447,47.787770295955966,0.0,0.0,0.0,0.0,0.0,34.77835523606612,560.0275728314609,1132.8457841671477,1132.8457841671477,0.0,0.0,33.43077307467854,108.41811156427455,0.0,0.0,0.0,0.0,0.0,63.517707068945896,560.0275728314609,4780.600549679031,108.91912658359529,530.2123282306397,441.3932066741352,353.1511748856611,565.2819785038248,155878.52952352026,1670.7817997305349,1131.6125158557006,5.1063829787234845,26.55564871728211,0.0,0.0,0.0,0.0,0.0,5.088887490341627e-13,180.0,720.0000000000113,0.0354609929078014,0.0283687943262411,0.0212765957446808,0.8661971830985915,0.8661971830985915,0.1338028169014084,0.1338028169014084,101,101,18,18,0.8741258741258742,0.8741258741258742,1,1,1132.8457841671477,0.0,48,0.0,0.0,48,0.0,0.0,47,evac_out_of_zone,extensive_displacement,extensive_displacement
203,b16a457a3302d7c1f4563df2ffc96dccf3779af7,142,1,False,False,0.0,0.0,0.0,0.0,1,143,,evac_out_of_zone,sip_home_grocery,2,143,142,1.0,143.0,142.0,1.0,0.0,0.0,0.0,0.0,0.0,0.0,0.0,0.0,0.0,0.0,0.0,0.0,0.0,0.0,0.0,0.0,0.0,0.0,0.0,0.0,0.0,0.0,0.0,0.0,1.0097419586828951e-28,1.0097419586828951e-28,0.0,0.0,0.0,0.0,0.0,0.0,0.0,0.0,0.0,0.0,0.0,0.0,0.0,0.0,0.0,0.0,0.0,0.0,0.0,1.0,1.0,0.0,0.0,142,142,1,1,0.993006993006993,0.993006993006993,1,1,0.0,0.0,48,0.0,0.0,48,0.0,0.0,47,sip_home_grocery,extensive_displacement,compact_local
206,b3c0730cf3f50613e40561e67c871fdb92820cf9,142,2,False,False,0.1799467013454402,0.001267230291165,0.0899733506727201,0.0,1,143,,sip_home_grocery,sip_home_grocery,0,143,142,1.0,143.0,142.0,1.0,0.0,0.001267230291165,0.0106024092903095,0.0,0.0,0.0,0.0,0.0,0.0,0.0899733506727201,0.1799467013454402,0.1799467013454402,0.0,0.0,0.0006291842704386,0.0074975958917351,0.0,0.0,0.0,0.0,0.0,0.0,0.0899733506727201,0.0899733506727201,0.0074568869259187,0.0888590630880341,0.0137046452445463,0.0884291677135351,0.0894848311379498,0.0012118903727844,0.0,0.0,2.5531914893617023,18.41909032612871,0.0,0.0,0.0,0.0,0.0,0.0,180.0,360.0,0.0212765957446808,0.0141843971631205,0.0070921985815602,0.9859154929577464,1.0,0.0,0.0,96,142,1,2,0.993006993006993,0.986013986013986,1,1,0.0,0.0,48,0.0,0.0,48,0.1799467013454402,0.0,47,sip_home_grocery,compact_local,compact_local
207,b3f0c7f6bb763af1be91d9e74eabfeb199dc1f1f,142,19,False,False,1246.6447439357607,8.77918833757578,623.2775556692144,0.0,1,143,,evac_out_of_zone,evac_out_of_zone,2,143,142,1.0,143.0,142.0,1.0,0.0,8.77918833757578,53.01911851893229,0.0,0.0,0.0,0.0,0.0,34.81363825896439,623.2775556692144,1246.6447439357607,1246.6447439357607,0.0,0.0,41.94327868615255,127.80699607801375,0.0,0.0,0.0,0.0,0.0,134.0931267720139,623.2775556692144,5997.888852119815,128.5222469443351,586.0662152532409,512.7610759868433,362.9253193559997,628.2027606408934,186093.9772558511,0.0005094976684993,1256.4055208919283,2.5531914893618564,19.50943481680444,0.0,0.0,0.0,0.0,0.0,8.142219984546603e-13,179.9999999999998,360.00000000002177,0.0141843971631205,0.0141843971631205,0.0141843971631205,0.8661971830985915,0.8661971830985915,0.1338028169014084,0.1338028169014084,99,99,19,19,0.8671328671328671,0.8671328671328671,1,1,1246.6447439357607,0.0,48,0.0,0.0,48,0.0,0.0,47,evac_out_of_zone,extensive_displacement,extensive_displacement
208,b4182bff4b3cf75f9e54f4990f9bd153c0c2973c,142,1,False,False,0.0,0.0,0.0,0.0,1,143,,sip_hospital,sip_home_grocery,1,143,142,1.0,143.0,142.0,1.0,0.0,0.0,0.0,0.0,0.0,0.0,0.0,0.0,0.0,0.0,0.0,0.0,0.0,0.0,0.0,0.0,0.0,0.0,0.0,0.0,0.0,0.0,0.0,0.0,0.0,0.0,0.0,0.0,0.0,0.0,0.0,0.0,0.0,0.0,0.0,0.0,0.0,0.0,0.0,0.0,0.0,0.0,0.0,0.0,0.0,1.0,1.0,0.0,0.0,142,142,1,1,0.993006993006993,0.993006993006993,1,1,0.0,0.0,48,0.0,0.0,48,0.0,0.0,47,sip_home_grocery,intermediate_directed,compact_local
209,b4c96d80854dd27e76d8cc9e21960eebda52e962,142,26,False,False,6136.143600414272,43.21227887615685,768.7737342336983,0.0,1,143,,evac_out_of_zone,evac_out_of_zone,2,143,142,1.0,143.0,142.0,1.0,0.0,43.21227887615685,164.79191610156278,0.0,0.0,0.0,0.0,0.0,35.14728671913707,768.7737342336983,6136.143600414272,6136.143600414272,0.0,0.0,83.53600442666013,205.02903737533737,0.0,0.0,0.0,0.0,0.0,415.4868626830552,768.7737342336983,11945.6486330124,206.42981080610016,691.4734822671901,620.801794941339,464.72814738000005,775.4786390156955,288504.0680532672,2757.670203905196,1553.0799143589838,10.220317341997356,37.029862035396455,0.0,0.0,0.0,0.0,0.0,1.831999496522986e-12,180.0,1441.064745221627,0.0567375886524822,0.0567375886524822,0.0567375886524822,0.7887323943661971,0.7887323943661971,0.2112676056338028,0.2112676056338028,24,24,26,26,0.8181818181818181,0.8181818181818181,1,1,1537.7128727142413,0.0,48,1539.7775695635628,0.0,48,2293.185413641268,765.4677444951999,47,evac_out_of_zone,extensive_displacement,extensive_displacement
210,b4ef7df17d3dc74720cd2a8fe98a173f9576d007,142,3,False,False,119.69243292577104,0.8429044572237397,34.99893713633674,0.0,1,143,,evac_out_of_zone,evac_out_of_zone,2,143,142,1.0,143.0,142.0,1.0,0.0,0.8429044572237397,5.023701917684801,0.0,0.0,0.0,0.0,0.0,0.0,34.99893713633674,119.69243292577104,119.69243292577104,0.0,0.0,0.4185050102299686,3.5648506958523005,0.0,0.0,0.0,0.0,0.0,0.0,34.99893713633674,59.84621646288552,3.547308708354134,34.40975550284204,12.061357469014691,32.67090516450164,34.82620261043711,394.0554660253325,2.983359582396765e-07,69.65240458736434,5.1063829787234045,25.97950111017045,0.0,0.0,0.0,0.0,0.0,0.0,180.0,720.0,0.0425531914893617,0.0283687943262411,0.0141843971631205,0.971830985915493,0.971830985915493,0.028169014084507,0.028169014084507,69,69,3,3,0.9790209790209792,0.9790209790209792,1,1,69.99787427267349,0.0,48,0.0,0.0,48,24.847279326548776,24.847279326548776,47,evac_out_of_zone,extensive_displacement,extensive_displacement
211,b6589fc6ab0dc82cf12099d1c2d40ab994e8410c,142,23,False,False,2825.780631907125,19.899863604979757,711.873968850445,0.0,1,143,,evac_out_of_zone,evac_out_of_zone,2,143,142,1.0,143.0,142.0,1.0,0.0,19.899863604979757,101.81781539669188,0.0,0.0,0.0,0.0,0.0,34.95421999719076,711.873968850445,2825.780631907125,2825.780631907125,0.0,0.0,56.58995111030913,158.35819786226003,0.0,0.0,0.0,0.0,0.0,239.9160223896656,711.873968850445,8092.363008774206,159.3915797267253,661.3881187553346,593.2803167938624,406.0877386461905,718.949779729991,240923.86223011516,949.5809196984858,1438.2024932835773,7.65957446808519,34.03073973756323,0.0,0.0,0.0,0.0,0.0,1.2722218725854068e-12,180.0,1080.0000000000118,0.0425531914893617,0.0425531914893617,0.0425531914893617,0.823943661971831,0.823943661971831,0.176056338028169,0.1619718309859155,69,69,23,23,0.8391608391608392,0.8391608391608392,1,1,1402.0326942062352,0.0,48,1423.74793770089,0.0,48,0.0,0.0,47,evac_out_of_zone,extensive_displacement,extensive_displacement
214,b7103ca278a75cad8f7d065acda0c2e80da0b7dc,142,24,False,False,3053.526914456158,21.50371066518421,764.4008433465066,0.0,1,143,,evac_out_of_zone,evac_out_of_zone,2,143,142,1.0,143.0,142.0,1.0,0.0,21.50371066518421,109.75380616833765,0.0,0.0,0.0,0.0,0.0,34.9832353642237,764.4008433465066,3053.526914456158,3053.526914456158,0.0,0.0,67.4614510258832,179.30958325456012,0.0,0.0,0.0,0.0,0.0,310.32758057951384,764.4008433465066,9646.987496701298,180.47091021051145,703.4561992246109,612.9896908522929,468.80147239199925,771.7066681117225,287370.4696326714,991.3403439931168,1543.7354424900773,5.10638297872348,27.232210528173773,0.0,0.0,0.0,0.0,0.0,5.088887490341627e-13,180.0,720.0000000000107,0.0283687943262411,0.0283687943262411,0.0283687943262411,0.823943661971831,0.823943661971831,0.176056338028169,0.176056338028169,48,48,24,24,0.8321678321678322,0.8321678321678322,1,1,1524.7252277631446,0.0,48,0.0,0.0,48,764.4008433465066,764.4008433465066,47,evac_out_of_zone,extensive_displacement,extensive_displacement
221,bc15c774dca4499ea6fb42da7d216ca54f8c697e,142,2,False,False,5.422593477544101,0.0381872780108739,2.7112967387720506,0.0,1,143,,evac_out_of_zone,sip_hospital,2,143,142,1.0,143.0,142.0,1.0,0.0,0.0381872780108739,0.3194976903384192,0.0,0.0,0.0,0.0,0.0,0.0,2.7112967387720506,5.422593477544101,5.422593477544101,0.0,0.0,0.01896011705435,0.2259358703204979,0.0,0.0,0.0,0.0,0.0,0.0,2.7112967387720506,2.7112967387720506,0.2246749162371997,2.6773106196404197,0.0705682574328508,2.695241249997548,2.696164919778732,0.1901984783734656,0.0,0.0,2.5531914893617023,18.390050868163232,0.0,0.0,0.0,0.0,0.0,0.0,180.0,360.0,0.0212765957446808,0.0141843971631205,0.0070921985815602,0.9859154929577464,0.9859154929577464,0.0140845070422535,0.0140845070422535,93,93,2,2,0.986013986013986,0.986013986013986,1,1,0.0,0.0,48,2.7112967387720506,2.7112967387720506,48,0.0,0.0,47,evac_out_of_zone,extensive_displacement,extensive_displacement
222,bc33ea4e26e5e1af1408321416956113a4658763,142,8,False,False,490.0857070629411,3.451307796217895,245.04097278008817,0.0,1,143,,evac_out_of_zone,evac_out_of_zone,2,143,142,1.0,143.0,142.0,1.0,0.0,3.451307796217895,21.71061162542076,0.0,0.0,0.0,0.0,0.0,0.0,245.04097278008817,490.0857070629411,490.0857070629411,0.0,0.0,6.859560728393516,33.96972822947997,0.0,0.0,0.0,0.0,0.0,0.0,245.04097278008817,980.9171841602728,33.91948695185039,237.96042219771087,138.40193222754934,201.9305869989745,244.80820413145796,27947.58341650133,9.642753380508269e-05,489.6164091380151,2.5531914893617285,18.840731770402588,0.0,0.0,0.0,0.0,0.0,0.0,179.99999999999963,360.0000000000037,0.0212765957446808,0.0141843971631205,0.0070921985815602,0.943661971830986,0.943661971830986,0.056338028169014,0.056338028169014,110,110,8,8,0.944055944055944,0.944055944055944,1,1,490.0857070629411,0.0,48,0.0,0.0,48,0.0,0.0,47,evac_out_of_zone,extensive_displacement,extensive_displacement
223,bcf814ab41506290ab1b8158ebda6ee61b4bb579,142,3,False,False,21.26372761309101,0.1497445606555705,6.334148941086009,0.0,1,143,,sip_hospital,sip_home_grocery,1,143,142,1.0,143.0,142.0,1.0,0.0,0.1497445606555705,0.8959983973985253,0.0,0.0,0.0,0.0,0.0,0.0,6.334148941086009,21.26372761309101,21.26372761309101,0.0,0.0,0.0743486979478706,0.63577127127903,0.0,0.0,0.0,0.0,0.0,0.0,6.334148941086009,10.631863806545509,0.6359800731703116,6.263480769726259,3.865337960386892,7.983914568382765,8.870384962516702,30.86052805365583,13.259189161978998,18.91064151275456,5.1063829787234045,26.915773098413045,0.0,0.0,0.0,0.0,0.0,0.0,180.0,720.0,0.0354609929078014,0.0283687943262411,0.0212765957446808,0.971830985915493,0.971830985915493,0.028169014084507,0.028169014084507,94,94,3,3,0.9790209790209792,0.9790209790209792,1,1,12.668297882172018,0.0,48,0.0,0.0,48,8.595429730918996,0.0,47,sip_home_grocery,intermediate_directed,compact_local
224,bd307a3ec329e10a2cff8fb87480823da114f8f4,142,20,False,False,1252.1429590964126,8.817908162650793,620.6118312939357,0.0,1,143,,evac_out_of_zone,evac_out_of_zone,2,143,142,1.0,143.0,142.0,1.0,0.0,8.817908162650793,52.78638516763426,0.0,0.0,0.0,0.0,0.0,34.81382449354812,620.6118312939357,1252.1429590964126,1252.1429590964126,0.0,0.0,41.95960584978011,127.70315009258194,0.0,0.0,0.0,0.0,0.0,134.07885886639997,620.6118312939357,6000.223636518556,128.50240204513685,583.6906599515221,543.8684747300919,314.5928425267361,628.3005446235809,171097.12942601994,1673.203645569759,1257.7222491865896,5.106382978723423,26.873474414029594,0.0,0.0,0.0,0.0,0.0,5.0888874903416275e-14,180.0,720.0000000000027,0.0354609929078014,0.0283687943262411,0.0212765957446808,0.852112676056338,0.852112676056338,0.1478873239436619,0.1478873239436619,99,99,20,20,0.8601398601398601,0.8601398601398601,1,1,1252.1429590964126,0.0,48,0.0,0.0,48,0.0,0.0,47,evac_out_of_zone,extensive_displacement,extensive_displacement
228,c0ba17c23a26ff8c314478bc69f30963a6e4a754,142,3,False,False,57.15373154096425,0.4024910671898891,21.77829455918194,0.0,1,143,,sip_hospital,sip_hospital,1,143,142,1.0,143.0,142.0,1.0,0.0,0.4024910671898891,2.677535000548999,0.0,0.0,0.0,0.0,0.0,0.0,21.77829455918194,57.15373154096425,57.15373154096425,0.0,0.0,0.1998382221712036,1.8973738464210537,0.0,0.0,0.0,0.0,0.0,0.0,21.77829455918194,28.57686577048213,1.895170104124323,21.55417186011986,17.07945837903747,13.47285330395233,21.753750818447205,230.10903725173128,1.8470191407540009,43.5105894648389,5.1063829787234045,27.150208581926595,0.0,0.0,0.0,0.0,0.0,0.0,180.0,720.0,0.0283687943262411,0.0283687943262411,0.0283687943262411,0.971830985915493,0.971830985915493,0.028169014084507,0.028169014084507,47,47,3,3,0.9790209790209792,0.9790209790209792,1,1,0.0,0.0,48,21.77829455918194,21.77829455918194,48,6.798571211300185,6.798571211300185,47,evac_out_of_zone,intermediate_directed,extensive_displacement
230,c1aa04bf421e5b38c3d18933e9994d3f289def65,142,1,False,False,0.0,0.0,0.0,0.0,1,143,,sip_hospital,sip_home_grocery,1,143,142,1.0,143.0,142.0,1.0,0.0,0.0,0.0,0.0,0.0,0.0,0.0,0.0,0.0,0.0,0.0,0.0,0.0,0.0,0.0,0.0,0.0,0.0,0.0,0.0,0.0,0.0,0.0,0.0,2.2578516593487376e-28,2.2578516593487376e-28,0.0,0.0,0.0,0.0,0.0,0.0,0.0,0.0,0.0,0.0,0.0,0.0,0.0,0.0,0.0,0.0,0.0,0.0,0.0,1.0,1.0,0.0,0.0,142,142,1,1,0.993006993006993,0.993006993006993,1,1,0.0,0.0,48,0.0,0.0,48,0.0,0.0,47,evac_out_of_zone,intermediate_directed,extensive_displacement
231,c1dfd96eea8cc2b62785275bca38ac261256e278,142,25,False,False,4532.757508864426,31.920827527214268,757.7174175759309,0.0,1,143,,sip_home_grocery,evac_out_of_zone,0,143,142,1.0,143.0,142.0,1.0,0.0,31.920827527214268,138.7133186300026,0.0,0.0,0.0,0.0,0.0,35.06060633683335,757.7174175759309,4532.757508864426,4532.757508864426,0.0,0.0,72.631385719234,187.74367544132485,0.0,0.0,0.0,0.0,0.0,345.3957677879093,757.7174175759309,10386.288157850462,189.0251552230832,691.5039699077747,620.5490555287372,448.3169754479974,765.5515925085964,278202.67569175485,2351.129802687928,1532.2590181682954,7.659574468085295,33.16399231383845,0.0,0.0,0.0,0.0,0.0,1.831999496522986e-12,180.0,1080.0000000000266,0.0425531914893617,0.0425531914893617,0.0425531914893617,0.8098591549295775,0.8098591549295775,0.1901408450704225,0.1901408450704225,45,45,25,25,0.8251748251748252,0.8251748251748252,1,1,1514.620683529832,0.0,48,1515.4348351518618,0.0,48,751.3509950913661,751.3509950913661,47,sip_home_grocery,compact_local,compact_local
232,c28aca23f1ef3718a464383d925c66842078edaa,142,1,False,False,0.0,0.0,0.0,0.0,1,143,,evac_out_of_zone,sip_home_grocery,2,143,142,1.0,143.0,142.0,1.0,0.0,0.0,0.0,0.0,0.0,0.0,0.0,0.0,0.0,0.0,0.0,0.0,0.0,0.0,0.0,0.0,0.0,0.0,0.0,0.0,0.0,0.0,0.0,0.0,5.048709793414476e-29,5.048709793414476e-29,0.0,0.0,0.0,0.0,0.0,0.0,0.0,0.0,0.0,0.0,0.0,0.0,0.0,0.0,0.0,0.0,0.0,0.0,0.0,1.0,1.0,0.0,0.0,142,142,1,1,0.993006993006993,0.993006993006993,1,1,0.0,0.0,48,0.0,0.0,48,0.0,0.0,47,evac_out_of_zone,extensive_displacement,extensive_displacement
235,c66c65175fecc3103b3b587be9b5b230889c8628,142,21,False,False,2652.789639645492,18.681617180602053,665.043301516855,0.0,1,143,,sip_hospital,evac_out_of_zone,1,143,142,1.0,143.0,142.0,1.0,0.0,18.681617180602053,95.33620403556584,0.0,0.0,0.0,0.0,0.0,34.924494590404336,665.043301516855,2652.789639645492,2652.789639645492,0.0,0.0,51.29826143581055,147.3108608645444,0.0,0.0,0.0,0.0,0.0,204.60183247782567,665.043301516855,7335.651385320909,148.249390265872,619.1841839232724,561.7198093022656,366.5810157173405,670.7538932029621,205915.8182425753,701.5112686677845,1342.0457173606294,5.10638297872347,27.483295489152432,0.0,0.0,0.0,0.0,0.0,5.343331864858708e-13,180.0,720.0000000000093,0.0283687943262411,0.0283687943262411,0.0283687943262411,0.8450704225352113,0.8450704225352113,0.1549295774647887,0.1549295774647887,75,75,21,21,0.8531468531468531,0.8531468531468531,1,1,1330.1967779996712,0.0,48,0.0,0.0,48,1322.5928616458204,0.0,47,evac_out_of_zone,intermediate_directed,extensive_displacement
236,c8306ae139ac98f432932286151dc0ec55580eca,142,4,False,False,27.793380875116306,0.1957280343318049,6.100288626307284,0.0,1,143,,evac_out_of_zone,sip_home_grocery,2,143,142,1.0,143.0,142.0,1.0,0.0,0.1957280343318049,0.9709148905210924,0.0,0.0,0.0,0.0,0.0,0.0,6.100288626307284,27.793380875116306,27.793380875116306,0.0,0.0,0.0971796534094975,0.6910996244049276,0.0,0.0,0.0,0.0,0.0,0.0,6.100288626307284,13.896690437558153,0.6959904403164647,6.05427630533227,9.455010127222664,4.391794476235548,10.425213437977,41.52446124948766,9.120926953819998,21.429286048332536,7.659574468085107,33.72649635071591,0.0,0.0,0.0,0.0,0.0,0.0,180.0,1080.0,0.0496453900709219,0.0425531914893617,0.0354609929078014,0.9577464788732394,0.9577464788732394,0.0422535211267605,0.0422535211267605,92,92,4,4,0.972027972027972,0.972027972027972,1,1,9.818522691265434,0.0,48,0.0,0.0,48,17.974858183850873,0.0,47,evac_out_of_zone,extensive_displacement,extensive_displacement
237,c837307a9a2ad4d08ca61a4f1bd848ba3d6890fc,142,5,False,False,52.30122671749699,0.3683184980105422,9.463164663801402,0.0,1,143,,evac_out_of_zone,sip_home_grocery,2,143,142,1.0,143.0,142.0,1.0,0.0,0.3683184980105422,1.5665634148598735,0.0,0.0,0.0,0.0,0.0,0.0,9.463164663801402,52.30122671749699,52.30122671749699,0.0,0.0,0.1828714220891503,1.1191034779958624,0.0,0.0,0.0,0.0,0.0,0.0,9.463164663801402,26.15061335874849,1.116787653905062,9.250776988414588,5.990154044226834,8.692259457686609,10.556387637506942,52.06797314393039,22.4051135814785,22.472038264587205,10.212765957446807,36.89884937031496,0.0,0.0,0.0,0.0,0.0,0.0,180.0,1440.0,0.0780141843971631,0.0567375886524822,0.0354609929078014,0.943661971830986,0.943661971830986,0.056338028169014,0.056338028169014,48,48,5,5,0.965034965034965,0.965034965034965,1,1,0.0,0.0,48,32.022417967659464,0.0,48,20.27880874983752,0.0,47,evac_out_of_zone,extensive_displacement,extensive_displacement
238,c9ca442765657fc90e9e779c34d0d2259d2c3c5b,142,2,False,False,24.538862836353484,0.1728088932137569,12.269431418176742,0.0,1,143,,sip_hospital,sip_home_grocery,1,143,142,1.0,143.0,142.0,1.0,0.0,0.1728088932137569,1.445822931815461,0.0,0.0,0.0,0.0,0.0,0.0,12.269431418176742,24.538862836353484,24.538862836353484,0.0,0.0,0.0858002197075296,1.0224276178117313,0.0,0.0,0.0,0.0,0.0,0.0,12.269431418176742,12.269431418176742,1.0182749887399616,12.134146912018924,5.662456104727062,10.82844319602551,12.219598650835955,61.31558428002487,0.0,0.0,2.5531914893617023,18.68079215383897,0.0,0.0,0.0,0.0,0.0,0.0,180.0,360.0,0.0212765957446808,0.0141843971631205,0.0070921985815602,0.9859154929577464,0.9859154929577464,0.0140845070422535,0.0140845070422535,92,92,2,2,0.986013986013986,0.986013986013986,1,1,0.0,0.0,48,24.538862836353484,0.0,48,0.0,0.0,47,evac_out_of_zone,intermediate_directed,extensive_displacement
240,ca3512f4dfa95a03169c5a670a4c91a19b3077b4,142,21,False,False,2496.6872320470284,17.582304451035412,625.6817444213881,0.0,1,143,,evac_out_of_zone,evac_out_of_zone,2,143,142,1.0,143.0,142.0,1.0,0.0,17.582304451035412,89.75106066892546,0.0,0.0,0.0,0.0,0.0,34.90859174663803,625.6817444213881,2496.6872320470284,2496.6872320470284,0.0,0.0,46.30227876053888,136.64500400981632,0.0,0.0,0.0,0.0,0.0,169.16685035357486,625.6817444213881,6621.225862757059,137.20155016539928,582.9272637290866,451.890300905849,438.3283837320018,629.5527110877117,198076.3452202288,1104.8067693976448,1260.3461372746356,7.659574468085187,32.697577561911075,0.0,0.0,0.0,0.0,0.0,5.088887490341627e-13,180.0,1080.0000000000114,0.0425531914893617,0.0425531914893617,0.0425531914893617,0.8380281690140845,0.8380281690140845,0.1478873239436619,0.1478873239436619,69,69,21,21,0.8531468531468531,0.8531468531468531,1,1,1252.1066826311608,0.0,48,1244.5805494158678,0.0,48,0.0,0.0,47,evac_out_of_zone,extensive_displacement,extensive_displacement
242,cad06f3c4901bbcd4a396dd83c4544a146d6e3e8,142,1,False,False,0.0,0.0,0.0,0.0,1,143,,sip_home_grocery,sip_hospital,0,143,142,1.0,143.0,142.0,1.0,0.0,0.0,0.0,0.0,0.0,0.0,0.0,0.0,0.0,0.0,0.0,0.0,0.0,0.0,0.0,0.0,0.0,0.0,0.0,0.0,0.0,0.0,0.0,0.0,5.048709793414476e-29,5.048709793414476e-29,0.0,0.0,0.0,0.0,0.0,0.0,0.0,0.0,0.0,0.0,0.0,0.0,0.0,0.0,0.0,0.0,0.0,0.0,0.0,1.0,1.0,0.0,0.0,142,142,1,1,0.993006993006993,0.993006993006993,1,1,0.0,0.0,48,0.0,0.0,48,0.0,0.0,47,evac_out_of_zone,compact_local,extensive_displacement
243,cae91e45aed80f3a3fe285c3c8c1a7e78d82d473,142,4,False,False,182.4261395431127,1.2846911235430472,36.85376500373117,0.0,1,143,,evac_out_of_zone,evac_out_of_zone,2,143,142,1.0,143.0,142.0,1.0,0.0,1.2846911235430472,6.325534182190644,0.0,0.0,0.0,0.0,0.0,0.0,36.85376500373117,182.4261395431127,182.4261395431127,0.0,0.0,0.6378536347661283,4.503207251767483,0.0,0.0,0.0,0.0,0.0,0.0,36.85376500373117,91.21306977155636,4.507805203612904,36.25422229099105,35.809000911642805,8.876217275994028,36.89270631738325,317.8484725280098,6.522448518887036,73.82057159625637,7.659574468085107,34.934571855170226,0.0,0.0,0.0,0.0,0.0,0.0,180.0,1080.0,0.0425531914893617,0.0425531914893617,0.0425531914893617,0.9577464788732394,0.9577464788732394,0.0422535211267605,0.0422535211267605,46,46,4,4,0.972027972027972,0.972027972027972,1,1,70.00492969686913,0.0,48,36.85376500373117,36.85376500373117,48,19.356839919390616,19.356839919390616,47,evac_out_of_zone,extensive_displacement,extensive_displacement
250,d094700e379f0fb3b543e25c77f8e4b3e068f057,142,7,False,False,40.28643236849074,0.283707270200639,5.160845421644405,0.0,1,143,,evac_out_of_zone,sip_home_grocery,2,143,142,1.0,143.0,142.0,1.0,0.0,0.283707270200639,1.0302685287764024,0.0,0.0,0.0,0.0,0.0,0.0,5.160845421644405,40.28643236849074,40.28643236849074,0.0,0.0,0.1408616516380795,0.7396869036853679,0.0,0.0,0.0,0.0,0.0,0.0,5.160845421644405,20.14321618424537,0.7394850358914307,5.013672999414234,4.546703981069758,5.12930346643219,6.854361468600038,23.321424490942142,13.114550836543,14.3214117962042,15.319148936170214,44.485431247330894,0.0,0.0,0.0,0.0,0.0,59.91591792671603,180.0,2160.0,0.1205673758865248,0.0851063829787234,0.0496453900709219,0.9154929577464788,0.9154929577464788,0.0845070422535211,0.0845070422535211,22,22,7,7,0.951048951048951,0.951048951048951,1,1,12.87110922646926,0.0,48,12.1132713404526,0.0,48,15.30205180156888,0.0,47,evac_out_of_zone,extensive_displacement,extensive_displacement
258,d8502b7d774861547d38343645a9f52b163d08cd,142,3,False,False,37.91996729528121,0.2670420232062057,15.290739180983852,0.0,1,143,,evac_out_of_zone,sip_hospital,2,143,142,1.0,143.0,142.0,1.0,0.0,0.2670420232062057,1.8469882117704275,0.0,0.0,0.0,0.0,0.0,0.0,15.290739180983852,37.91996729528121,37.91996729528121,0.0,0.0,0.1325872982352489,1.3082743843281104,0.0,0.0,0.0,0.0,0.0,0.0,15.290739180983852,18.959983647640605,1.3097322311876334,15.17632467585061,15.27435599760666,1.681085870176147,15.366587156702312,25.67750404361684,11.213186862700995,31.00859513916733,5.1063829787234045,28.716575529399297,0.0,0.0,0.0,0.0,0.0,0.0,180.0,720.0,0.0283687943262411,0.0283687943262411,0.0283687943262411,0.971830985915493,0.971830985915493,0.028169014084507,0.028169014084507,93,93,3,3,0.9790209790209792,0.9790209790209792,1,1,7.338488933313505,0.0,48,15.290739180983852,15.290739180983852,48,0.0,0.0,47,evac_out_of_zone,extensive_displacement,extensive_displacement
260,dbc0f004854457f59fb16ab863a3a1722cef553f,142,2,False,False,7.3140151258665345,0.0515071487737079,3.6570075629332672,0.0,1,143,,sip_hospital,sip_home_grocery,1,143,142,1.0,143.0,142.0,1.0,0.0,0.0515071487737079,0.4309397245970511,0.0,0.0,0.0,0.0,0.0,0.0,3.6570075629332672,7.3140151258665345,7.3140151258665345,0.0,0.0,0.0255734794610718,0.3047431786733089,0.0,0.0,0.0,0.0,0.0,0.0,3.6570075629332672,3.6570075629332672,0.3033885031386942,3.615291261408508,1.5226420820397044,3.3070575083881764,3.6407510590240606,5.03546492999721,0.0,0.0,2.5531914893617023,18.623413082058654,0.0,0.0,0.0,0.0,0.0,0.0,180.0,360.0,0.0212765957446808,0.0141843971631205,0.0070921985815602,0.9859154929577464,0.9859154929577464,0.0140845070422535,0.0140845070422535,120,120,2,2,0.986013986013986,0.986013986013986,1,1,0.0,0.0,48,0.0,0.0,48,7.3140151258665345,0.0,47,sip_home_grocery,intermediate_directed,compact_local
261,dc685e2c3fd7a3a63944383a54aa249ea27f5fdd,142,3,False,False,39.118023206271445,0.2754790366638834,12.786722115352784,0.0,1,143,,sip_home_grocery,sip_home_grocery,0,143,142,1.0,143.0,142.0,1.0,0.0,0.2754790366638834,1.694963831460294,0.0,0.0,0.0,0.0,0.0,0.0,12.786722115352784,39.118023206271445,39.118023206271445,0.0,0.0,0.136776304917033,1.202238465886826,0.0,0.0,0.0,0.0,0.0,0.0,12.786722115352784,19.559011603135723,1.2053968259918308,12.711685415513095,12.30581320463357,10.139738481461215,15.94513515464072,124.77772769669656,42.87755037409149,34.58149613456376,5.1063829787234045,27.250583541168982,0.0,0.0,0.0,0.0,0.0,0.0,180.0,720.0,0.0354609929078014,0.0283687943262411,0.0212765957446808,0.971830985915493,0.971830985915493,0.028169014084507,0.028169014084507,96,96,3,3,0.9790209790209792,0.9790209790209792,1,1,0.0,0.0,48,0.0,0.0,48,39.118023206271445,0.0,47,sip_home_grocery,compact_local,compact_local
262,dd500e1c0fa5792340acd988b4e8a3338cdc609a,142,5,False,False,176.89667064099518,1.2457512016971493,52.97444175477083,0.0,1,143,,evac_out_of_zone,evac_out_of_zone,2,143,142,1.0,143.0,142.0,1.0,0.0,1.2457512016971493,6.826613496574981,0.0,0.0,0.0,0.0,0.0,0.0,52.97444175477083,176.89667064099518,176.89667064099518,0.0,0.0,0.866588800572671,6.020065558803901,0.0,0.0,0.0,0.0,0.0,0.0,52.97444175477083,123.92219848189195,5.9871114341625935,51.82224131660548,7.856800805390276,52.094949768002834,52.68408782760047,409.29964329401065,2.088825297925781e-05,105.36817617205182,5.106382978724162,25.79483045388742,0.0,0.0,0.0,0.0,0.0,0.0,179.9999999999993,720.0000000001069,0.0425531914893617,0.0283687943262411,0.0141843971631205,0.9577464788732394,0.9577464788732394,0.0352112676056338,0.0352112676056338,68,68,5,5,0.965034965034965,0.965034965034965,1,1,105.94888568325416,0.0,48,0.0,0.0,48,35.47389249828817,35.473892459452856,47,evac_out_of_zone,extensive_displacement,extensive_displacement
265,e114c448f4ab8554ad14eff3d66dfeb3965ce8fc,142,1,False,False,0.0,0.0,0.0,0.0,1,143,,sip_hospital,sip_home_grocery,1,143,142,1.0,143.0,142.0,1.0,0.0,0.0,0.0,0.0,0.0,0.0,0.0,0.0,0.0,0.0,0.0,0.0,0.0,0.0,0.0,0.0,0.0,0.0,0.0,0.0,0.0,0.0,0.0,0.0,0.0,0.0,0.0,0.0,0.0,0.0,0.0,0.0,0.0,0.0,0.0,0.0,0.0,0.0,0.0,0.0,0.0,0.0,0.0,0.0,0.0,1.0,1.0,0.0,0.0,142,142,1,1,0.993006993006993,0.993006993006993,1,1,0.0,0.0,48,0.0,0.0,48,0.0,0.0,47,sip_home_grocery,intermediate_directed,compact_local
268,e2154fea5da2dd0d1732ff30931723c2973003a0,142,3,False,False,32.98029075028068,0.2322555686639484,14.47775278083836,0.0,1,143,,evac_out_of_zone,sip_hospital,2,143,142,1.0,143.0,142.0,1.0,0.0,0.2322555686639484,1.7190937730783915,0.0,0.0,0.0,0.0,0.0,0.0,14.47775278083836,32.98029075028068,32.98029075028068,0.0,0.0,0.1153157019240583,1.2168786070890476,0.0,0.0,0.0,0.0,0.0,0.0,14.47775278083836,16.49014537514034,1.2183315575054314,14.37981762904007,14.474197292111254,1.4264613973532372,14.544317769118624,20.646883694871462,5.537762247439002,29.162150811019075,5.1063829787234045,29.00911720640048,0.0,0.0,0.0,0.0,0.0,0.0,180.0,720.0,0.0283687943262411,0.0283687943262411,0.0283687943262411,0.971830985915493,0.971830985915493,0.028169014084507,0.028169014084507,93,93,3,3,0.9790209790209792,0.9790209790209792,1,1,4.024785188603962,0.0,48,14.47775278083836,14.47775278083836,48,0.0,0.0,47,evac_out_of_zone,extensive_displacement,extensive_displacement
269,e54183e2a040e6c09e61eb22d542e3d57074b351,142,1,False,False,0.0,0.0,0.0,0.0,1,143,,sip_hospital,sip_home_grocery,1,143,142,1.0,143.0,142.0,1.0,0.0,0.0,0.0,0.0,0.0,0.0,0.0,0.0,0.0,0.0,0.0,0.0,0.0,0.0,0.0,0.0,0.0,0.0,0.0,0.0,0.0,0.0,0.0,0.0,8.077935669463161e-28,8.077935669463161e-28,0.0,0.0,0.0,0.0,0.0,0.0,0.0,0.0,0.0,0.0,0.0,0.0,0.0,0.0,0.0,0.0,0.0,0.0,0.0,1.0,1.0,0.0,0.0,142,142,1,1,0.993006993006993,0.993006993006993,1,1,0.0,0.0,48,0.0,0.0,48,0.0,0.0,47,sip_home_grocery,intermediate_directed,compact_local
270,e62d7f1eb43d87c202d2f164ba61297e71be80f4,142,25,False,False,3695.013882963617,26.0212245279128,600.528043492043,0.0,1,143,,sip_hospital,evac_out_of_zone,1,143,142,1.0,143.0,142.0,1.0,0.0,26.0212245279128,109.76803168290547,0.0,0.0,0.0,0.0,0.0,35.00748659372436,600.528043492043,3695.013882963617,3695.013882963617,0.0,0.0,66.88477986898343,168.6859338343792,0.0,0.0,0.0,0.0,0.0,344.3696251363355,607.0714313828939,9564.52352126463,169.37968972517356,543.8183841594413,462.6875145475367,442.1230888584717,639.9629378486952,204564.833108006,23606.709961293203,1284.2376317756025,10.321192923638748,35.58379011951997,0.0,0.0,0.0,0.0,0.0,1.653888434361029e-12,179.9999999999998,1455.2882022330634,0.0851063829787234,0.0567375886524822,0.0283687943262411,0.8098591549295775,0.8098591549295775,0.1901408450704225,0.1901408450704225,43,43,25,25,0.8251748251748252,0.8251748251748252,1,1,1190.1358330115877,0.0,48,678.5464495384671,600.528043492043,48,632.7822868826836,593.021270038836,47,sip_home_grocery,intermediate_directed,compact_local
273,e993215bfdaa515f6ea00fafc1918f549119f993,142,1,False,False,0.0,0.0,0.0,0.0,1,143,,sip_home_grocery,sip_home_grocery,0,143,142,1.0,143.0,142.0,1.0,0.0,0.0,0.0,0.0,0.0,0.0,0.0,0.0,0.0,0.0,0.0,0.0,0.0,0.0,0.0,0.0,0.0,0.0,0.0,0.0,0.0,0.0,0.0,0.0,1.0097419586828951e-28,1.0097419586828951e-28,0.0,0.0,0.0,0.0,0.0,0.0,0.0,0.0,0.0,0.0,0.0,0.0,0.0,0.0,0.0,0.0,0.0,0.0,0.0,1.0,1.0,0.0,0.0,142,142,1,1,0.993006993006993,0.993006993006993,1,1,0.0,0.0,48,0.0,0.0,48,0.0,0.0,47,sip_home_grocery,compact_local,compact_local
275,eb4ac3033e8ab3591e0fcefa8c26ce3fd36d5a0f,142,23,False,False,2195.1442247953146,15.458762146445878,501.70368383269823,0.0,1,143,,evac_out_of_zone,evac_out_of_zone,2,143,142,1.0,143.0,142.0,1.0,0.0,15.458762146445878,71.4110296645626,0.0,0.0,0.0,0.0,0.0,34.98437622849887,501.70368383269823,2195.1442247953146,2195.1442247953146,0.0,0.0,52.11114951181459,135.86405131425278,0.0,0.0,0.0,0.0,0.0,273.3307387910217,501.70368383269823,7451.894380189486,135.63022190657355,448.6086120810253,247.57375254629065,467.430021480168,528.9457325007947,115723.40447063844,24937.55394896415,1064.9455261038524,6.866822103690002,29.5435130386712,0.0,0.0,0.0,0.0,0.0,2.1373327459434838e-12,179.9999999999989,968.2219166202904,0.0567375886524822,0.0425531914893617,0.0141843971631205,0.8309859154929577,0.8309859154929577,0.1690140845070422,0.1690140845070422,56,56,23,23,0.8391608391608392,0.8391608391608392,1,1,980.0806175039056,0.0,48,0.0,0.0,48,723.2406722874379,491.8229350039712,47,evac_out_of_zone,extensive_displacement,extensive_displacement
277,eb94d5c2be91b5d6dd995dbadd5ac0c30e3c17a1,142,3,False,False,52.14816189956655,0.3672405767575109,21.78705450603192,0.0,1,143,,evac_out_of_zone,sip_hospital,2,143,142,1.0,143.0,142.0,1.0,0.0,0.3672405767575109,2.609513686418015,0.0,0.0,0.0,0.0,0.0,0.0,21.78705450603192,52.14816189956655,52.14816189956655,0.0,0.0,0.1823362304180648,1.847886886440437,0.0,0.0,0.0,0.0,0.0,0.0,21.78705450603192,26.074080949783276,1.8375801834647685,21.484215898526777,0.7980659347285117,21.65083149600381,21.665535158507502,17.278791075507787,1.638415499930694e-06,43.33106933048927,5.1063829787234045,25.756804472386563,0.0,0.0,0.0,0.0,0.0,0.0,180.0,720.0,0.0425531914893617,0.0283687943262411,0.0141843971631205,0.971830985915493,0.971830985915493,0.028169014084507,0.028169014084507,69,69,3,3,0.9790209790209792,0.9790209790209792,1,1,43.57410901206384,0.0,48,0.0,0.0,48,4.28702644375135,4.28702644375135,47,evac_out_of_zone,extensive_displacement,extensive_displacement
278,ec7f1f65067126f3b2bd1037de8a18d0db2ec84b,142,1,False,False,0.0,0.0,0.0,0.0,1,143,,evac_out_of_zone,sip_home_grocery,2,143,142,1.0,143.0,142.0,1.0,0.0,0.0,0.0,0.0,0.0,0.0,0.0,0.0,0.0,0.0,0.0,0.0,0.0,0.0,0.0,0.0,0.0,0.0,0.0,0.0,0.0,0.0,0.0,0.0,0.0,0.0,0.0,0.0,0.0,0.0,0.0,0.0,0.0,0.0,0.0,0.0,0.0,0.0,0.0,0.0,0.0,0.0,0.0,0.0,0.0,1.0,1.0,0.0,0.0,142,142,1,1,0.993006993006993,0.993006993006993,1,1,0.0,0.0,48,0.0,0.0,48,0.0,0.0,47,sip_home_grocery,extensive_displacement,compact_local
282,efa6e44dfa0145249be273ecd84a97f534b04920,142,2,False,False,19.420966115792638,0.1367673670126241,9.710483057896315,0.0,1,143,,evac_out_of_zone,sip_home_grocery,2,143,142,1.0,143.0,142.0,1.0,0.0,0.1367673670126241,1.1442778891377785,0.0,0.0,0.0,0.0,0.0,0.0,9.710483057896315,19.420966115792638,19.420966115792638,0.0,0.0,0.0679054759293448,0.8091871352716244,0.0,0.0,0.0,0.0,0.0,0.0,9.710483057896315,9.710483057896315,0.8087270443792695,9.637094966227158,8.276063560442124,5.068831828707565,9.704961832186504,41.94997439157589,0.0,0.0,2.5531914893617023,19.665389998959498,0.0,0.0,0.0,0.0,0.0,0.0,180.0,360.0,0.0141843971631205,0.0141843971631205,0.0141843971631205,0.9859154929577464,0.9859154929577464,0.0140845070422535,0.0140845070422535,72,72,2,2,0.986013986013986,0.986013986013986,1,1,0.0,0.0,48,19.420966115792638,0.0,48,0.0,0.0,47,evac_out_of_zone,extensive_displacement,extensive_displacement
284,f1abd670358e036c31296e66b3b66c382ac00812,142,19,False,False,1240.9414246248675,8.739024117076532,620.4261988029901,0.0,1,143,,evac_out_of_zone,evac_out_of_zone,2,143,142,1.0,143.0,142.0,1.0,0.0,8.739024117076532,52.779577914893736,0.0,0.0,0.0,0.0,0.0,34.81944213144695,620.4261988029901,1240.9414246248675,1240.9414246248675,0.0,0.0,41.91629917054473,127.69995551566,0.0,0.0,0.0,0.0,0.0,134.04650405530847,620.4261988029901,5994.030781387897,128.490158026995,583.4820000517327,556.0995460787794,286.62008171400385,625.6179156568063,159389.2973382202,0.0003930064085579,1251.2358314356136,2.5531914893617795,19.849019693071465,0.0,0.0,0.0,0.0,0.0,5.597776239375789e-13,179.99999999999918,360.0000000000109,0.0141843971631205,0.0141843971631205,0.0141843971631205,0.8661971830985915,0.8661971830985915,0.1338028169014084,0.1338028169014084,99,99,19,19,0.8671328671328671,0.8671328671328671,1,1,1240.9414246248675,0.0,48,0.0,0.0,48,0.0,0.0,47,evac_out_of_zone,extensive_displacement,extensive_displacement
285,f1f836cb4ea6efb2a0b1b99f41ad8b103eff4b59,142,11,False,False,684.5274026077684,4.820615511322313,342.25768612639604,0.0,1,143,,evac_out_of_zone,evac_out_of_zone,2,143,142,1.0,143.0,142.0,1.0,0.0,4.820615511322313,29.741548951524138,0.0,0.0,0.0,0.0,0.0,0.0,342.25768612639604,684.5274026077684,684.5274026077684,0.0,0.0,13.388404342006318,55.45123747007423,0.0,0.0,0.0,0.0,0.0,0.0,342.25768612639604,1914.5418209069037,55.137791315290734,326.6725696128684,246.9254115140459,233.7131870639972,339.99119497274023,57709.72489203669,0.0001306277273123,679.9823891108235,2.5531914893617462,19.20757054067563,0.0,0.0,0.0,0.0,0.0,0.0,179.99999999999935,360.0000000000062,0.0141843971631205,0.0141843971631205,0.0141843971631205,0.9225352112676056,0.9225352112676056,0.0774647887323943,0.0774647887323943,107,107,11,11,0.9230769230769232,0.9230769230769232,1,1,684.5274026077684,0.0,48,0.0,0.0,48,0.0,0.0,47,evac_out_of_zone,extensive_displacement,extensive_displacement
287,f37062d9a65543a46f2ba13299ba77a370a1c4eb,142,2,False,False,17.887832614294997,0.125970652213345,8.943916307147498,0.0,1,143,,sip_home_grocery,sip_hospital,0,143,142,1.0,143.0,142.0,1.0,0.0,0.125970652213345,1.0539460922333206,0.0,0.0,0.0,0.0,0.0,0.0,8.943916307147498,17.887832614294997,17.887832614294997,0.0,0.0,0.0625448692807517,0.7453081346766435,0.0,0.0,0.0,0.0,0.0,0.0,8.943916307147498,8.943916307147498,0.7449925509185865,8.877610823371002,7.951570164361747,4.086372744000784,8.94012920945108,32.49307959165768,0.0,0.0,2.5531914893617023,19.852074887506664,0.0,0.0,0.0,0.0,0.0,0.0,180.0,360.0,0.0141843971631205,0.0141843971631205,0.0141843971631205,0.9859154929577464,0.9859154929577464,0.0140845070422535,0.0140845070422535,93,93,2,2,0.986013986013986,0.986013986013986,1,1,0.0,0.0,48,8.943916307147498,8.943916307147498,48,0.0,0.0,47,sip_home_grocery,compact_local,compact_local
289,f47aea8bdcbd1179a1f3d91e6afeeb259488f2d1,142,6,False,False,91.89807276055204,0.6471695264827608,17.851575827652958,0.0,1,143,,sip_home_grocery,sip_home_grocery,0,143,142,1.0,143.0,142.0,1.0,0.0,0.6471695264827608,3.03422622302018,0.0,0.0,0.0,0.0,0.0,0.0,17.851575827652958,91.89807276055204,91.89807276055204,0.0,0.0,0.3213219327292029,2.1623542042847954,0.0,0.0,0.0,0.0,0.0,0.0,17.851575827652958,45.94903638027602,2.175841608030623,17.713698845540936,19.9043655786715,24.3123595517952,31.42092608541591,483.9220925990376,113.311550519842,65.79531936010358,12.76595744680851,41.22934896320796,0.0,0.0,0.0,0.0,0.0,28.510925366045893,180.0,1800.0,0.0921985815602836,0.0709219858156028,0.0496453900709219,0.9295774647887324,0.9295774647887324,0.056338028169014,0.056338028169014,46,46,6,6,0.958041958041958,0.958041958041958,1,1,36.64050841562307,0.0,48,19.554412689623057,0.0,48,35.70315165530592,0.0,47,sip_home_grocery,compact_local,compact_local
298,fe2ef495a1152561572949784c16bf23abb28057,142,26,False,False,1666.1640613753057,11.73354972799511,801.8264769855923,0.0,1,143,,evac_out_of_zone,evac_out_of_zone,2,143,142,1.0,143.0,142.0,1.0,0.0,11.73354972799511,67.8066183182859,0.0,0.0,0.0,0.0,0.0,34.926014756363486,801.8264769855923,1666.1640613753057,1666.1640613753057,0.0,0.0,68.10547364656503,180.57741465073843,0.0,0.0,0.0,0.0,0.0,310.5397909901714,801.8264769855923,9739.0827314588,181.9200733154203,741.5760812894582,672.2077340552578,470.6303663519995,820.5828291259338,316361.3721430734,11920.1670683108,1641.4697610763328,5.106382978723555,27.329937073931116,0.0,0.0,0.0,0.0,0.0,1.2213329976819904e-12,180.0,720.0000000000211,0.0283687943262411,0.0283687943262411,0.0283687943262411,0.8098591549295775,0.8098591549295775,0.1901408450704225,0.1901408450704225,94,94,26,26,0.8181818181818181,0.8181818181818181,1,1,864.3375843897132,801.8264769855923,48,0.0,0.0,48,0.0,0.0,47,evac_out_of_zone,extensive_displacement,extensive_displacement
