person_id,traj_id,n_moves,n_unique_pois,visited_traveler,visited_hospital,total_dist_km,avg_step_km,max_dist_km,net_dist_km,home_idx,end_idx,cats,traj_cluster,traj_cluster_old,cluster_id_bestk,n_points_rich,n_steps_rich,pt_idx_min_rich,pt_idx_max_rich,pt_idx_span_rich,pt_idx_mean_gap_rich,pt_idx_std_gap_rich,step_km_rich_mean,step_km_rich_std,step_km_rich_min,step_km_rich_q10,step_km_rich_q25,step_km_rich_median,step_km_rich_q75,step_km_rich_q90,step_km_rich_max,step_km_rich_sum,total_dist_km_rich,net_dist_km_rich,efficiency_net_over_total_rich,dist_from_start_km_rich_mean,dist_from_start_km_rich_std,dist_from_start_km_rich_min,dist_from_start_km_rich_q10,dist_from_start_km_rich_q25,dist_from_start_km_rich_median,dist_from_start_km_rich_q75,dist_from_start_km_rich_q90,dist_from_start_km_rich_max,dist_from_start_km_rich_sum,radius_gyration_km,max_radius_from_centroid_km,bbox_width_km,bbox_height_km,bbox_diag_km,bbox_area_km2,hull_area_km2,hull_perimeter_km,turn_deg_rich_mean,turn_deg_rich_std,turn_deg_rich_min,turn_deg_rich_q10,turn_deg_rich_q25,turn_deg_rich_median,turn_deg_rich_q75,turn_deg_rich_q90,turn_deg_rich_max,turn_deg_rich_sum,turn_gt_45_frac,turn_gt_90_frac,turn_gt_135_frac,stationary_frac_50m,stationary_frac_100m,jump_frac_500m,jump_frac_1km,longest_stationary_run_50m,longest_stationary_run_100m,unique_cells_3dp,unique_cells_4dp,revisit_ratio_3dp,revisit_ratio_4dp,start_end_same_cell_3dp,start_end_same_cell_4dp,seg1_total_dist_km,seg1_net_dist_km,seg1_n_points,seg2_total_dist_km,seg2_net_dist_km,seg2_n_points,seg3_total_dist_km,seg3_net_dist_km,seg3_n_points,knn_k3_label_raw,cluster_labelled_type,reference_lab
0,008451a05e1e7aa32c75119df950d405265e0904,142,4,False,False,58.08523104275027,0.40905092283626954,13.90785491918662,0.0,1,143,,evac_out_of_zone,sip_home_grocery,2,143,142,1.0,143.0,142.0,1.0,0.0,0.40905092283626954,2.1906612120454185,0.0,0.0,0.0,0.0,0.0,0.0,13.90785491918662,58.08523104275027,58.08523104275027,0.0,0.0,0.20309521343618978,1.557095752847751,0.0,0.0,0.0,0.0,0.0,0.0,13.90785491918662,29.042615521375136,1.5552670190348703,13.681242505831943,10.74556399040837,9.092119621945804,14.076000308742998,97.69995320606618,25.910784093119993,29.640698600259096,7.659574468085107,32.72021388811247,0.0,0.0,0.0,0.0,0.0,0.0,180.0,1080.0,0.04964539007092199,0.0425531914893617,0.03546099290780142,0.9577464788732394,0.9577464788732394,0.04225352112676056,0.04225352112676056,48,48,4,4,0.972027972027972,0.972027972027972,1,1,0.0,0.0,48,33.5006296220234,0.0,48,24.584601420726866,0.0,47,evac_out_of_zone,extensive_displacement,extensive_displacement
1,01592d51db5afd0165cb73baca5c0b340c4889f1,142,2,False,False,11.264891308979749,0.07933022048577287,5.632445654489874,0.0,1,143,,sip_home_grocery,sip_hospital,0,143,142,1.0,143.0,142.0,1.0,0.0,0.07933022048577287,0.6637242437658081,0.0,0.0,0.0,0.0,0.0,0.0,5.632445654489874,11.264891308979749,11.264891308979749,0.0,0.0,0.03938773184957954,0.4693589944553341,0.0,0.0,0.0,0.0,0.0,0.0,5.632445654489874,5.632445654489874,0.4688620077285021,5.587135642290304,4.584786124574629,3.2614463281764254,5.626481667940236,14.953033871468147,0.0,0.0,2.5531914893617023,19.50401960066821,0.0,0.0,0.0,0.0,0.0,0.0,180.0,360.0,0.014184397163120567,0.014184397163120567,0.014184397163120567,0.9859154929577465,0.9859154929577465,0.014084507042253521,0.014084507042253521,93,93,2,2,0.986013986013986,0.986013986013986,1,1,0.0,0.0,48,5.632445654489874,5.632445654489874,48,0.0,0.0,47,sip_home_grocery,compact_local,compact_local
2,0159a99ed28b0581890608d24ada9decc4874197,142,1,False,False,0.0,0.0,0.0,0.0,1,143,,sip_hospital,sip_home_grocery,1,143,142,1.0,143.0,142.0,1.0,0.0,0.0,0.0,0.0,0.0,0.0,0.0,0.0,0.0,0.0,0.0,0.0,0.0,0.0,0.0,0.0,0.0,0.0,0.0,0.0,0.0,0.0,0.0,0.0,4.070399965086662e-28,4.070399965086662e-28,0.0,0.0,0.0,0.0,0.0,0.0,0.0,0.0,0.0,0.0,0.0,0.0,0.0,0.0,0.0,0.0,0.0,0.0,0.0,1.0,1.0,0.0,0.0,142,142,1,1,0.993006993006993,0.993006993006993,1,1,0.0,0.0,48,0.0,0.0,48,0.0,0.0,47,sip_hospital,intermediate_directed,intermediate_directed
3,0286dd552c9bea9a69ecb3759e7b94777635514b,142,20,False,False,2460.436985041753,17.327021021420794,617.30301679932,0.0,1,143,,sip_hospital,evac_out_of_zone,1,143,142,1.0,143.0,142.0,1.0,0.0,17.327021021420794,88.452574633887,0.0,0.0,0.0,0.0,0.0,34.89633831732091,617.30301679932,2460.436985041753,2460.436985041753,0.0,0.0,46.1796170127958,136.12688175494728,0.0,0.0,0.0,0.0,0.0,169.2338597414045,617.30301679932,6603.6852328298,136.99241607498521,575.9560925482973,551.4155795158662,289.4074311059979,622.7485869210716,159583.76633951193,1009.3261400709348,1245.8242930705371,5.1063829787235155,27.804953833692377,0.0,0.0,0.0,0.0,0.0,1.0432219355200335e-12,180.0,720.0000000000157,0.028368794326241134,0.028368794326241134,0.028368794326241134,0.852112676056338,0.852112676056338,0.14788732394366197,0.14788732394366197,76,76,20,20,0.8601398601398601,0.8601398601398601,1,1,1234.6946933118436,0.0,48,0.0,0.0,48,1225.7422917299093,0.0,47,sip_hospital,intermediate_directed,intermediate_directed
4,04f1241ed2b1b531c2c853ce1eeff952cd0f40f3,142,1,False,False,0.0,0.0,0.0,0.0,1,143,,sip_home_grocery,sip_home_grocery,0,143,142,1.0,143.0,142.0,1.0,0.0,0.0,0.0,0.0,0.0,0.0,0.0,0.0,0.0,0.0,0.0,0.0,0.0,0.0,0.0,0.0,0.0,0.0,0.0,0.0,0.0,0.0,0.0,0.0,2.0194839173657902e-28,2.0194839173657902e-28,0.0,0.0,0.0,0.0,0.0,0.0,0.0,0.0,0.0,0.0,0.0,0.0,0.0,0.0,0.0,0.0,0.0,0.0,0.0,1.0,1.0,0.0,0.0,142,142,1,1,0.993006993006993,0.993006993006993,1,1,0.0,0.0,48,0.0,0.0,48,0.0,0.0,47,sip_hospital,compact_local,intermediate_directed
5,05580caed314df2d74c3e515d57294928cfbfae6,142,2,False,False,26.42786222133494,0.18611170578404887,13.21393111066747,0.0,1,143,,sip_home_grocery,sip_hospital,0,143,142,1.0,143.0,142.0,1.0,0.0,0.18611170578404887,1.557122246995844,0.0,0.0,0.0,0.0,0.0,0.0,13.21393111066747,26.42786222133494,26.42786222133494,0.0,0.0,0.09240511266201028,1.101134000993154,0.0,0.0,0.0,0.0,0.0,0.0,13.21393111066747,13.21393111066747,1.1023302162277113,13.135780547665446,13.215468691564059,0.5821846243884048,13.228286044479992,7.693842676314945,0.0,0.0,2.5531914893617023,21.13541272400453,0.0,0.0,0.0,0.0,0.0,0.0,180.0,360.0,0.014184397163120567,0.014184397163120567,0.014184397163120567,0.9859154929577465,0.9859154929577465,0.014084507042253521,0.014084507042253521,138,138,2,2,0.986013986013986,0.986013986013986,1,1,26.42786222133494,0.0,48,0.0,0.0,48,0.0,0.0,47,sip_home_grocery,compact_local,compact_local
6,05a8ea5382b9fd885261bb3eed0527d1d3b07262,142,1,False,False,0.0,0.0,0.0,0.0,1,143,,sip_hospital,sip_home_grocery,1,143,142,1.0,143.0,142.0,1.0,0.0,0.0,0.0,0.0,0.0,0.0,0.0,0.0,0.0,0.0,0.0,0.0,0.0,0.0,0.0,0.0,0.0,0.0,0.0,0.0,0.0,0.0,0.0,0.0,1.0097419586828951e-28,1.0097419586828951e-28,0.0,0.0,0.0,0.0,0.0,0.0,0.0,0.0,0.0,0.0,0.0,0.0,0.0,0.0,0.0,0.0,0.0,0.0,0.0,1.0,1.0,0.0,0.0,142,142,1,1,0.993006993006993,0.993006993006993,1,1,0.0,0.0,48,0.0,0.0,48,0.0,0.0,47,sip_hospital,intermediate_directed,intermediate_directed
7,06349be70bd2d5dd98d36b9b8dba0a057500fdac,142,1,False,False,0.0,0.0,0.0,0.0,1,143,,evac_out_of_zone,sip_home_grocery,2,143,142,1.0,143.0,142.0,1.0,0.0,0.0,0.0,0.0,0.0,0.0,0.0,0.0,0.0,0.0,0.0,0.0,0.0,0.0,0.0,0.0,0.0,0.0,0.0,0.0,0.0,0.0,0.0,0.0,2.2578516593487376e-28,2.2578516593487376e-28,0.0,0.0,0.0,0.0,0.0,0.0,0.0,0.0,0.0,0.0,0.0,0.0,0.0,0.0,0.0,0.0,0.0,0.0,0.0,1.0,1.0,0.0,0.0,142,142,1,1,0.993006993006993,0.993006993006993,1,1,0.0,0.0,48,0.0,0.0,48,0.0,0.0,47,sip_hospital,extensive_displacement,intermediate_directed
8,065f8e41a20c940689359644aae39608d126c498,142,5,False,False,196.00219986749727,1.3802971821654737,57.75088300568621,0.0,1,143,,evac_out_of_zone,evac_out_of_zone,2,143,142,1.0,143.0,142.0,1.0,0.0,1.3802971821654737,7.354137284521759,0.0,0.0,0.0,0.0,0.0,0.0,57.75088300568621,196.00219986749727,196.00219986749727,0.0,0.0,0.9667900407894521,6.517381493972371,0.0,0.0,0.0,0.0,0.0,0.0,57.75088300568621,138.25097583289164,6.481741719723699,56.4730868285041,8.903583542248823,56.74027408200858,57.43459325872569,505.19177049925906,2.3863462487225893e-05,114.86918649733938,5.106382978723458,25.79811545115877,0.0,0.0,0.0,0.0,0.0,0.0,179.9999999999996,720.0000000000075,0.0425531914893617,0.028368794326241134,0.014184397163120567,0.9577464788732394,0.9577464788732394,0.04225352112676056,0.04225352112676056,68,68,5,5,0.965034965034965,0.965034965034965,1,1,115.50176925536752,0.0,48,0.0,0.0,48,40.25021556955805,40.25021504257168,47,evac_out_of_zone,extensive_displacement,extensive_displacement
9,0716d9708d321ffb6a00818614779e779925365c,142,26,False,False,3887.102412427459,27.373960650897597,642.3357430965865,0.0,1,143,,sip_home_grocery,evac_out_of_zone,0,143,142,1.0,143.0,142.0,1.0,0.0,27.373960650897597,115.98147687299661,0.0,0.0,0.0,0.0,0.0,35.00480076594362,642.3357430965865,3887.102412427459,3887.102412427459,0.0,0.0,72.28750145488902,178.02274161163302,0.0,0.0,0.0,0.0,0.0,379.6718989453476,642.3357430965865,10337.112708049131,178.93179193531444,573.8851221587012,489.2522998023552,422.5680503640035,646.4762718385947,206742.39046358617,7152.082275614047,1296.6618177884634,9.949831465823793,37.07384345437791,0.0,0.0,0.0,0.0,0.0,1.933777246329818e-12,179.9999999999996,1402.926236681155,0.05673758865248227,0.05673758865248227,0.05673758865248227,0.8028169014084507,0.8028169014084507,0.19718309859154928,0.19718309859154928,41,41,26,26,0.8181818181818181,0.8181818181818181,1,1,1260.3601388248233,0.0,48,1263.7102386846273,0.0,48,737.0898912755251,625.9421436424834,47,sip_home_grocery,compact_local,compact_local
10,08a35293e09f508494096c1c1b3819edb9df50db,142,20,False,False,2517.495558498096,17.728841961254197,629.7314654730184,0.0,1,143,,sip_home_grocery,evac_out_of_zone,0,143,142,1.0,143.0,142.0,1.0,0.0,17.728841961254197,90.61917387873495,0.0,0.0,0.0,0.0,0.0,34.90218245596296,629.7314654730184,2517.495558498096,2517.495558498096,0.0,0.0,46.38792331621192,136.99046968013738,0.0,0.0,0.0,0.0,0.0,169.28013437495167,629.7314654730184,6633.473034218305,137.8690593202397,588.4034589277179,557.5766260994968,303.95310908399875,635.042665097651,169477.14905550834,23.384249413365623,1270.0888156857427,5.106382978723493,27.75356702615353,0.0,0.0,0.0,0.0,0.0,5.597776239375789e-13,180.0,720.0000000000126,0.028368794326241134,0.028368794326241134,0.028368794326241134,0.852112676056338,0.852112676056338,0.14788732394366197,0.14788732394366197,76,76,20,20,0.8601398601398601,0.8601398601398601,1,1,1258.0326275520597,0.0,48,0.0,0.0,48,1259.4629309460367,0.0,47,sip_home_grocery,compact_local,compact_local
11,097ccd4f03d962011101c1221009e53461a0993f,142,3,False,False,4.4762453885192315,0.03152285484872698,1.1802107429855029,0.0,1,143,,sip_home_grocery,sip_home_grocery,0,143,142,1.0,143.0,142.0,1.0,0.0,0.03152285484872698,0.18543907080612626,0.0,0.0,0.0,0.0,0.0,0.0,1.1802107429855029,4.4762453885192315,4.4762453885192315,0.0,0.0,0.015651207652165145,0.13161306318855628,0.0,0.0,0.0,0.0,0.0,0.0,1.1802107429855029,2.2381226942596157,0.1315975838255149,1.163499004423349,1.0370833980577618,0.7613582126385033,1.286548989537177,0.7895919623023231,0.29883699726650004,2.8020589103238707,5.1063829787234045,28.02691077954709,0.0,0.0,0.0,0.0,0.0,0.0,180.0,720.0,0.028368794326241134,0.028368794326241134,0.028368794326241134,0.971830985915493,0.971830985915493,0.028169014084507043,0.028169014084507043,72,72,3,3,0.9790209790209791,0.9790209790209791,1,1,0.0,0.0,48,2.3604214859710058,0.0,48,2.1158239025482253,0.0,47,sip_home_grocery,compact_local,compact_local
12,09d66f6e5482d9b0ba91815c350fd9af3770819b,142,2,False,False,9.62169231764697,0.06775839660314767,4.810846158823485,0.0,1,143,,sip_hospital,sip_hospital,1,143,142,1.0,143.0,142.0,1.0,0.0,0.06775839660314767,0.5669074189989595,0.0,0.0,0.0,0.0,0.0,0.0,4.810846158823485,9.62169231764697,9.62169231764697,0.0,0.0,0.03364228083093346,0.4008940439194,0.0,0.0,0.0,0.0,0.0,0.0,4.810846158823485,4.810846158823485,0.4003501155916661,4.770722223909602,3.8553737430001354,2.866630950001667,4.804318859289247,11.05193369550796,0.0,0.0,2.5531914893617023,19.45663763336877,0.0,0.0,0.0,0.0,0.0,0.0,180.0,360.0,0.014184397163120567,0.014184397163120567,0.014184397163120567,0.9859154929577465,0.9859154929577465,0.014084507042253521,0.014084507042253521,93,93,2,2,0.986013986013986,0.986013986013986,1,1,0.0,0.0,48,4.810846158823485,4.810846158823485,48,0.0,0.0,47,sip_hospital,intermediate_directed,intermediate_directed
13,0a57cb53ba59c46fc4b692527a38a87c78d84028,142,23,False,False,4160.239492894794,29.297461217568973,694.5340104420849,0.0,1,143,,sip_hospital,evac_out_of_zone,1,143,142,1.0,143.0,142.0,1.0,0.0,29.297461217568973,127.40309461715741,0.0,0.0,0.0,0.0,0.0,35.02261089196011,694.5340104420849,4160.239492894794,4160.239492894794,0.0,0.0,61.23800457692396,166.2122884551352,0.0,0.0,0.0,0.0,0.0,274.935926226202,694.5340104420849,8757.034654500127,167.25440117314028,638.7290677437561,563.0933529506844,416.7372621960076,700.5312768462719,234661.98226943842,481.66069209943424,1401.1295526133981,7.659574468085224,33.121009727658326,0.0,0.0,0.0,0.0,0.0,1.3739996223922392e-12,180.0,1080.0000000000166,0.0425531914893617,0.0425531914893617,0.0425531914893617,0.823943661971831,0.823943661971831,0.176056338028169,0.176056338028169,45,45,23,23,0.8391608391608392,0.8391608391608392,1,1,1388.3772569134105,0.0,48,1382.7942150972137,0.0,48,694.5340104420849,694.5340104420849,47,sip_hospital,intermediate_directed,intermediate_directed
14,0ade7c2cf97f75d009975f4d720d1fa6c19f4897,142,23,False,False,1540.3589002418255,10.84759788902694,770.0980748668197,0.0,1,143,,evac_out_of_zone,evac_out_of_zone,2,143,142,1.0,143.0,142.0,1.0,0.0,10.84759788902694,65.18184305602217,0.0,0.0,0.0,0.0,0.0,34.911537886255914,770.0980748668197,1540.3589002418255,1540.3589002418255,0.0,0.0,62.184136588612674,169.84565116025894,0.0,0.0,0.0,0.0,0.0,275.27791339774126,770.0980748668197,8892.331532171613,171.02242686848703,715.1228777971656,660.2923569165747,410.81919228176383,777.6621408744842,271260.7727382893,0.0004888717528978466,1555.3242815929395,2.553191489361823,19.648441819585095,0.0,0.0,0.0,0.0,0.0,6.869998111961196e-13,179.9999999999996,360.00000000001705,0.014184397163120567,0.014184397163120567,0.014184397163120567,0.8380281690140845,0.8380281690140845,0.1619718309859155,0.1619718309859155,95,95,23,23,0.8391608391608392,0.8391608391608392,1,1,1540.3589002418253,0.0,48,0.0,0.0,48,0.0,0.0,47,evac_out_of_zone,extensive_displacement,extensive_displacement
15,0b7f5ada6bdd5e4844b1dc6da915ace79a38c463,142,2,False,False,15.17815407931383,0.10688840900925232,7.589077039656915,0.0,1,143,,evac_out_of_zone,sip_hospital,2,143,142,1.0,143.0,142.0,1.0,0.0,0.10688840900925232,0.8942925911786618,0.0,0.0,0.0,0.0,0.0,0.0,7.589077039656915,15.17815407931383,15.17815407931383,0.0,0.0,0.053070468808789614,0.6324076230257102,0.0,0.0,0.0,0.0,0.0,0.0,7.589077039656915,7.589077039656915,0.6327271454316362,7.539814119750002,7.285508844641342,2.13861273670079,7.592911402283453,15.58088200849623,0.0,0.0,2.5531914893617023,20.373597651822724,0.0,0.0,0.0,0.0,0.0,0.0,180.0,360.0,0.014184397163120567,0.014184397163120567,0.014184397163120567,0.9859154929577465,0.9859154929577465,0.014084507042253521,0.014084507042253521,138,138,2,2,0.986013986013986,0.986013986013986,1,1,15.17815407931383,0.0,48,0.0,0.0,48,0.0,0.0,47,evac_out_of_zone,extensive_displacement,extensive_displacement
16,0bad865a02d82f4970687ffe1b80822b76cc0626,142,4,False,False,91.21482744723772,0.6423579397692798,25.98482540370114,0.0,1,143,,sip_home_grocery,sip_hospital,0,143,142,1.0,143.0,142.0,1.0,0.0,0.6423579397692798,3.4436164034306813,0.0,0.0,0.0,0.0,0.0,0.0,25.98482540370114,91.21482744723772,91.21482744723772,0.0,0.0,0.3189329631022298,2.4476385737348374,0.0,0.0,0.0,0.0,0.0,0.0,25.98482540370114,45.60741372361886,2.4368032811512337,25.55625058165727,9.861372166677246,23.947895771998642,25.89881026063219,236.1591128164751,55.133315952686004,53.158864251183246,7.659574468085107,31.45431144003659,0.0,0.0,0.0,0.0,0.0,0.0,180.0,1080.0,0.06382978723404255,0.0425531914893617,0.02127659574468085,0.9577464788732394,0.9577464788732394,0.04225352112676056,0.04225352112676056,69,69,4,4,0.972027972027972,0.972027972027972,1,1,74.24373537764677,0.0,48,0.0,0.0,48,8.485546034795476,8.485546034795476,47,sip_home_grocery,compact_local,compact_local
17,0ca9277f91e40054767f69afeb0426711ca0fddd,142,3,False,False,17.522044930890747,0.12339468261190667,4.785259537858283,0.0,1,143,,evac_out_of_zone,sip_home_grocery,2,143,142,1.0,143.0,142.0,1.0,0.0,0.12339468261190667,0.7279561985213365,0.0,0.0,0.0,0.0,0.0,0.0,4.785259537858283,17.522044930890747,17.522044930890747,0.0,0.0,0.06126589136675086,0.5166368369866184,0.0,0.0,0.0,0.0,0.0,0.0,4.785259537858283,8.761022465445373,0.5178487600445446,4.757562501637838,3.4112310014574385,8.025103764276013,8.720022211709173,27.375482750611123,0.2893146853850006,17.441063384926235,5.1063829787234045,26.04725746282819,0.0,0.0,0.0,0.0,0.0,0.0,180.0,720.0,0.0425531914893617,0.028368794326241134,0.014184397163120567,0.971830985915493,0.971830985915493,0.028169014084507043,0.028169014084507043,68,68,3,3,0.9790209790209791,0.9790209790209791,1,1,7.95152585517418,0.0,48,9.570519075716566,0.0,48,0.0,0.0,47,evac_out_of_zone,extensive_displacement,extensive_displacement
18,0ec09ef9836da03f1add21e3ef607627e687e790,142,2,False,False,17.68457535927295,0.12453926309347149,8.842287679636476,0.0,1,143,,sip_hospital,sip_hospital,1,143,142,1.0,143.0,142.0,1.0,0.0,0.12453926309347149,1.0419702316431807,0.0,0.0,0.0,0.0,0.0,0.0,8.842287679636476,17.68457535927295,17.68457535927295,0.0,0.0,0.06183417957787745,0.7368392894640093,0.0,0.0,0.0,0.0,0.0,0.0,8.842287679636476,8.842287679636476,0.736069959400631,8.771285874303185,7.389763531649529,4.838828813992922,8.833055493136307,35.75780070553984,0.0,0.0,2.5531914893617023,19.59329474034988,0.0,0.0,0.0,0.0,0.0,0.0,180.0,360.0,0.014184397163120567,0.014184397163120567,0.014184397163120567,0.9859154929577465,0.9859154929577465,0.014084507042253521,0.014084507042253521,93,93,2,2,0.986013986013986,0.986013986013986,1,1,0.0,0.0,48,8.842287679636476,8.842287679636476,48,0.0,0.0,47,sip_hospital,intermediate_directed,intermediate_directed
19,1106a1dda2d680438ecfb0bb70fd479c55a1791f,142,2,False,False,1.0430591604133224,0.007345487045164242,0.5215295802066612,0.0,1,143,,sip_hospital,sip_hospital,1,143,142,1.0,143.0,142.0,1.0,0.0,0.007345487045164242,0.061456753861128234,0.0,0.0,0.0,0.0,0.0,0.0,0.5215295802066612,1.0430591604133224,1.0430591604133224,0.0,0.0,0.003647060001445183,0.04345973567439256,0.0,0.0,0.0,0.0,0.0,0.0,0.5215295802066612,0.5215295802066612,0.04322086064138067,0.5150359956649575,0.06014230364198468,0.5151642660000211,0.5186630097189361,0.030983165711273433,0.0,0.0,2.5531914893617023,18.406275931048636,0.0,0.0,0.0,0.0,0.0,0.0,180.0,360.0,0.02127659574468085,0.014184397163120567,0.0070921985815602835,0.9859154929577465,0.9859154929577465,0.014084507042253521,0.0,93,93,2,2,0.986013986013986,0.986013986013986,1,1,0.0,0.0,48,0.5215295802066612,0.5215295802066612,48,0.0,0.0,47,sip_hospital,intermediate_directed,intermediate_directed
20,114d4eefde1dae3983e7a79f04c72feb9a3a7efd,142,1,False,False,0.0,0.0,0.0,0.0,1,143,,sip_home_grocery,sip_home_grocery,0,143,142,1.0,143.0,142.0,1.0,0.0,0.0,0.0,0.0,0.0,0.0,0.0,0.0,0.0,0.0,0.0,0.0,0.0,0.0,0.0,0.0,0.0,0.0,0.0,0.0,0.0,0.0,0.0,0.0,0.0,0.0,0.0,0.0,0.0,0.0,0.0,0.0,0.0,0.0,0.0,0.0,0.0,0.0,0.0,0.0,0.0,0.0,0.0,0.0,0.0,1.0,1.0,0.0,0.0,142,142,1,1,0.993006993006993,0.993006993006993,1,1,0.0,0.0,48,0.0,0.0,48,0.0,0.0,47,sip_hospital,compact_local,intermediate_directed
21,12c6fc06c99a462375eeb3f43dfd832b08ca9e17,142,19,False,False,2399.46293648688,16.897626313287887,604.586029569755,0.0,1,143,,sip_hospital,evac_out_of_zone,1,143,142,1.0,143.0,142.0,1.0,0.0,16.897626313287887,86.62262822373052,0.0,0.0,0.0,0.0,0.0,34.8874464157567,604.586029569755,2399.46293648688,2399.46293648688,0.0,0.0,41.79929632586091,127.18350642309368,0.0,0.0,0.0,0.0,0.0,134.03880863221494,604.586029569755,5977.29937459811,127.93379956932378,567.3690136557947,521.9224332120637,314.53935326999857,609.3751152168179,164165.1445996265,341.1657981975441,1218.816001545692,5.106382978723461,27.59723017669952,0.0,0.0,0.0,0.0,0.0,7.63333123551244e-14,180.0,720.0000000000081,0.028368794326241134,0.028368794326241134,0.028368794326241134,0.8591549295774648,0.8591549295774648,0.14084507042253522,0.14084507042253522,53,53,19,19,0.8671328671328671,0.8671328671328671,1,1,1190.29087734737,0.0,48,0.0,0.0,48,604.586029569755,604.586029569755,47,sip_hospital,intermediate_directed,intermediate_directed
22,12f0de3dc76e067d21ed85125716e02e9f1e69f0,142,2,False,False,2.615932411177207,0.0184220592336423,1.3079662055886034,0.0,1,143,,sip_hospital,sip_home_grocery,1,143,142,1.0,143.0,142.0,1.0,0.0,0.0184220592336423,0.15413000567231477,0.0,0.0,0.0,0.0,0.0,0.0,1.3079662055886034,2.615932411177207,2.615932411177207,0.0,0.0,0.009146616822297926,0.10899451866832553,0.0,0.0,0.0,0.0,0.0,0.0,1.3079662055886034,1.3079662055886034,0.1090995509706218,1.3000711930978108,1.292887302809985,0.20619596338221072,1.3092266240351194,0.26658814294753286,0.0,0.0,2.5531914893617023,20.762577790003373,0.0,0.0,0.0,0.0,0.0,0.0,180.0,360.0,0.014184397163120567,0.014184397163120567,0.014184397163120567,0.9859154929577465,0.9859154929577465,0.014084507042253521,0.014084507042253521,92,92,2,2,0.986013986013986,0.986013986013986,1,1,0.0,0.0,48,2.615932411177207,0.0,48,0.0,0.0,47,sip_hospital,intermediate_directed,intermediate_directed
23,1352246e33277e9d3c9090a434fa72cfa6536ae2,142,24,False,False,3840.680620673748,27.047046624463015,646.774900735752,0.0,1,143,,sip_home_grocery,evac_out_of_zone,0,143,142,1.0,143.0,142.0,1.0,0.0,27.047046624463015,117.2598133792249,0.0,0.0,0.0,0.0,0.0,34.99366956321466,646.774900735752,3840.680620673748,3840.680620673748,0.0,0.0,59.919223458624565,161.32146098888222,0.0,0.0,0.0,0.0,0.0,274.7378561163277,646.774900735752,8568.448954583313,162.3339443983165,591.6514920880966,538.1018854819466,369.98061100325987,653.0231938281913,199087.26437261677,5715.073883782483,1311.3009254638691,10.219099273985542,35.95121432487163,0.0,0.0,0.0,0.0,0.0,1.8065550590712775e-12,180.0,1440.8929976319614,0.06382978723404255,0.05673758865248227,0.04964539007092199,0.8098591549295775,0.8098591549295775,0.19014084507042253,0.19014084507042253,68,68,24,24,0.8321678321678322,0.8321678321678322,1,1,1265.56175027811,0.0,48,1936.447766641291,638.6711037543473,48,0.0,0.0,47,sip_home_grocery,compact_local,compact_local
24,135debd4837026bf06c7bfc5d1e0c6a31611af1d,142,3,False,False,39.15891635792622,0.27576701660511427,18.53974193271025,0.0,1,143,,evac_out_of_zone,sip_hospital,2,143,142,1.0,143.0,142.0,1.0,0.0,0.27576701660511427,2.186397358430104,0.0,0.0,0.0,0.0,0.0,0.0,18.53974193271025,39.15891635792622,39.15891635792622,0.0,0.0,0.136919287964777,1.5467589289017156,0.0,0.0,0.0,0.0,0.0,0.0,18.53974193271025,19.57945817896311,1.5381395697013056,18.30027229567572,0.8608287872291713,18.41632084800386,18.43642860690606,15.853299140810467,5.909406501144325e-06,36.87285744395891,5.1063829787234045,25.758294498622686,0.0,0.0,0.0,0.0,0.0,0.0,180.0,720.0,0.0425531914893617,0.028368794326241134,0.014184397163120567,0.971830985915493,0.971830985915493,0.028169014084507043,0.028169014084507043,69,69,3,3,0.9790209790209791,0.9790209790209791,1,1,37.0794838654205,0.0,48,0.0,0.0,48,1.0397162462528629,1.0397162462528629,47,evac_out_of_zone,extensive_displacement,extensive_displacement
25,13682ac418603aa0966369d46bbf282f562acf47,142,1,False,False,0.0,0.0,0.0,0.0,1,143,,evac_out_of_zone,sip_home_grocery,2,143,142,1.0,143.0,142.0,1.0,0.0,0.0,0.0,0.0,0.0,0.0,0.0,0.0,0.0,0.0,0.0,0.0,0.0,0.0,0.0,0.0,0.0,0.0,0.0,0.0,0.0,0.0,0.0,0.0,5.048709793414476e-29,5.048709793414476e-29,0.0,0.0,0.0,0.0,0.0,0.0,0.0,0.0,0.0,0.0,0.0,0.0,0.0,0.0,0.0,0.0,0.0,0.0,0.0,1.0,1.0,0.0,0.0,142,142,1,1,0.993006993006993,0.993006993006993,1,1,0.0,0.0,48,0.0,0.0,48,0.0,0.0,47,sip_hospital,extensive_displacement,intermediate_directed
26,1407c2b75f43d3691c240e28204533da74ee4054,142,1,False,False,0.0,0.0,0.0,0.0,1,143,,sip_hospital,sip_hospital,1,143,142,1.0,143.0,142.0,1.0,0.0,0.0,0.0,0.0,0.0,0.0,0.0,0.0,0.0,0.0,0.0,0.0,0.0,0.0,0.0,0.0,0.0,0.0,0.0,0.0,0.0,0.0,0.0,0.0,1.0097419586828951e-28,1.0097419586828951e-28,0.0,0.0,0.0,0.0,0.0,0.0,0.0,0.0,0.0,0.0,0.0,0.0,0.0,0.0,0.0,0.0,0.0,0.0,0.0,1.0,1.0,0.0,0.0,142,142,1,1,0.993006993006993,0.993006993006993,1,1,0.0,0.0,48,0.0,0.0,48,0.0,0.0,47,sip_hospital,intermediate_directed,intermediate_directed
27,14bb99f81147d2705f53a1d75337b2ec3e10d23a,142,1,False,False,0.0,0.0,0.0,0.0,1,143,,sip_hospital,sip_home_grocery,1,143,142,1.0,143.0,142.0,1.0,0.0,0.0,0.0,0.0,0.0,0.0,0.0,0.0,0.0,0.0,0.0,0.0,0.0,0.0,0.0,0.0,0.0,0.0,0.0,0.0,0.0,0.0,0.0,0.0,2.0194839173657902e-28,2.0194839173657902e-28,0.0,0.0,0.0,0.0,0.0,0.0,0.0,0.0,0.0,0.0,0.0,0.0,0.0,0.0,0.0,0.0,0.0,0.0,0.0,1.0,1.0,0.0,0.0,142,142,1,1,0.993006993006993,0.993006993006993,1,1,0.0,0.0,48,0.0,0.0,48,0.0,0.0,47,sip_hospital,intermediate_directed,intermediate_directed
28,1574bddb75c78a6fd2251d61e2993b5146201319,142,26,False,False,4763.548561323367,33.5461166290378,797.7768595106379,0.0,1,143,,sip_hospital,evac_out_of_zone,1,143,142,1.0,143.0,142.0,1.0,0.0,33.5461166290378,145.95921181213095,0.0,0.0,0.0,0.0,0.0,35.07934685825358,797.7768595106379,4763.548561323367,4763.548561323367,0.0,0.0,78.85233193958021,199.33218776093247,0.0,0.0,0.0,0.0,0.0,380.594276839405,797.7768595106379,11275.88346735997,200.69302233576735,725.8108798041527,642.2048203769974,489.00068841599654,807.1856692154353,314038.59926842316,2961.792390395184,1614.603324041701,7.659574468085253,33.070873499472754,0.0,0.0,0.0,0.0,0.0,1.348555184940531e-12,180.0,1080.0000000000207,0.0425531914893617,0.0425531914893617,0.0425531914893617,0.8028169014084507,0.8028169014084507,0.19718309859154928,0.19718309859154928,45,45,26,26,0.8181818181818181,0.8181818181818181,1,1,790.1579700355076,789.9827002679727,48,1595.5537190212758,0.0,48,793.9270859993051,793.9270859993051,47,sip_hospital,intermediate_directed,intermediate_directed
29,16b06bd9b738835e2d134fe8d596e9ab0086a985,142,20,False,False,2543.4215107789605,17.91141908999268,641.4895416972805,0.0,1,143,,sip_hospital,evac_out_of_zone,1,143,142,1.0,143.0,142.0,1.0,0.0,17.91141908999268,91.79932711894139,0.0,0.0,0.0,0.0,0.0,34.9121321536329,641.4895416972805,2543.4215107789605,2543.4215107789605,0.0,0.0,46.489932959367756,137.40919102063387,0.0,0.0,0.0,0.0,0.0,169.33281874909667,641.4895416972805,6648.060413189589,138.28977036302612,600.265655232617,564.0268505775525,317.00272084200566,647.0061925466149,178798.04626103153,490.49124861283155,1294.1133377149145,5.106382978723505,27.711324423431073,0.0,0.0,0.0,0.0,0.0,1.1195552478751578e-12,180.0,720.0000000000142,0.028368794326241134,0.028368794326241134,0.028368794326241134,0.852112676056338,0.852112676056338,0.14788732394366197,0.14788732394366197,52,52,20,20,0.8601398601398601,0.8601398601398601,1,1,1260.4424273843997,0.0,48,0.0,0.0,48,641.4895416972805,641.4895416972805,47,sip_hospital,intermediate_directed,intermediate_directed
30,17503a6b2326f09fbc4e3a7c03874c7333002038,142,2,False,False,23.440696942616515,0.16507533058180646,11.720348471308258,0.0,1,143,,sip_home_grocery,sip_home_grocery,0,143,142,1.0,143.0,142.0,1.0,0.0,0.16507533058180646,1.3811193046469548,0.0,0.0,0.0,0.0,0.0,0.0,11.720348471308258,23.440696942616515,23.440696942616515,0.0,0.0,0.08196047882033747,0.9766718243919891,0.0,0.0,0.0,0.0,0.0,0.0,11.720348471308258,11.720348471308258,0.9744279835300997,11.61164954269152,8.418241277642244,8.11599195251348,11.69342172256963,68.32237846366125,0.0,0.0,2.5531914893617023,19.189527253785737,0.0,0.0,0.0,0.0,0.0,0.0,180.0,360.0,0.014184397163120567,0.014184397163120567,0.014184397163120567,0.9859154929577465,0.9859154929577465,0.014084507042253521,0.014084507042253521,92,92,2,2,0.986013986013986,0.986013986013986,1,1,0.0,0.0,48,23.440696942616515,0.0,48,0.0,0.0,47,sip_home_grocery,compact_local,compact_local
31,17ba0791499db908433b80f37c5fbc89b870084b,142,18,False,False,2218.112266738455,15.620508920693347,556.4039091318739,0.0,1,143,,sip_home_grocery,evac_out_of_zone,0,143,142,1.0,143.0,142.0,1.0,0.0,15.620508920693347,79.8362495519857,0.0,0.0,0.0,0.0,0.0,34.854959954468626,556.4039091318739,2218.112266738455,2218.112266738455,0.0,0.0,37.22374903335817,116.5848805833522,0.0,0.0,0.0,0.0,0.0,98.75417754642915,556.4039091318739,5322.996111770218,117.20583091027287,522.9617890840088,463.2419547006513,315.27787701600386,560.35100457713,146049.94002276516,499.62412898617544,1121.0983054233193,5.106382978723494,27.418694908942417,0.0,0.0,0.0,0.0,0.0,1.144999685326866e-12,180.0,720.0000000000127,0.028368794326241134,0.028368794326241134,0.028368794326241134,0.8661971830985915,0.8661971830985915,0.13380281690140844,0.13380281690140844,78,78,18,18,0.8741258741258742,0.8741258741258742,1,1,1112.872131232134,0.0,48,0.0,0.0,48,1105.240135506321,0.0,47,sip_home_grocery,compact_local,compact_local
32,19187dc98dce52fa4c4e8e05b341a9b77a51fd26,142,2,False,False,26.76175873753661,0.18846308970096204,13.380879368768305,0.0,1,143,,evac_out_of_zone,sip_hospital,2,143,142,1.0,143.0,142.0,1.0,0.0,0.18846308970096204,1.5767953362990077,0.0,0.0,0.0,0.0,0.0,0.0,13.380879368768305,26.76175873753661,26.76175873753661,0.0,0.0,0.09357258299837976,1.1150460156587219,0.0,0.0,0.0,0.0,0.0,0.0,13.380879368768305,13.380879368768305,1.1088688428334756,13.21369727616661,1.0614837929257397,13.264346465997807,13.306751482336796,14.079888797408483,0.0,0.0,2.5531914893617023,18.3972552242936,0.0,0.0,0.0,0.0,0.0,0.0,180.0,360.0,0.02127659574468085,0.014184397163120567,0.0070921985815602835,0.9859154929577465,0.9859154929577465,0.014084507042253521,0.014084507042253521,93,93,2,2,0.986013986013986,0.986013986013986,1,1,0.0,0.0,48,13.380879368768305,13.380879368768305,48,0.0,0.0,47,evac_out_of_zone,extensive_displacement,extensive_displacement
33,19a448c01aa2e7d55979473b647e282459995b85,142,1,False,False,0.0,0.0,0.0,0.0,1,143,,sip_home_grocery,sip_home_grocery,0,143,142,1.0,143.0,142.0,1.0,0.0,0.0,0.0,0.0,0.0,0.0,0.0,0.0,0.0,0.0,0.0,0.0,0.0,0.0,0.0,0.0,0.0,0.0,0.0,0.0,0.0,0.0,0.0,0.0,2.08163637513382e-28,2.08163637513382e-28,0.0,0.0,0.0,0.0,0.0,0.0,0.0,0.0,0.0,0.0,0.0,0.0,0.0,0.0,0.0,0.0,0.0,0.0,0.0,1.0,1.0,0.0,0.0,142,142,1,1,0.993006993006993,0.993006993006993,1,1,0.0,0.0,48,0.0,0.0,48,0.0,0.0,47,sip_hospital,compact_local,intermediate_directed
34,1b4a364f76e9fa8073516100ed65590c50a6d5e9,142,3,False,False,127.25104638360028,0.8961341294619738,34.99938710758243,0.0,1,143,,evac_out_of_zone,evac_out_of_zone,2,143,142,1.0,143.0,142.0,1.0,0.0,0.8961341294619738,5.290698404576688,0.0,0.0,0.0,0.0,0.0,0.0,34.99938710758243,127.25104638360028,127.25104638360028,0.0,0.0,0.444933728613987,3.754813808900409,0.0,0.0,0.0,0.0,0.0,0.0,34.99938710758243,63.62552319180014,3.734769087530841,34.36983642025969,7.405209563875011,34.015668851928744,34.81239515070719,251.89315630390806,3.2057019948430594e-06,69.62479077632221,5.1063829787234045,25.837292422808297,0.0,0.0,0.0,0.0,0.0,0.0,180.0,720.0,0.0425531914893617,0.028368794326241134,0.014184397163120567,0.971830985915493,0.971830985915493,0.028169014084507043,0.028169014084507043,69,69,3,3,0.9790209790209791,0.9790209790209791,1,1,69.99877421516486,0.0,48,0.0,0.0,48,28.62613608421771,28.62613608421771,47,evac_out_of_zone,extensive_displacement,extensive_displacement
35,1b6453892473a467d07372d45eb05abc2031647a,142,26,False,False,3332.224140575867,23.466367187153992,834.4004341278178,0.0,1,143,,evac_out_of_zone,evac_out_of_zone,2,143,142,1.0,143.0,142.0,1.0,0.0,23.466367187153992,119.57200427974894,0.0,0.0,0.0,0.0,0.0,35.026362127584115,834.4004341278178,3332.224140575867,3332.224140575867,0.0,0.0,79.5235697916848,201.72350774441895,0.0,0.0,0.0,0.0,0.0,380.8507493735868,834.4004341278178,11371.870480210928,203.13922446150244,762.5556940446361,680.4000038068176,500.03798737077756,844.3827058829044,340225.8485106305,3270.3836387695546,1690.5050969347449,5.106382978723501,27.305341937575523,0.0,0.0,0.0,0.0,0.0,7.63333123551244e-13,180.0,720.0000000000136,0.028368794326241134,0.028368794326241134,0.028368794326241134,0.8098591549295775,0.8098591549295775,0.19014084507042253,0.19014084507042253,70,70,26,26,0.8181818181818181,0.8181818181818181,1,1,805.5863252509098,805.4053471406602,48,834.4004341278178,834.4004341278178,48,1663.2206244478223,0.0,47,evac_out_of_zone,extensive_displacement,extensive_displacement
36,1c6637a8f2e1f75e06ff9984894d6bd16a3a36a9,142,2,False,False,15.528606756224482,0.10935638560721467,7.764303378112241,0.0,1,143,,sip_home_grocery,sip_hospital,0,143,142,1.0,143.0,142.0,1.0,0.0,0.10935638560721467,0.9149411648380281,0.0,0.0,0.0,0.0,0.0,0.0,7.764303378112241,15.528606756224482,15.528606756224482,0.0,0.0,0.05429582781896672,0.6470094608532838,0.0,0.0,0.0,0.0,0.0,0.0,7.764303378112241,7.764303378112241,0.6452424771252295,7.68895150906232,4.976005969918286,5.932532980215369,7.743099054900787,29.520319526288795,0.0,0.0,2.5531914893617023,18.995903873574367,0.0,0.0,0.0,0.0,0.0,0.0,180.0,360.0,0.02127659574468085,0.014184397163120567,0.0070921985815602835,0.9859154929577465,0.9859154929577465,0.014084507042253521,0.014084507042253521,93,93,2,2,0.986013986013986,0.986013986013986,1,1,0.0,0.0,48,7.764303378112241,7.764303378112241,48,0.0,0.0,47,sip_home_grocery,compact_local,compact_local
37,1cc641954099c249e0e4ef0402da3fd0364d95f0,142,1,False,False,0.0,0.0,0.0,0.0,1,143,,sip_home_grocery,sip_hospital,0,143,142,1.0,143.0,142.0,1.0,0.0,0.0,0.0,0.0,0.0,0.0,0.0,0.0,0.0,0.0,0.0,0.0,0.0,0.0,0.0,0.0,0.0,0.0,0.0,0.0,0.0,0.0,0.0,0.0,1.0097419586828951e-28,1.0097419586828951e-28,0.0,0.0,0.0,0.0,0.0,0.0,0.0,0.0,0.0,0.0,0.0,0.0,0.0,0.0,0.0,0.0,0.0,0.0,0.0,1.0,1.0,0.0,0.0,142,142,1,1,0.993006993006993,0.993006993006993,1,1,0.0,0.0,48,0.0,0.0,48,0.0,0.0,47,sip_hospital,compact_local,intermediate_directed
38,1d513c0bcbe33b2e7440e5e14d0b22ef95c9d673,142,23,False,False,2762.3908591449417,19.453456754541843,689.2197097748515,0.0,1,143,,evac_out_of_zone,evac_out_of_zone,2,143,142,1.0,143.0,142.0,1.0,0.0,19.453456754541843,98.78319495909105,0.0,0.0,0.0,0.0,0.0,34.93968544267164,689.2197097748515,2762.3908591449417,2762.3908591449417,0.0,0.0,56.34208538588336,157.2270453402624,0.0,0.0,0.0,0.0,0.0,239.75941617244032,689.2197097748515,8056.91821018132,158.13290826677078,638.0667013775422,544.7588001027912,432.8745423299923,695.8035065209381,235812.2162747315,3290.090649246299,1393.7987459250962,7.659574468085174,32.42201252345959,0.0,0.0,0.0,0.0,0.0,5.088887490341627e-13,180.0,1080.0000000000095,0.04964539007092199,0.0425531914893617,0.03546099290780142,0.823943661971831,0.823943661971831,0.176056338028169,0.176056338028169,93,93,23,23,0.8391608391608392,0.8391608391608392,1,1,1390.9580402503036,0.0,48,685.716409447319,685.716409447319,48,0.0,0.0,47,evac_out_of_zone,extensive_displacement,extensive_displacement
39,1e7b95c5614637fdcde70eb7f2d109134c95c6bf,142,1,False,False,0.0,0.0,0.0,0.0,1,143,,sip_hospital,sip_hospital,1,143,142,1.0,143.0,142.0,1.0,0.0,0.0,0.0,0.0,0.0,0.0,0.0,0.0,0.0,0.0,0.0,0.0,0.0,0.0,0.0,0.0,0.0,0.0,0.0,0.0,0.0,0.0,0.0,0.0,6.142020551546247e-28,6.142020551546247e-28,0.0,0.0,0.0,0.0,0.0,0.0,0.0,0.0,0.0,0.0,0.0,0.0,0.0,0.0,0.0,0.0,0.0,0.0,0.0,1.0,1.0,0.0,0.0,142,142,1,1,0.993006993006993,0.993006993006993,1,1,0.0,0.0,48,0.0,0.0,48,0.0,0.0,47,sip_hospital,intermediate_directed,intermediate_directed
40,1f1362ea41d1bc65be321c0a378a20159f9a26d0,142,22,False,False,3290.037621441043,23.169279024232697,539.8418261946687,0.0,1,143,,sip_hospital,evac_out_of_zone,1,143,142,1.0,143.0,142.0,1.0,0.0,23.169279024232697,98.2512435993712,0.0,0.0,0.0,0.0,0.0,34.99796015789683,539.8418261946687,3290.037621441043,3290.037621441043,0.0,0.0,51.347437662681386,139.51780245048045,0.0,0.0,0.0,0.0,0.0,239.16139942611255,539.8418261946687,7342.683585763438,140.01979790895206,490.99647769745474,391.65646067563176,375.6817994400038,542.707653916399,147138.20390892442,10908.04847809679,1102.0770062169317,9.600067858851189,36.03171981374297,0.0,0.0,0.0,0.0,0.0,1.526666247102488e-12,180.0,1353.6095680980177,0.05673758865248227,0.05673758865248227,0.04964539007092199,0.8309859154929577,0.8309859154929577,0.16901408450704225,0.16901408450704225,55,55,22,22,0.8461538461538461,0.8461538461538461,1,1,1050.3137895575624,0.0,48,0.0,0.0,48,1700.7761492644277,538.9476826190532,47,sip_hospital,intermediate_directed,intermediate_directed
41,215bb47da8fac3342b858ac3db09b033c6c46e0b,142,25,False,False,3020.375063518818,21.27024692618886,757.6739340464718,0.0,1,143,,sip_hospital,evac_out_of_zone,1,143,142,1.0,143.0,142.0,1.0,0.0,21.27024692618886,108.38899184058741,0.0,0.0,0.0,0.0,0.0,34.98034774593131,757.6739340464718,3020.375063518818,3020.375063518818,0.0,0.0,67.34233810275325,178.851812259826,0.0,0.0,0.0,0.0,0.0,310.31541494358646,757.6739340464718,9629.954348693715,180.01408552575654,696.7424629253503,607.2756781628239,464.3626663680933,764.4713436124357,281996.153132181,1829.6575574516087,1530.7662245643683,7.659574468085228,32.47155480983,0.0,0.0,0.0,0.0,0.0,9.66888623164909e-13,180.0,1080.000000000017,0.04964539007092199,0.0425531914893617,0.03546099290780142,0.8098591549295775,0.823943661971831,0.176056338028169,0.176056338028169,72,72,24,25,0.8321678321678322,0.8251748251748252,1,1,1515.6114694531673,0.0,48,0.0,0.0,48,1504.7635940656508,0.0,47,sip_hospital,intermediate_directed,intermediate_directed
42,22d200f8670dbdb3e253a90eee5098477c95c23d,142,21,False,False,3629.4037070021604,25.559181035226484,615.380628166165,0.0,1,143,,evac_out_of_zone,evac_out_of_zone,2,143,142,1.0,143.0,142.0,1.0,0.0,25.559181035226484,111.06760788769851,0.0,0.0,0.0,0.0,0.0,34.9662212356188,615.380628166165,3629.4037070021604,3629.4037070021604,0.0,0.0,50.30121674194579,143.39424446598235,0.0,0.0,0.0,0.0,0.0,204.35584472958016,615.380628166165,7193.073994098248,144.24381876359664,569.5276991315033,513.407999263306,347.7174136919964,620.0767480660775,178520.90167261916,3929.9269263519036,1245.720627783901,7.659574468085236,32.621973051915546,0.0,0.0,0.0,0.0,0.0,1.2722218725854068e-12,180.0,1080.0000000000182,0.0425531914893617,0.0425531914893617,0.0425531914893617,0.8380281690140845,0.8380281690140845,0.1619718309859155,0.1619718309859155,69,69,21,21,0.8531468531468531,0.8531468531468531,1,1,1190.2132080197155,0.0,48,616.5322021062892,615.380628166165,48,1207.2776687099906,0.0,47,evac_out_of_zone,extensive_displacement,extensive_displacement
43,25250e46745c8169531da0086e6bbc3369795330,142,1,False,False,0.0,0.0,0.0,0.0,1,143,,evac_out_of_zone,sip_hospital,2,143,142,1.0,143.0,142.0,1.0,0.0,0.0,0.0,0.0,0.0,0.0,0.0,0.0,0.0,0.0,0.0,0.0,0.0,0.0,0.0,0.0,0.0,0.0,0.0,0.0,0.0,0.0,0.0,0.0,5.048709793414476e-29,5.048709793414476e-29,0.0,0.0,0.0,0.0,0.0,0.0,0.0,0.0,0.0,0.0,0.0,0.0,0.0,0.0,0.0,0.0,0.0,0.0,0.0,1.0,1.0,0.0,0.0,142,142,1,1,0.993006993006993,0.993006993006993,1,1,0.0,0.0,48,0.0,0.0,48,0.0,0.0,47,sip_hospital,extensive_displacement,intermediate_directed
44,25293f2761d658cc70c19515861842d712751bdc,142,3,False,False,4.770843003184579,0.03359748593791957,1.575786095767495,0.0,1,143,,evac_out_of_zone,sip_home_grocery,2,143,142,1.0,143.0,142.0,1.0,0.0,0.03359748593791957,0.20754999888448694,0.0,0.0,0.0,0.0,0.0,0.0,1.575786095767495,4.770843003184579,4.770843003184579,0.0,0.0,0.016681269241904124,0.14720756127147414,0.0,0.0,0.0,0.0,0.0,0.0,1.575786095767495,2.3854215015922895,0.14654522830564867,1.5525125915792206,0.6669606176271511,1.4545177589037857,1.6001432362235832,0.9701060628281285,0.29332818675549993,3.307275749529888,5.1063829787234045,25.895900382256993,0.0,0.0,0.0,0.0,0.0,0.0,180.0,720.0,0.0425531914893617,0.028368794326241134,0.014184397163120567,0.971830985915493,0.971830985915493,0.028169014084507043,0.014084507042253521,92,92,3,3,0.9790209790209791,0.9790209790209791,1,1,3.15157219153499,0.0,48,0.0,0.0,48,1.619270811649589,0.0,47,evac_out_of_zone,extensive_displacement,extensive_displacement
45,2659fc519890c924f82b4475ddd71b058178d02b,142,1,False,False,0.0,0.0,0.0,0.0,1,143,,sip_home_grocery,sip_home_grocery,0,143,142,1.0,143.0,142.0,1.0,0.0,0.0,0.0,0.0,0.0,0.0,0.0,0.0,0.0,0.0,0.0,0.0,0.0,0.0,0.0,0.0,0.0,0.0,0.0,0.0,0.0,0.0,0.0,0.0,1.0097419586828951e-28,1.0097419586828951e-28,0.0,0.0,0.0,0.0,0.0,0.0,0.0,0.0,0.0,0.0,0.0,0.0,0.0,0.0,0.0,0.0,0.0,0.0,0.0,1.0,1.0,0.0,0.0,142,142,1,1,0.993006993006993,0.993006993006993,1,1,0.0,0.0,48,0.0,0.0,48,0.0,0.0,47,sip_hospital,compact_local,intermediate_directed
46,267b976f6f335984ab90f0f478e8a1637eabe7d5,142,2,False,False,6.360601617608663,0.044792969138089174,3.1803008088043314,0.0,1,143,,evac_out_of_zone,sip_hospital,2,143,142,1.0,143.0,142.0,1.0,0.0,0.044792969138089174,0.3747648674761372,0.0,0.0,0.0,0.0,0.0,0.0,3.1803008088043314,6.360601617608663,6.360601617608663,0.0,0.0,0.022239865795834486,0.2650185871737593,0.0,0.0,0.0,0.0,0.0,0.0,3.1803008088043314,3.1803008088043314,0.2652857687564144,3.161244779017407,3.152008789848425,0.4467189599991946,3.183507066193586,1.4080620885094082,0.0,0.0,2.5531914893617023,20.817858789649456,0.0,0.0,0.0,0.0,0.0,0.0,180.0,360.0,0.014184397163120567,0.014184397163120567,0.014184397163120567,0.9859154929577465,0.9859154929577465,0.014084507042253521,0.014084507042253521,93,93,2,2,0.986013986013986,0.986013986013986,1,1,0.0,0.0,48,3.1803008088043314,3.1803008088043314,48,0.0,0.0,47,evac_out_of_zone,extensive_displacement,extensive_displacement
47,26e7458dc56ab2830fadba7bd2c1aa10e981518d,142,2,False,False,0.6427740423537422,0.004526577763054523,0.3213870211768711,0.0,1,143,,sip_home_grocery,sip_home_grocery,0,143,142,1.0,143.0,142.0,1.0,0.0,0.004526577763054523,0.03787206671345753,0.0,0.0,0.0,0.0,0.0,0.0,0.3213870211768711,0.6427740423537422,0.6427740423537422,0.0,0.0,0.002247461686551546,0.026781596901929345,0.0,0.0,0.0,0.0,0.0,0.0,0.3213870211768711,0.3213870211768711,0.02666579777816306,0.31775965367352077,0.13921884661879033,0.2881257490914856,0.31999739771347513,0.040112534469691596,0.0,0.0,2.5531914893617023,18.643924269829526,0.0,0.0,0.0,0.0,0.0,0.0,180.0,360.0,0.02127659574468085,0.014184397163120567,0.0070921985815602835,0.9859154929577465,0.9859154929577465,0.0,0.0,96,96,2,2,0.986013986013986,0.986013986013986,1,1,0.0,0.0,48,0.0,0.0,48,0.6427740423537422,0.0,47,sip_home_grocery,compact_local,compact_local
48,2815f6b98b7a1fc00fc6bbb6d86583c410d86af7,142,1,False,False,0.0,0.0,0.0,0.0,1,143,,evac_out_of_zone,sip_hospital,2,143,142,1.0,143.0,142.0,1.0,0.0,0.0,0.0,0.0,0.0,0.0,0.0,0.0,0.0,0.0,0.0,0.0,0.0,0.0,0.0,0.0,0.0,0.0,0.0,0.0,0.0,0.0,0.0,0.0,0.0,0.0,0.0,0.0,0.0,0.0,0.0,0.0,0.0,0.0,0.0,0.0,0.0,0.0,0.0,0.0,0.0,0.0,0.0,0.0,0.0,1.0,1.0,0.0,0.0,142,142,1,1,0.993006993006993,0.993006993006993,1,1,0.0,0.0,48,0.0,0.0,48,0.0,0.0,47,sip_hospital,extensive_displacement,intermediate_directed
49,29350804a152f35fbef4117a6a434deee760dee9,142,1,False,False,0.0,0.0,0.0,0.0,1,143,,sip_hospital,sip_hospital,1,143,142,1.0,143.0,142.0,1.0,0.0,0.0,0.0,0.0,0.0,0.0,0.0,0.0,0.0,0.0,0.0,0.0,0.0,0.0,0.0,0.0,0.0,0.0,0.0,0.0,0.0,0.0,0.0,0.0,0.0,0.0,0.0,0.0,0.0,0.0,0.0,0.0,0.0,0.0,0.0,0.0,0.0,0.0,0.0,0.0,0.0,0.0,0.0,0.0,0.0,1.0,1.0,0.0,0.0,142,142,1,1,0.993006993006993,0.993006993006993,1,1,0.0,0.0,48,0.0,0.0,48,0.0,0.0,47,sip_hospital,intermediate_directed,intermediate_directed
50,2952aeca0fe15cf310ede96c437acb94b2b208f1,142,3,False,False,4.778965925961036,0.033654689619443914,2.1721198813906706,0.0,1,143,,sip_home_grocery,sip_home_grocery,0,143,142,1.0,143.0,142.0,1.0,0.0,0.033654689619443914,0.25687543374832766,0.0,0.0,0.0,0.0,0.0,0.0,2.1721198813906706,4.778965925961036,4.778965925961036,0.0,0.0,0.016709671069793833,0.18178262616392402,0.0,0.0,0.0,0.0,0.0,0.0,2.1721198813906706,2.389482962980518,0.18099998346569365,2.1461451081061247,0.9432816826308146,1.9759173185894663,2.189527250958208,1.863846613018439,0.15465493365049998,4.383967788672388,5.1063829787234045,25.9951469644882,0.0,0.0,0.0,0.0,0.0,0.0,180.0,720.0,0.0425531914893617,0.028368794326241134,0.014184397163120567,0.971830985915493,0.971830985915493,0.014084507042253521,0.014084507042253521,96,96,3,3,0.9790209790209791,0.9790209790209791,1,1,0.0,0.0,48,0.0,0.0,48,4.778965925961036,0.0,47,sip_home_grocery,compact_local,compact_local
51,2a2b47bf21a372f267deccbb420567f3d450b3c0,142,5,False,False,34.71903275147599,0.24450023064419713,6.295287041998886,0.0,1,143,,sip_home_grocery,sip_home_grocery,0,143,142,1.0,143.0,142.0,1.0,0.0,0.24450023064419713,1.0689917640876097,0.0,0.0,0.0,0.0,0.0,0.0,6.295287041998886,34.71903275147599,34.71903275147599,0.0,0.0,0.12139521941075522,0.7630992395672906,0.0,0.0,0.0,0.0,0.0,0.0,6.295287041998886,17.359516375737996,0.7659906642928943,6.2075613723224805,7.939864102957681,4.621723633573566,9.187043665868167,36.6958575720019,19.374207101280998,18.64910190000198,10.212765957446809,38.300763394451806,0.0,0.0,0.0,0.0,0.0,0.0,180.0,1440.0,0.06382978723404255,0.05673758865248227,0.04964539007092199,0.9436619718309859,0.9436619718309859,0.056338028169014086,0.056338028169014086,70,70,5,5,0.965034965034965,0.965034965034965,1,1,11.236453996486166,0.0,48,0.0,0.0,48,23.482578754989824,0.0,47,sip_home_grocery,compact_local,compact_local
52,2a459380709e2fe4ac2dae5733c73225ff6cfee1,142,23,False,False,1462.5363883294149,10.299552030488837,730.9332153354067,0.0,1,143,,evac_out_of_zone,evac_out_of_zone,2,143,142,1.0,143.0,142.0,1.0,0.0,10.299552030488837,61.93309619384436,0.0,0.0,0.0,0.0,0.0,34.88365195974669,730.9332153354067,1462.5363883294149,1462.5363883294149,0.0,0.0,56.72817426279259,158.94383105722747,0.0,0.0,0.0,0.0,0.0,239.93237882541803,730.9332153354067,8112.128919579341,159.93653500245773,680.4507527159734,600.2345915574277,428.89196629121216,737.7193800160427,257435.7942090678,26.206606310229247,1475.4484609548826,5.106382978723538,26.959713066142914,0.0,0.0,0.0,0.0,0.0,8.651108733580766e-13,180.0,720.0000000000189,0.03546099290780142,0.028368794326241134,0.02127659574468085,0.8309859154929577,0.8309859154929577,0.15492957746478872,0.15492957746478872,96,96,23,23,0.8391608391608392,0.8391608391608392,1,1,1462.5363883294146,0.0,48,0.0,0.0,48,0.0,0.0,47,evac_out_of_zone,extensive_displacement,extensive_displacement
53,2a7541babb57434e5631ffa2b5639e24f8ce84fc,142,3,False,False,25.927329224393965,0.18258682552390115,11.115215237745605,0.0,1,143,,evac_out_of_zone,sip_home_grocery,2,143,142,1.0,143.0,142.0,1.0,0.0,0.18258682552390115,1.3247257515947855,0.0,0.0,0.0,0.0,0.0,0.0,11.115215237745605,25.927329224393965,25.927329224393965,0.0,0.0,0.09065499728809079,0.9378951060792501,0.0,0.0,0.0,0.0,0.0,0.0,11.115215237745605,12.963664612196983,0.9331077878820149,10.9684305085062,2.8411422965214053,10.687106322116367,11.058315020350188,30.363589799186126,2.183661816777998,22.16797283719552,5.1063829787234045,25.817003572466053,0.0,0.0,0.0,0.0,0.0,0.0,180.0,720.0,0.0425531914893617,0.028368794326241134,0.014184397163120567,0.971830985915493,0.971830985915493,0.028169014084507043,0.028169014084507043,72,72,3,3,0.9790209790209791,0.9790209790209791,1,1,0.0,0.0,48,22.23043047549121,0.0,48,3.696898748902755,0.0,47,evac_out_of_zone,extensive_displacement,extensive_displacement
54,2a79f14120945873482b7823caabe2fcde848722,142,1,False,False,0.0,0.0,0.0,0.0,1,143,,sip_home_grocery,sip_home_grocery,0,143,142,1.0,143.0,142.0,1.0,0.0,0.0,0.0,0.0,0.0,0.0,0.0,0.0,0.0,0.0,0.0,0.0,0.0,0.0,0.0,0.0,0.0,0.0,0.0,0.0,0.0,0.0,0.0,0.0,2.2578516593487376e-28,2.2578516593487376e-28,0.0,0.0,0.0,0.0,0.0,0.0,0.0,0.0,0.0,0.0,0.0,0.0,0.0,0.0,0.0,0.0,0.0,0.0,0.0,1.0,1.0,0.0,0.0,142,142,1,1,0.993006993006993,0.993006993006993,1,1,0.0,0.0,48,0.0,0.0,48,0.0,0.0,47,sip_hospital,compact_local,intermediate_directed
55,2d0c8af807ef45ac17cafb2973d866ba8f38caa9,142,21,False,False,1338.9081763776142,9.428930819560662,650.6426816589234,0.0,1,143,,evac_out_of_zone,evac_out_of_zone,2,143,142,1.0,143.0,142.0,1.0,0.0,9.428930819560662,55.27816056950457,0.0,0.0,0.0,0.0,0.0,34.829007485100135,650.6426816589234,1338.9081763776142,1338.9081763776142,0.0,0.0,46.69221473774513,137.66988468565128,0.0,0.0,0.0,0.0,0.0,169.37773652277903,650.6426816589234,6676.986707497554,138.5134731753019,609.1991618019159,533.4774577136865,392.4579761460124,662.2850299752231,209367.48337383333,5776.339589961446,1324.6976874529948,5.1063829787235315,27.361508231678645,0.0,0.0,0.0,0.0,0.0,1.297666310037115e-12,180.0,720.000000000018,0.028368794326241134,0.028368794326241134,0.028368794326241134,0.8450704225352113,0.8450704225352113,0.15492957746478872,0.15492957746478872,98,98,21,21,0.8531468531468531,0.8531468531468531,1,1,1338.9081763776142,0.0,48,0.0,0.0,48,0.0,0.0,47,evac_out_of_zone,extensive_displacement,extensive_displacement
56,2e01e17467891f7c933dbaa00e1459d23db3fe4f,142,21,False,False,2604.3370174143297,18.34040153108683,652.7226208586438,0.0,1,143,,sip_home_grocery,evac_out_of_zone,0,143,142,1.0,143.0,142.0,1.0,0.0,18.34040153108683,93.60868097395047,0.0,0.0,0.0,0.0,0.0,34.914680525764986,652.7226208586438,2604.3370174143297,2604.3370174143297,0.0,0.0,51.117288242301875,146.5822050163938,0.0,0.0,0.0,0.0,0.0,204.546202300227,652.7226208586438,7309.772218649168,147.5118667452108,606.8304906806703,553.2849631955736,356.548627349996,658.2181812769179,197272.99416077483,225.5051238981888,1316.5051711285394,5.106382978723545,27.49921107803713,0.0,0.0,0.0,0.0,0.0,1.2722218725854068e-12,180.0,720.0000000000198,0.028368794326241134,0.028368794326241134,0.028368794326241134,0.8450704225352113,0.8450704225352113,0.15492957746478872,0.15492957746478872,93,93,21,21,0.8531468531468531,0.8531468531468531,1,1,1305.5495337751815,0.0,48,649.393741819574,649.393741819574,48,0.0,0.0,47,sip_home_grocery,compact_local,compact_local
57,2fcc820fc1d95b1e8a3a219c7e3689bb8d65042c,142,3,False,False,33.880326283045235,0.23859384706369885,11.080885661992077,0.0,1,143,,sip_hospital,sip_home_grocery,1,143,142,1.0,143.0,142.0,1.0,0.0,0.23859384706369885,1.468329226535839,0.0,0.0,0.0,0.0,0.0,0.0,11.080885661992077,33.880326283045235,33.880326283045235,0.0,0.0,0.11846267931134698,1.0414835522792696,0.0,0.0,0.0,0.0,0.0,0.0,11.080885661992077,16.940163141522618,1.036337284991326,10.909732260231205,3.527816003350773,10.447459860306648,11.02700790270037,36.856716089554624,5.429262386874002,22.228801235277903,5.1063829787234045,25.871911076831086,0.0,0.0,0.0,0.0,0.0,0.0,180.0,720.0,0.0425531914893617,0.028368794326241134,0.014184397163120567,0.971830985915493,0.971830985915493,0.028169014084507043,0.028169014084507043,72,72,3,3,0.9790209790209791,0.9790209790209791,1,1,0.0,0.0,48,22.161771323984155,0.0,48,11.718554959061079,0.0,47,sip_hospital,intermediate_directed,intermediate_directed
58,3028f51407d83338f72f994bc283572452a877de,142,1,False,False,0.0,0.0,0.0,0.0,1,143,,evac_out_of_zone,sip_hospital,2,143,142,1.0,143.0,142.0,1.0,0.0,0.0,0.0,0.0,0.0,0.0,0.0,0.0,0.0,0.0,0.0,0.0,0.0,0.0,0.0,0.0,0.0,0.0,0.0,0.0,0.0,0.0,0.0,0.0,2.0194839173657902e-28,2.0194839173657902e-28,0.0,0.0,0.0,0.0,0.0,0.0,0.0,0.0,0.0,0.0,0.0,0.0,0.0,0.0,0.0,0.0,0.0,0.0,0.0,1.0,1.0,0.0,0.0,142,142,1,1,0.993006993006993,0.993006993006993,1,1,0.0,0.0,48,0.0,0.0,48,0.0,0.0,47,sip_hospital,extensive_displacement,intermediate_directed
59,3032a4beba0cc85ba637566923b54c9addc94b63,142,3,False,False,136.42411970998506,0.960733237394261,34.998440066174105,0.0,1,143,,sip_hospital,evac_out_of_zone,1,143,142,1.0,143.0,142.0,1.0,0.0,0.960733237394261,5.645017438374186,0.0,0.0,0.0,0.0,0.0,0.0,34.998440066174105,136.42411970998506,136.42411970998506,0.0,0.0,0.47700741157337434,4.006548562995106,0.0,0.0,0.0,0.0,0.0,0.0,34.998440066174105,68.21205985499253,3.9858907654944753,34.34335360644366,9.800036728136801,33.41026117418054,34.81790159673305,327.42178660361225,3.7287720111869884e-06,69.63580493137171,5.1063829787234045,25.901120187223434,0.0,0.0,0.0,0.0,0.0,0.0,180.0,720.0,0.0425531914893617,0.028368794326241134,0.014184397163120567,0.971830985915493,0.971830985915493,0.028169014084507043,0.028169014084507043,69,69,3,3,0.9790209790209791,0.9790209790209791,1,1,69.99688013234821,0.0,48,0.0,0.0,48,33.21361978881842,33.21361978881842,47,sip_hospital,intermediate_directed,intermediate_directed
60,310b86e0b62b828562fc91c7be5380a992b2786a,142,3,False,False,42.98146744111847,0.30268639043041173,12.388048320312386,0.0,1,143,,sip_home_grocery,sip_home_grocery,0,143,142,1.0,143.0,142.0,1.0,0.0,0.30268639043041173,1.7991299543002293,0.0,0.0,0.0,0.0,0.0,0.0,12.388048320312386,42.98146744111847,42.98146744111847,0.0,0.0,0.15028485119272192,1.276722450857973,0.0,0.0,0.0,0.0,0.0,0.0,12.388048320312386,21.490733720559234,1.2719117638431539,12.188175817868215,5.643023509531856,10.97104878150442,12.337245466281315,61.90988619825027,7.989885509067503,25.0086252427799,5.106382978723405,26.298245978891135,0.0,0.0,0.0,0.0,0.0,0.0,180.0,720.0000000000001,0.0425531914893617,0.028368794326241134,0.014184397163120567,0.971830985915493,0.971830985915493,0.028169014084507043,0.028169014084507043,92,92,3,3,0.9790209790209791,0.9790209790209791,1,1,18.205370800493696,0.0,48,24.776096640624772,0.0,48,0.0,0.0,47,sip_home_grocery,compact_local,compact_local
61,31bd9b9f5f7b338e41b56183a2f3008b541d7c84,142,20,False,False,2410.5913123696114,16.975995157532473,609.8105330307831,0.0,1,143,,evac_out_of_zone,evac_out_of_zone,2,143,142,1.0,143.0,142.0,1.0,0.0,16.975995157532473,86.48740197036734,0.0,0.0,0.0,0.0,0.0,34.89063356212112,609.8105330307831,2410.5913123696114,2410.5913123696114,0.0,0.0,46.0106522077659,135.4317514076606,0.0,0.0,0.0,0.0,0.0,169.22640521892274,609.8105330307831,6579.523265710523,136.13147378242522,567.8778332247632,479.1495042581038,384.074808335996,614.0828167512251,184029.2540122187,1104.5765838410116,1228.6516957055348,5.111250023975064,26.521619647532766,0.0,0.0,0.0,0.0,0.0,1.4248884972956555e-12,179.99999999999898,720.686253380484,0.028368794326241134,0.028368794326241134,0.028368794326241134,0.852112676056338,0.852112676056338,0.14788732394366197,0.14788732394366197,77,77,20,20,0.8601398601398601,0.8601398601398601,1,1,1190.3798770043722,0.0,48,0.0,0.0,48,1220.2114353652391,0.0,47,evac_out_of_zone,extensive_displacement,extensive_displacement
62,3464dc11507c600bbff7daec3d6fb71402063a5f,142,2,False,False,22.406312948402164,0.15779093625635326,11.203156474201082,0.0,1,143,,evac_out_of_zone,sip_hospital,2,143,142,1.0,143.0,142.0,1.0,0.0,0.15779093625635326,1.3201736891507714,0.0,0.0,0.0,0.0,0.0,0.0,11.203156474201082,22.406312948402164,22.406312948402164,0.0,0.0,0.07834375156783974,0.9335735451375652,0.0,0.0,0.0,0.0,0.0,0.0,11.203156474201082,11.203156474201082,0.9343215869339071,11.133726669409425,11.011962826824238,2.1091717541906525,11.212133195250336,23.226120952535133,0.0,0.0,2.5531914893617023,20.66493485682116,0.0,0.0,0.0,0.0,0.0,0.0,180.0,360.0,0.014184397163120567,0.014184397163120567,0.014184397163120567,0.9859154929577465,0.9859154929577465,0.014084507042253521,0.014084507042253521,138,138,2,2,0.986013986013986,0.986013986013986,1,1,22.406312948402164,0.0,48,0.0,0.0,48,0.0,0.0,47,evac_out_of_zone,extensive_displacement,extensive_displacement
63,356a192b7913b04c54574d18c28d46e6395428ab,142,22,False,False,1408.7734692845565,9.92093992453913,700.038045625914,0.0,1,143,,evac_out_of_zone,evac_out_of_zone,2,143,142,1.0,143.0,142.0,1.0,0.0,9.92093992453913,59.37623333873621,0.0,0.0,0.0,0.0,0.0,34.863539981480145,700.038045625914,1408.7734692845565,1408.7734692845565,0.0,0.0,51.625526878265774,148.5267704502114,0.0,0.0,0.0,0.0,0.0,204.70881269562847,700.038045625914,7382.450343592006,149.4627749557952,654.4137576479028,579.1799963146133,407.882480540712,708.3908427295202,236237.3735763649,1500.929319771558,1417.1839016773265,5.106382978723486,26.816131864106328,0.0,0.0,0.0,0.0,0.0,4.834443115824545e-13,180.0,720.0000000000116,0.03546099290780142,0.028368794326241134,0.02127659574468085,0.8380281690140845,0.8380281690140845,0.1619718309859155,0.1619718309859155,97,97,22,22,0.8461538461538461,0.8461538461538461,1,1,1408.7734692845568,0.0,48,0.0,0.0,48,0.0,0.0,47,evac_out_of_zone,extensive_displacement,extensive_displacement
64,35e995c107a71caeb833bb3b79f9f54781b33fa1,142,10,False,False,1128.6752562730674,7.948417297697658,284.36064338280937,0.0,1,143,,sip_hospital,evac_out_of_zone,1,143,142,1.0,143.0,142.0,1.0,0.0,7.948417297697658,41.19129270308074,0.0,0.0,0.0,0.0,0.0,0.0,284.36064338280937,1128.6752562730674,1128.6752562730674,0.0,0.0,10.787745840927355,46.83157000092021,0.0,0.0,0.0,0.0,0.0,0.0,284.36064338280937,1542.647655252612,46.61958572125973,272.1460092031551,232.18809272051683,161.60014148399662,282.8885224409768,37521.62863453485,397.95860380596514,566.6172203774374,5.1063829787234445,27.362550030734404,0.0,0.0,0.0,0.0,0.0,0.0,180.0,720.0000000000057,0.028368794326241134,0.028368794326241134,0.028368794326241134,0.9225352112676056,0.9225352112676056,0.07746478873239436,0.07746478873239436,62,62,10,10,0.9300699300699301,0.9300699300699301,1,1,559.9539695074486,0.0,48,0.0,0.0,48,284.36064338280937,284.36064338280937,47,sip_hospital,intermediate_directed,intermediate_directed
65,367ac64a16d19e2afefcf7c5fab8666dda92f9de,142,3,False,False,23.154245305493724,0.16305806553164595,7.557136815186031,0.0,1,143,,evac_out_of_zone,sip_hospital,2,143,142,1.0,143.0,142.0,1.0,0.0,0.16305806553164595,1.0026925704789404,0.0,0.0,0.0,0.0,0.0,0.0,7.557136815186031,23.154245305493724,23.154245305493724,0.0,0.0,0.08095889966955848,0.7112155057144762,0.0,0.0,0.0,0.0,0.0,0.0,7.557136815186031,11.577122652746862,0.7114076959744892,7.480630153792256,4.984579514035875,7.801465899386221,9.257910299361956,38.88702710153002,14.9477856230095,19.51608691005216,5.1063829787234045,27.107077751265155,0.0,0.0,0.0,0.0,0.0,0.0,180.0,720.0,0.03546099290780142,0.028368794326241134,0.02127659574468085,0.971830985915493,0.971830985915493,0.028169014084507043,0.028169014084507043,93,93,3,3,0.9790209790209791,0.9790209790209791,1,1,8.039971675121663,0.0,48,7.557136815186031,7.557136815186031,48,0.0,0.0,47,evac_out_of_zone,extensive_displacement,extensive_displacement
66,3717862a00f88c6164a735d661d4e9c91c5d9767,142,2,False,False,14.961621217117756,0.10536352969801237,7.480810608558878,0.0,1,143,,evac_out_of_zone,sip_hospital,2,143,142,1.0,143.0,142.0,1.0,0.0,0.10536352969801237,0.8815345355286288,0.0,0.0,0.0,0.0,0.0,0.0,7.480810608558878,14.961621217117756,14.961621217117756,0.0,0.0,0.05231336089901313,0.6233856410394422,0.0,0.0,0.0,0.0,0.0,0.0,7.480810608558878,7.480810608558878,0.6239770256820242,7.435544409000321,7.359567717000591,1.3804058160020312,7.487907397796097,10.159190079808406,0.0,0.0,2.5531914893617023,20.676873487884713,0.0,0.0,0.0,0.0,0.0,0.0,180.0,360.0,0.014184397163120567,0.014184397163120567,0.014184397163120567,0.9859154929577465,0.9859154929577465,0.014084507042253521,0.014084507042253521,93,93,2,2,0.986013986013986,0.986013986013986,1,1,0.0,0.0,48,7.480810608558878,7.480810608558878,48,0.0,0.0,47,evac_out_of_zone,extensive_displacement,extensive_displacement
67,39dfc9ffd3253c48c9af5dd55c4b3e4b4b5e6229,142,2,False,False,7.60418069061517,0.053550568243768804,3.802090345307585,0.0,1,143,,sip_hospital,sip_home_grocery,1,143,142,1.0,143.0,142.0,1.0,0.0,0.053550568243768804,0.44803619847746434,0.0,0.0,0.0,0.0,0.0,0.0,3.802090345307585,7.60418069061517,7.60418069061517,0.0,0.0,0.026588044372780315,0.3168331149150745,0.0,0.0,0.0,0.0,0.0,0.0,3.802090345307585,3.802090345307585,0.3150654078983658,3.7544376407248032,0.11425145119922049,3.7791507093954535,3.780877342420048,0.43177345284899415,0.0,0.0,2.5531914893617023,18.390339783298845,0.0,0.0,0.0,0.0,0.0,0.0,180.0,360.0,0.02127659574468085,0.014184397163120567,0.0070921985815602835,0.9859154929577465,0.9859154929577465,0.014084507042253521,0.014084507042253521,116,116,2,2,0.986013986013986,0.986013986013986,1,1,7.60418069061517,0.0,48,0.0,0.0,48,0.0,0.0,47,sip_hospital,intermediate_directed,intermediate_directed
68,3a085d1bc5fa41313c4e0910e7341af761b0f7db,142,3,False,False,134.23362806667882,0.9453072399061888,34.99736885741371,0.0,1,143,,evac_out_of_zone,evac_out_of_zone,2,143,142,1.0,143.0,142.0,1.0,0.0,0.9453072399061888,5.557672751271483,0.0,0.0,0.0,0.0,0.0,0.0,34.99736885741371,134.23362806667882,134.23362806667882,0.0,0.0,0.4693483498834924,3.9445221106446997,0.0,0.0,0.0,0.0,0.0,0.0,34.99736885741371,67.11681403333941,3.9256797992459282,34.36284566506507,13.37065439951146,32.161330338190766,34.82995217041512,430.0180329804718,6.349989993537199e-06,69.6599041773078,5.1063829787234045,26.03350673971475,0.0,0.0,0.0,0.0,0.0,0.0,180.0,720.0,0.0425531914893617,0.028368794326241134,0.014184397163120567,0.971830985915493,0.971830985915493,0.028169014084507043,0.028169014084507043,69,69,3,3,0.9790209790209791,0.9790209790209791,1,1,69.99473771482742,0.0,48,0.0,0.0,48,32.1194451759257,32.1194451759257,47,evac_out_of_zone,extensive_displacement,extensive_displacement
69,3a2dc677d8e85ac856541744e288d504882feb36,142,2,False,False,7.765753430028708,0.05468840443682189,3.882876715014354,0.0,1,143,,evac_out_of_zone,sip_home_grocery,2,143,142,1.0,143.0,142.0,1.0,0.0,0.05468840443682189,0.4575560190721766,0.0,0.0,0.0,0.0,0.0,0.0,3.882876715014354,7.765753430028708,7.765753430028708,0.0,0.0,0.027152984021079397,0.32356514777917134,0.0,0.0,0.0,0.0,0.0,0.0,3.882876715014354,3.882876715014354,0.32177695643235005,3.8344149718181315,0.3597765340950331,3.8446207873877585,3.8614178941548793,1.3832043417960849,0.0,0.0,2.5531914893617023,18.400202964314204,0.0,0.0,0.0,0.0,0.0,0.0,180.0,360.0,0.02127659574468085,0.014184397163120567,0.0070921985815602835,0.9859154929577465,0.9859154929577465,0.014084507042253521,0.014084507042253521,96,96,2,2,0.986013986013986,0.986013986013986,1,1,0.0,0.0,48,0.0,0.0,48,7.765753430028708,0.0,47,evac_out_of_zone,extensive_displacement,extensive_displacement
70,3aed9b0313f9226111de8aeabaedccf8db07d428,142,3,False,False,124.18191662014499,0.8745205395784859,34.99987791196326,0.0,1,143,,sip_hospital,evac_out_of_zone,1,143,142,1.0,143.0,142.0,1.0,0.0,0.8745205395784859,5.179344502308171,0.0,0.0,0.0,0.0,0.0,0.0,34.99987791196326,124.18191662014499,124.18191662014499,0.0,0.0,0.43420250566484264,3.6756218648127317,0.0,0.0,0.0,0.0,0.0,0.0,34.99987791196326,62.090958310072494,3.6553587351976526,34.37506778637684,4.017049092966714,34.57429656390897,34.80687670998983,138.88664665201273,4.5640274983568536e-06,69.61375426487528,5.1063829787234045,25.778528393332632,0.0,0.0,0.0,0.0,0.0,0.0,180.0,720.0,0.0425531914893617,0.028368794326241134,0.014184397163120567,0.971830985915493,0.971830985915493,0.028169014084507043,0.028169014084507043,69,69,3,3,0.9790209790209791,0.9790209790209791,1,1,69.99975582392652,0.0,48,0.0,0.0,48,27.09108039810923,27.09108039810923,47,sip_hospital,intermediate_directed,intermediate_directed
71,3be76cc016a8c850661956c5f71d14c621cf6a69,142,4,False,False,78.08699630377366,0.5499084246744624,20.282913044100713,0.0,1,143,,evac_out_of_zone,sip_hospital,2,143,142,1.0,143.0,142.0,1.0,0.0,0.5499084246744624,3.0206580272470362,0.0,0.0,0.0,0.0,0.0,0.0,20.282913044100713,78.08699630377366,78.08699630377366,0.0,0.0,0.2730314556076002,2.146131443288557,0.0,0.0,0.0,0.0,0.0,0.0,20.282913044100713,39.04349815188683,2.1514467090238334,20.048754820157864,20.374395042653614,11.114881383735097,23.20897588280468,226.4589841644553,44.62256001147901,48.1584915663493,7.659574468085107,34.27859655229904,0.0,0.0,0.0,0.0,0.0,0.0,180.0,1080.0,0.0425531914893617,0.0425531914893617,0.0425531914893617,0.9577464788732394,0.9577464788732394,0.04225352112676056,0.04225352112676056,93,93,4,4,0.972027972027972,0.972027972027972,1,1,46.52604953216731,0.0,48,15.780473385803175,15.780473385803175,48,0.0,0.0,47,evac_out_of_zone,extensive_displacement,extensive_displacement
72,3c26dffc8a2e8804dfe2c8a1195cfaa5ef6d0014,142,23,False,False,5262.463390096677,37.059601338708994,658.7040078311245,0.0,1,143,,sip_hospital,evac_out_of_zone,1,143,142,1.0,143.0,142.0,1.0,0.0,37.059601338708994,141.84284586093054,0.0,0.0,0.0,0.0,0.0,35.07405971548106,658.7040078311245,5262.463390096677,5262.463390096677,0.0,0.0,60.398149399630064,163.1512229803126,0.0,0.0,0.0,0.0,0.0,274.6007030321697,658.7040078311245,8636.935364147099,163.8616514891424,601.9296443102795,468.4263577875419,469.90489033800054,663.501212232254,220115.8362875839,985.8722906962057,1327.1696336134078,10.212765957446969,37.273854157479775,0.0,0.0,0.0,0.0,0.0,1.6284439969093206e-12,180.0,1440.0000000000225,0.06382978723404255,0.05673758865248227,0.04964539007092199,0.8169014084507042,0.8169014084507042,0.18309859154929578,0.18309859154929578,45,45,23,23,0.8391608391608392,0.8391608391608392,1,1,1315.251995842998,0.0,48,1972.1114850566876,657.6918935347428,48,658.7040078311245,658.7040078311245,47,sip_hospital,intermediate_directed,intermediate_directed
73,3c331613a26f366446dd2bb9297a8b4104e340d5,142,1,False,False,0.0,0.0,0.0,0.0,1,143,,sip_hospital,sip_hospital,1,143,142,1.0,143.0,142.0,1.0,0.0,0.0,0.0,0.0,0.0,0.0,0.0,0.0,0.0,0.0,0.0,0.0,0.0,0.0,0.0,0.0,0.0,0.0,0.0,0.0,0.0,0.0,0.0,0.0,2.2578516593487376e-28,2.2578516593487376e-28,0.0,0.0,0.0,0.0,0.0,0.0,0.0,0.0,0.0,0.0,0.0,0.0,0.0,0.0,0.0,0.0,0.0,0.0,0.0,1.0,1.0,0.0,0.0,142,142,1,1,0.993006993006993,0.993006993006993,1,1,0.0,0.0,48,0.0,0.0,48,0.0,0.0,47,sip_hospital,intermediate_directed,intermediate_directed
74,3d5bdf107de596ce77e8ce48a61b585f52bbb61d,142,3,False,False,109.77473361231755,0.7730615043120954,35.001237602891244,0.0,1,143,,evac_out_of_zone,evac_out_of_zone,2,143,142,1.0,143.0,142.0,1.0,0.0,0.7730615043120954,4.714546649858598,0.0,0.0,0.0,0.0,0.0,0.0,35.001237602891244,109.77473361231755,109.77473361231755,0.0,0.0,0.38382773990320823,3.3444217981804294,0.0,0.0,0.0,0.0,0.0,0.0,35.001237602891244,54.887366806158774,3.3452542788369173,34.62786545843606,31.440369063932405,15.40544869811399,35.01177882465414,484.3529926641808,8.314433480645522e-06,70.02355780015073,5.1063829787234045,27.912478776839926,0.0,0.0,0.0,0.0,0.0,0.0,180.0,720.0,0.028368794326241134,0.028368794326241134,0.028368794326241134,0.971830985915493,0.971830985915493,0.028169014084507043,0.028169014084507043,69,69,3,3,0.9790209790209791,0.9790209790209791,1,1,70.00247520578249,0.0,48,0.0,0.0,48,19.88612920326753,19.88612920326753,47,evac_out_of_zone,extensive_displacement,extensive_displacement
75,3fcfb99ec010d4a8ba364f43169465d91ca39ada,142,3,False,False,24.410617453696577,0.17190575671617309,11.693437111965967,0.0,1,143,,sip_hospital,sip_home_grocery,1,143,142,1.0,143.0,142.0,1.0,0.0,0.17190575671617309,1.3784065162607753,0.0,0.0,0.0,0.0,0.0,0.0,11.693437111965967,24.410617453696577,24.410617453696577,0.0,0.0,0.08535180927865936,0.9750622675436174,0.0,0.0,0.0,0.0,0.0,0.0,11.693437111965967,12.205308726848289,0.9762604783369172,11.62249410223578,11.575062580327181,1.7435173985946666,11.705636533640229,20.181322998622516,2.7791731433875,23.74642989773987,5.1063829787234045,27.56084886179519,0.0,0.0,0.0,0.0,0.0,0.0,180.0,720.0,0.03546099290780142,0.028368794326241134,0.02127659574468085,0.971830985915493,0.971830985915493,0.028169014084507043,0.014084507042253521,70,70,3,3,0.9790209790209791,0.9790209790209791,1,1,1.0237432297646447,0.0,48,0.0,0.0,48,23.386874223931933,0.0,47,sip_hospital,intermediate_directed,intermediate_directed
76,40bd001563085fc35165329ea1ff5c5ecbdbbeef,142,2,False,False,0.31379420692854226,0.002209818358651706,0.15689710346427113,0.0,1,143,,evac_out_of_zone,sip_home_grocery,2,143,142,1.0,143.0,142.0,1.0,0.0,0.002209818358651706,0.018488666865850236,0.0,0.0,0.0,0.0,0.0,0.0,0.15689710346427113,0.31379420692854226,0.31379420692854226,0.0,0.0,0.0010971825417081897,0.013074438926231313,0.0,0.0,0.0,0.0,0.0,0.0,0.15689710346427113,0.15689710346427113,0.013087774323362961,0.1559588305193957,0.1558623949642999,0.019335371548140606,0.15705713214277175,0.0030136573170177782,0.0,0.0,2.553191489361702,20.873661498029104,0.0,0.0,0.0,0.0,0.0,0.0,180.0,359.99999999999994,0.014184397163120567,0.014184397163120567,0.014184397163120567,0.9859154929577465,0.9859154929577465,0.0,0.0,92,92,2,2,0.986013986013986,0.986013986013986,1,1,0.0,0.0,48,0.31379420692854226,0.0,48,0.0,0.0,47,evac_out_of_zone,extensive_displacement,extensive_displacement
77,40f7c01f4189510031adccd9c604a128adaf9b00,142,2,False,False,23.872674795931125,0.16811742814036004,11.936337397965563,0.0,1,143,,sip_hospital,sip_home_grocery,1,143,142,1.0,143.0,142.0,1.0,0.0,0.16811742814036004,1.4065713188875422,0.0,0.0,0.0,0.0,0.0,0.0,11.936337397965563,23.872674795931125,23.872674795931125,0.0,0.0,0.08347089089486408,0.9946704615112926,0.0,0.0,0.0,0.0,0.0,0.0,11.936337397965563,11.936337397965563,0.9957292942605518,11.8654839554779,11.92471277428405,0.7621486958637061,11.94904370164324,9.088404289469866,0.0,0.0,2.5531914893617023,21.069133222959618,0.0,0.0,0.0,0.0,0.0,0.0,180.0,360.0,0.014184397163120567,0.014184397163120567,0.014184397163120567,0.9859154929577465,0.9859154929577465,0.014084507042253521,0.014084507042253521,138,138,2,2,0.986013986013986,0.986013986013986,1,1,23.872674795931125,0.0,48,0.0,0.0,48,0.0,0.0,47,sip_hospital,intermediate_directed,intermediate_directed
78,42d2a6ad49f93ab4b987b1a9e738425aacb8d2af,142,1,False,False,0.0,0.0,0.0,0.0,1,143,,evac_out_of_zone,sip_hospital,2,143,142,1.0,143.0,142.0,1.0,0.0,0.0,0.0,0.0,0.0,0.0,0.0,0.0,0.0,0.0,0.0,0.0,0.0,0.0,0.0,0.0,0.0,0.0,0.0,0.0,0.0,0.0,0.0,0.0,2.08163637513382e-28,2.08163637513382e-28,0.0,0.0,0.0,0.0,0.0,0.0,0.0,0.0,0.0,0.0,0.0,0.0,0.0,0.0,0.0,0.0,0.0,0.0,0.0,1.0,1.0,0.0,0.0,142,142,1,1,0.993006993006993,0.993006993006993,1,1,0.0,0.0,48,0.0,0.0,48,0.0,0.0,47,sip_hospital,extensive_displacement,intermediate_directed
79,431bf3b995a99c2cd6899b97187d1542a965cec9,142,3,False,False,57.732969232371076,0.4065702058617681,23.183256731896204,0.0,1,143,,sip_hospital,sip_hospital,1,143,142,1.0,143.0,142.0,1.0,0.0,0.4065702058617681,2.8034842991064073,0.0,0.0,0.0,0.0,0.0,0.0,23.183256731896204,57.732969232371076,57.732969232371076,0.0,0.0,0.20186352878451425,1.9858509677135554,0.0,0.0,0.0,0.0,0.0,0.0,23.183256731896204,28.866484616185538,1.9747731888049975,22.853193794346968,0.8084539798950954,23.039751510005956,23.05393128037884,18.626578804058347,5.954312499386688e-06,46.107861542783255,5.1063829787234045,25.756574474951897,0.0,0.0,0.0,0.0,0.0,0.0,180.0,720.0,0.0425531914893617,0.028368794326241134,0.014184397163120567,0.971830985915493,0.971830985915493,0.028169014084507043,0.028169014084507043,69,69,3,3,0.9790209790209791,0.9790209790209791,1,1,46.36651346379241,0.0,48,0.0,0.0,48,5.683227884289333,5.683227884289333,47,sip_hospital,intermediate_directed,intermediate_directed
80,450ddec8dd206c2e2ab1aeeaa90e85e51753b8b7,142,24,False,False,3002.7690966933324,21.14626124431924,765.6912828509004,0.0,1,143,,evac_out_of_zone,evac_out_of_zone,2,143,142,1.0,143.0,142.0,1.0,0.0,21.14626124431924,107.92963443213266,0.0,0.0,0.0,0.0,0.0,34.97687272735416,765.6912828509004,3002.7690966933324,3002.7690966933324,0.0,0.0,67.38518918487341,179.03095592996834,0.0,0.0,0.0,0.0,0.0,310.2722734263655,765.6912828509004,9636.082053436898,180.16172795791854,704.7201690468515,599.8704656676344,486.65242837800173,772.4475138328239,291928.418829397,1693.7954735505805,1545.559527261905,5.106382978723541,26.423287560147333,0.0,0.0,0.0,0.0,0.0,1.3994440598439474e-12,179.99999999999977,720.0000000000193,0.028368794326241134,0.028368794326241134,0.028368794326241134,0.823943661971831,0.823943661971831,0.176056338028169,0.176056338028169,68,68,24,24,0.8321678321678322,0.8321678321678322,1,1,1470.5643207258722,0.0,48,1532.2047759674601,0.0,48,0.0,0.0,47,evac_out_of_zone,extensive_displacement,extensive_displacement
81,45cbe19f37712e7f4e2fcfe27422a2410971f95f,142,4,False,False,206.13447895722481,1.4516512602621465,42.779916458417524,0.0,1,143,,evac_out_of_zone,evac_out_of_zone,2,143,142,1.0,143.0,142.0,1.0,0.0,1.4516512602621465,7.066062825445896,0.0,0.0,0.0,0.0,0.0,0.0,42.779916458417524,206.13447895722481,206.13447895722481,0.0,0.0,0.720749926423863,5.031584366126732,0.0,0.0,0.0,0.0,0.0,0.0,42.779916458417524,103.06723947861241,5.033481947277401,42.07953039091035,38.750053418399894,18.17460608400287,42.80050170544172,704.266956613487,12.776058164459428,85.62892380926682,7.659574468085107,33.951009699000124,0.0,0.0,0.0,0.0,0.0,0.0,180.0,1080.0,0.0425531914893617,0.0425531914893617,0.0425531914893617,0.9577464788732394,0.9577464788732394,0.04225352112676056,0.04225352112676056,46,46,4,4,0.972027972027972,0.972027972027972,1,1,70.00247520578249,0.0,48,42.779916458417524,42.779916458417524,48,25.286085417303646,25.286085417303646,47,evac_out_of_zone,extensive_displacement,extensive_displacement
82,472b07b9fcf2c2451e8781e944bf5f77cd8457c8,142,10,False,False,606.8376313066672,4.2735044458216,303.4146788999907,0.0,1,143,,sip_home_grocery,evac_out_of_zone,0,143,142,1.0,143.0,142.0,1.0,0.0,4.2735044458216,26.512533688592075,0.0,0.0,0.0,0.0,0.0,0.0,303.4146788999907,606.8376313066672,606.8376313066672,0.0,0.0,10.919736509406508,47.624116054107205,0.0,0.0,0.0,0.0,0.0,0.0,303.4146788999907,1561.5223208451307,47.373663709080574,290.70331295399313,220.44736966138976,205.78462729199762,301.56981881536456,45364.679803270315,0.00014425580179941414,603.1396377272713,2.553191489361725,19.22123145895562,0.0,0.0,0.0,0.0,0.0,0.0,179.9999999999996,360.00000000000324,0.014184397163120567,0.014184397163120567,0.014184397163120567,0.9295774647887324,0.9295774647887324,0.07042253521126761,0.07042253521126761,108,108,10,10,0.9300699300699301,0.9300699300699301,1,1,606.8376313066672,0.0,48,0.0,0.0,48,0.0,0.0,47,sip_home_grocery,compact_local,compact_local
83,49e3d046636e06b2d82ee046db8e6eb9a2e11e16,142,2,False,False,17.573277277375166,0.12375547378433215,8.786638638687583,0.0,1,143,,sip_hospital,sip_hospital,1,143,142,1.0,143.0,142.0,1.0,0.0,0.12375547378433215,1.0354125798013643,0.0,0.0,0.0,0.0,0.0,0.0,8.786638638687583,17.573277277375166,17.573277277375166,0.0,0.0,0.06144502544536771,0.7322019827762198,0.0,0.0,0.0,0.0,0.0,0.0,8.786638638687583,8.786638638687583,0.7281794839532666,8.677260007673118,1.0011014925142248,8.680833018000602,8.738367472515884,8.690394890587164,0.0,0.0,2.5531914893617023,18.40586625202195,0.0,0.0,0.0,0.0,0.0,0.0,180.0,360.0,0.02127659574468085,0.014184397163120567,0.0070921985815602835,0.9859154929577465,0.9859154929577465,0.014084507042253521,0.014084507042253521,93,93,2,2,0.986013986013986,0.986013986013986,1,1,0.0,0.0,48,8.786638638687583,8.786638638687583,48,0.0,0.0,47,sip_hospital,intermediate_directed,intermediate_directed
84,4af7f9edc0f545f4de769f2e9e763df919915cab,142,4,False,False,105.69475377703323,0.7443292519509382,34.4799977872406,0.0,1,143,,evac_out_of_zone,sip_hospital,2,143,142,1.0,143.0,142.0,1.0,0.0,0.7443292519509382,4.503147889887231,0.0,0.0,0.0,0.0,0.0,0.0,34.4799977872406,105.69475377703323,105.69475377703323,0.0,0.0,0.3695620761434728,3.1948031089154747,0.0,0.0,0.0,0.0,0.0,0.0,34.4799977872406,52.847376888516614,3.178325776708307,33.933146247419934,7.501856655416844,33.465773970003305,34.29629543682193,251.05543918554508,20.094820691863994,69.2568055704059,7.659574468085107,32.400669227038335,0.0,0.0,0.0,0.0,0.0,0.0,180.0,1080.0,0.05673758865248227,0.0425531914893617,0.028368794326241134,0.9577464788732394,0.9577464788732394,0.04225352112676056,0.04225352112676056,69,69,4,4,0.972027972027972,0.972027972027972,1,1,71.73587065813338,0.0,48,0.0,0.0,48,16.979441559449924,16.979441559449924,47,evac_out_of_zone,extensive_displacement,extensive_displacement
85,4afa8f9e90756f0f919a124a1dfbba19be004edc,142,5,False,False,150.53133014165996,1.0600797897299998,30.528759997950484,0.0,1,143,,evac_out_of_zone,sip_hospital,2,143,142,1.0,143.0,142.0,1.0,0.0,1.0600797897299998,4.976299954970707,0.0,0.0,0.0,0.0,0.0,0.0,30.528759997950484,150.53133014165996,150.53133014165996,0.0,0.0,0.5263333221736363,3.5462830250728916,0.0,0.0,0.0,0.0,0.0,0.0,30.528759997950484,75.26566507082998,3.532549740858781,29.89660078627459,15.514483293673383,26.16523619400305,30.41905286095604,405.94011980687844,60.9749154101515,62.43599073359148,10.212765957446809,36.42214692846487,0.0,0.0,0.0,0.0,0.0,0.0,180.0,1440.0,0.0851063829787234,0.05673758865248227,0.028368794326241134,0.9436619718309859,0.9436619718309859,0.056338028169014086,0.056338028169014086,46,46,5,5,0.965034965034965,0.965034965034965,1,1,63.41229678923975,0.0,48,30.528759997950484,30.528759997950484,48,13.030756678259623,13.030756678259623,47,evac_out_of_zone,extensive_displacement,extensive_displacement
86,4b2e392816d93bae3b562a1200b0c7a3f3fd76d4,142,2,False,False,1.430159367184043,0.010071544839324246,0.7150796835920215,0.0,1,143,,sip_hospital,sip_hospital,1,143,142,1.0,143.0,142.0,1.0,0.0,0.010071544839324246,0.08426458972508155,0.0,0.0,0.0,0.0,0.0,0.0,0.7150796835920215,1.430159367184043,1.430159367184043,0.0,0.0,0.005000557227916234,0.05958851657603561,0.0,0.0,0.0,0.0,0.0,0.0,0.7150796835920215,0.7150796835920215,0.05947476821869883,0.7087236582497078,0.5287943208934233,0.4793382900005131,0.7137146699275226,0.2534713655390361,0.0,0.0,2.5531914893617023,19.25052428130522,0.0,0.0,0.0,0.0,0.0,0.0,180.0,360.0,0.014184397163120567,0.014184397163120567,0.014184397163120567,0.9859154929577465,0.9859154929577465,0.014084507042253521,0.0,93,93,2,2,0.986013986013986,0.986013986013986,1,1,0.0,0.0,48,0.7150796835920215,0.7150796835920215,48,0.0,0.0,47,sip_hospital,intermediate_directed,intermediate_directed
87,4c15dc21c91634c1b301de6236eb08ead86be4ae,142,1,False,False,0.0,0.0,0.0,0.0,1,143,,sip_hospital,sip_hospital,1,143,142,1.0,143.0,142.0,1.0,0.0,0.0,0.0,0.0,0.0,0.0,0.0,0.0,0.0,0.0,0.0,0.0,0.0,0.0,0.0,0.0,0.0,0.0,0.0,0.0,0.0,0.0,0.0,0.0,2.0194839173657902e-28,2.0194839173657902e-28,0.0,0.0,0.0,0.0,0.0,0.0,0.0,0.0,0.0,0.0,0.0,0.0,0.0,0.0,0.0,0.0,0.0,0.0,0.0,1.0,1.0,0.0,0.0,142,142,1,1,0.993006993006993,0.993006993006993,1,1,0.0,0.0,48,0.0,0.0,48,0.0,0.0,47,sip_hospital,intermediate_directed,intermediate_directed
88,4c8205da3610a61583b64c7faeb86dd040cace63,142,2,False,False,9.377456395489057,0.06603842532034547,4.6887281977445285,0.0,1,143,,sip_hospital,sip_hospital,1,143,142,1.0,143.0,142.0,1.0,0.0,0.06603842532034547,0.5525171068078881,0.0,0.0,0.0,0.0,0.0,0.0,4.6887281977445285,9.377456395489057,9.377456395489057,0.0,0.0,0.032788309075136565,0.3907177959921316,0.0,0.0,0.0,0.0,0.0,0.0,4.6887281977445285,4.6887281977445285,0.39114688844913703,4.661053115420239,4.6883902060156855,0.22689784799596707,4.693877433134467,1.0637856483103278,0.0,0.0,2.553191489361702,21.120852911911328,0.0,0.0,0.0,0.0,0.0,0.0,180.0,359.99999999999994,0.014184397163120567,0.014184397163120567,0.014184397163120567,0.9859154929577465,0.9859154929577465,0.014084507042253521,0.014084507042253521,93,93,2,2,0.986013986013986,0.986013986013986,1,1,0.0,0.0,48,4.6887281977445285,4.6887281977445285,48,0.0,0.0,47,sip_hospital,intermediate_directed,intermediate_directed
89,4cd66dfabbd964f8c6c4414b07cdb45dae692e19,142,20,False,False,2322.9961575233656,16.359127869882855,583.0539925887164,0.0,1,143,,evac_out_of_zone,evac_out_of_zone,2,143,142,1.0,143.0,142.0,1.0,0.0,16.359127869882855,82.1647678953167,0.0,0.0,0.0,0.0,0.0,34.90788837948181,583.0539925887164,2322.9961575233656,2322.9961575233656,0.0,0.0,45.61774013740478,133.88996458101312,0.0,0.0,0.0,0.0,0.0,169.08154861551506,598.7897316946936,6523.336839648884,134.70874373168851,557.7078559984448,527.9870468996588,292.4114458028771,603.5518000390285,154389.4557491207,4225.005798426646,1210.1858377224355,5.449231921795811,27.87827561237579,0.0,0.0,0.0,0.0,0.0,1.0432219355200335e-12,179.99999999999986,768.3417009732094,0.028368794326241134,0.028368794326241134,0.028368794326241134,0.852112676056338,0.852112676056338,0.14788732394366197,0.14788732394366197,67,67,20,20,0.8601398601398601,0.8601398601398601,1,1,1120.2024852310922,0.0,48,1202.7936722922734,0.0,48,0.0,0.0,47,evac_out_of_zone,extensive_displacement,extensive_displacement
90,4d134bc072212ace2df385dae143139da74ec0ef,142,17,False,False,2001.1479175290058,14.092590968514125,509.4456478338206,0.0,1,143,,evac_out_of_zone,evac_out_of_zone,2,143,142,1.0,143.0,142.0,1.0,0.0,14.092590968514125,72.182413002723,0.0,0.0,0.0,0.0,0.0,34.827819909040656,509.4456478338206,2001.1479175290058,2001.1479175290058,0.0,0.0,32.83433473338754,105.9345857740878,0.0,0.0,0.0,0.0,0.0,63.44212125837891,509.4456478338206,4695.309866874419,106.35054575371204,479.31010847492837,390.7938030088758,331.1738846820003,512.2459744746725,129420.70185210176,1634.3992669686552,1026.642831512311,5.116679432747716,25.664156406171447,0.0,0.0,0.0,0.0,0.0,5.088887490341627e-14,179.99999999999972,721.451800017428,0.028368794326241134,0.028368794326241134,0.028368794326241134,0.8732394366197183,0.8732394366197183,0.1267605633802817,0.1267605633802817,68,68,17,17,0.8811188811188811,0.8811188811188811,1,1,980.2246541062307,0.0,48,1020.9232634227751,0.0,48,0.0,0.0,47,evac_out_of_zone,extensive_displacement,extensive_displacement
91,4d89d294cd4ca9f2ca57dc24a53ffb3ef5303122,142,22,False,False,3990.385785228853,28.101308346682064,665.7181128331059,0.0,1,143,,sip_home_grocery,evac_out_of_zone,0,143,142,1.0,143.0,142.0,1.0,0.0,28.101308346682064,122.26204650521483,0.0,0.0,0.0,0.0,0.0,35.00576477029002,665.7181128331059,3990.385785228853,3990.385785228853,0.0,0.0,55.97335710586886,155.96537369772574,0.0,0.0,0.0,0.0,0.0,239.72952608812236,665.7181128331059,8004.1900661392465,156.98118511585875,615.0726034919106,565.4090707870677,364.1225152140207,672.5121734318867,205878.17297980937,1039.8777580882374,1345.0917310003647,7.659574468085218,33.38555744120001,0.0,0.0,0.0,0.0,0.0,1.2467774351336986e-12,180.0,1080.0000000000157,0.0425531914893617,0.0425531914893617,0.0425531914893617,0.8309859154929577,0.8309859154929577,0.16901408450704225,0.16901408450704225,46,46,22,22,0.8461538461538461,0.8461538461538461,1,1,1330.1498252513773,0.0,48,665.7181128331059,665.7181128331059,48,664.3998671556318,664.3998671556318,47,sip_home_grocery,compact_local,compact_local
92,4dea1daedbe9dc1d643b0f0eb8ab57c7d532f771,142,3,False,False,11.394194008875987,0.08024080287940835,4.842818915701214,0.0,1,143,,evac_out_of_zone,sip_home_grocery,2,143,142,1.0,143.0,142.0,1.0,0.0,0.08024080287940835,0.578068011806536,0.0,0.0,0.0,0.0,0.0,0.0,4.842818915701214,11.394194008875987,11.394194008875987,0.0,0.0,0.03983983919187408,0.4092951016593299,0.0,0.0,0.0,0.0,0.0,0.0,4.842818915701214,5.697097004437993,0.4080569055296912,4.788830794020401,0.8040110393909804,5.60329710754859,5.6606865508456625,4.505112731456616,0.2507159910785,11.326818439775023,5.1063829787234045,25.77905360267337,0.0,0.0,0.0,0.0,0.0,0.0,180.0,720.0,0.0425531914893617,0.028368794326241134,0.014184397163120567,0.971830985915493,0.971830985915493,0.028169014084507043,0.014084507042253521,92,92,3,3,0.9790209790209791,0.9790209790209791,1,1,9.685637831402428,0.0,48,1.708556177473559,0.0,48,0.0,0.0,47,evac_out_of_zone,extensive_displacement,extensive_displacement
93,4f0f5c96ca8457ccd84c30f91c0555bd7e615c81,142,2,False,False,1.1562996124551683,0.008142955017289918,0.5781498062275842,0.0,1,143,,sip_home_grocery,sip_hospital,0,143,142,1.0,143.0,142.0,1.0,0.0,0.008142955017289918,0.06812884960831567,0.0,0.0,0.0,0.0,0.0,0.0,0.5781498062275842,1.1562996124551683,1.1562996124551683,0.0,0.0,0.004043005637955134,0.048177972472617125,0.0,0.0,0.0,0.0,0.0,0.0,0.5781498062275842,0.5781498062275842,0.048228132744942365,0.5747045292191955,0.5751130433599976,0.06479636399982543,0.5787517442136968,0.03726523409860179,0.0,0.0,2.553191489361702,20.9100280285649,0.0,0.0,0.0,0.0,0.0,0.0,180.0,359.99999999999994,0.014184397163120567,0.014184397163120567,0.014184397163120567,0.9859154929577465,0.9859154929577465,0.014084507042253521,0.0,93,93,2,2,0.986013986013986,0.986013986013986,1,1,0.0,0.0,48,0.5781498062275842,0.5781498062275842,48,0.0,0.0,47,sip_home_grocery,compact_local,compact_local
94,50336bc687eb161ee9fb0ddb8cf2b7e65bad865f,142,1,False,False,0.0,0.0,0.0,0.0,1,143,,sip_home_grocery,sip_home_grocery,0,143,142,1.0,143.0,142.0,1.0,0.0,0.0,0.0,0.0,0.0,0.0,0.0,0.0,0.0,0.0,0.0,0.0,0.0,0.0,0.0,0.0,0.0,0.0,0.0,0.0,0.0,0.0,0.0,0.0,5.048709793414476e-29,5.048709793414476e-29,0.0,0.0,0.0,0.0,0.0,0.0,0.0,0.0,0.0,0.0,0.0,0.0,0.0,0.0,0.0,0.0,0.0,0.0,0.0,1.0,1.0,0.0,0.0,142,142,1,1,0.993006993006993,0.993006993006993,1,1,0.0,0.0,48,0.0,0.0,48,0.0,0.0,47,sip_hospital,compact_local,intermediate_directed
95,511a418e72591eb7e33f703f04c3fa16df6c90bd,142,20,False,False,1298.1355750675132,9.141799824419106,649.0164447662786,0.0,1,143,,sip_home_grocery,evac_out_of_zone,0,143,142,1.0,143.0,142.0,1.0,0.0,9.141799824419106,55.14263770684147,0.0,0.0,0.0,0.0,0.0,34.834412290482184,649.0164447662786,1298.1355750675132,1298.1355750675132,0.0,0.0,46.54272526227814,137.64026629286445,0.0,0.0,0.0,0.0,0.0,169.3243125898694,649.0164447662786,6655.609712505774,138.53024354144245,607.8827639901882,578.0516891988991,307.3455194040078,654.6793288957732,177661.59665919974,0.00048332978319237565,1309.3586570609782,2.553191489361824,19.81636314401842,0.0,0.0,0.0,0.0,0.0,6.106664988409952e-13,179.9999999999997,360.00000000001717,0.014184397163120567,0.014184397163120567,0.014184397163120567,0.8591549295774648,0.8591549295774648,0.14084507042253522,0.14084507042253522,98,98,20,20,0.8601398601398601,0.8601398601398601,1,1,1298.135575067513,0.0,48,0.0,0.0,48,0.0,0.0,47,sip_home_grocery,compact_local,compact_local
96,524e05dc77239f3a15dab766aaa59a9e432efde7,142,3,False,False,11.460223537360527,0.08070579955887695,3.5444678468196527,0.0,1,143,,sip_hospital,sip_home_grocery,1,143,142,1.0,143.0,142.0,1.0,0.0,0.08070579955887695,0.4875613131316893,0.0,0.0,0.0,0.0,0.0,0.0,3.5444678468196527,11.460223537360527,11.460223537360527,0.0,0.0,0.04007071166909275,0.3459120104557707,0.0,0.0,0.0,0.0,0.0,0.0,3.5444678468196527,5.730111768680263,0.34823456687654714,3.536402912049501,5.568552073611308,0.7114949815901301,5.613821987322784,3.9619968550977585,1.8383685210575005,11.304478120675792,5.1063829787234045,28.760707982808302,0.0,0.0,0.0,0.0,0.0,0.0,180.0,720.0,0.028368794326241134,0.028368794326241134,0.028368794326241134,0.971830985915493,0.971830985915493,0.028169014084507043,0.028169014084507043,72,72,3,3,0.9790209790209791,0.9790209790209791,1,1,0.0,0.0,48,4.3712878437212215,0.0,48,7.088935693639305,0.0,47,sip_hospital,intermediate_directed,intermediate_directed
97,52fdb9f68c503e11d168fe52035901864c0a4861,142,1,False,False,0.0,0.0,0.0,0.0,1,143,,sip_hospital,sip_hospital,1,143,142,1.0,143.0,142.0,1.0,0.0,0.0,0.0,0.0,0.0,0.0,0.0,0.0,0.0,0.0,0.0,0.0,0.0,0.0,0.0,0.0,0.0,0.0,0.0,0.0,0.0,0.0,0.0,0.0,0.0,0.0,0.0,0.0,0.0,0.0,0.0,0.0,0.0,0.0,0.0,0.0,0.0,0.0,0.0,0.0,0.0,0.0,0.0,0.0,0.0,1.0,1.0,0.0,0.0,142,142,1,1,0.993006993006993,0.993006993006993,1,1,0.0,0.0,48,0.0,0.0,48,0.0,0.0,47,sip_hospital,intermediate_directed,intermediate_directed
98,536fb6934062440c464ca2eef82b0be8e6b36cc8,142,3,False,False,21.929419783903178,0.154432533689459,7.95674069546221,0.0,1,143,,sip_hospital,sip_home_grocery,1,143,142,1.0,143.0,142.0,1.0,0.0,0.154432533689459,0.9976330667859,0.0,0.0,0.0,0.0,0.0,0.0,7.95674069546221,21.929419783903178,21.929419783903178,0.0,0.0,0.0766762929507104,0.7071901845764326,0.0,0.0,0.0,0.0,0.0,0.0,7.95674069546221,10.964709891951589,0.7044608975920282,7.848202516377558,3.876928685454451,7.689881288124622,8.611901663253521,29.813121353669768,9.790356980891499,17.607446265334953,5.1063829787234045,26.282546848411613,0.0,0.0,0.0,0.0,0.0,0.0,180.0,720.0,0.0425531914893617,0.028368794326241134,0.014184397163120567,0.971830985915493,0.971830985915493,0.028169014084507043,0.028169014084507043,92,92,3,3,0.9790209790209791,0.9790209790209791,1,1,6.0159383929787555,0.0,48,15.91348139092442,0.0,48,0.0,0.0,47,sip_hospital,intermediate_directed,intermediate_directed
99,54ceb91256e8190e474aa752a6e0650a2df5ba37,142,19,False,False,1188.883716470209,8.372420538522599,593.6125914147852,0.0,1,143,,sip_hospital,evac_out_of_zone,1,143,142,1.0,143.0,142.0,1.0,0.0,8.372420538522599,50.57138966824021,0.0,0.0,0.0,0.0,0.0,34.80059531879975,593.6125914147852,1188.883716470209,1188.883716470209,0.0,0.0,37.55862844803881,118.05825594937727,0.0,0.0,0.0,0.0,0.0,98.79240362163809,593.6125914147852,5370.88386806955,118.75797689756335,560.6724345432269,527.3801958605296,284.16368030399684,599.0649949628192,149862.29737517078,174.48444708186383,1198.1399489801543,5.1063829787234765,28.073991379482315,0.0,0.0,0.0,0.0,0.0,1.0432219355200335e-12,180.0,720.0000000000102,0.028368794326241134,0.028368794326241134,0.028368794326241134,0.8591549295774648,0.8591549295774648,0.14084507042253522,0.1267605633802817,100,100,19,19,0.8671328671328671,0.8671328671328671,1,1,1188.8837164702093,0.0,48,0.0,0.0,48,0.0,0.0,47,sip_hospital,intermediate_directed,intermediate_directed
100,56ad4d4deaec98465c419b4a8ea7bfc1ed38c4d9,142,1,False,False,0.0,0.0,0.0,0.0,1,143,,sip_hospital,sip_home_grocery,1,143,142,1.0,143.0,142.0,1.0,0.0,0.0,0.0,0.0,0.0,0.0,0.0,0.0,0.0,0.0,0.0,0.0,0.0,0.0,0.0,0.0,0.0,0.0,0.0,0.0,0.0,0.0,0.0,0.0,5.048709793414476e-29,5.048709793414476e-29,0.0,0.0,0.0,0.0,0.0,0.0,0.0,0.0,0.0,0.0,0.0,0.0,0.0,0.0,0.0,0.0,0.0,0.0,0.0,1.0,1.0,0.0,0.0,142,142,1,1,0.993006993006993,0.993006993006993,1,1,0.0,0.0,48,0.0,0.0,48,0.0,0.0,47,sip_hospital,intermediate_directed,intermediate_directed
101,572e20738130fddc7c389f2ab14f4e4b22a97c39,142,4,False,False,33.65042744728467,0.23697484117806106,14.880548507596242,0.0,1,143,,evac_out_of_zone,sip_home_grocery,2,143,142,1.0,143.0,142.0,1.0,0.0,0.23697484117806106,1.759852086916791,0.0,0.0,0.0,0.0,0.0,0.0,14.880548507596242,33.65042744728467,33.65042744728467,0.0,0.0,0.11765883722826807,1.2456923044482524,0.0,0.0,0.0,0.0,0.0,0.0,14.880548507596242,16.825213723642335,1.245239943276807,14.757280947414124,13.259579135405136,6.855429069118688,14.926933595678275,90.900104249136,4.235268521026496,29.903585491558296,7.659574468085107,34.82253279085331,0.0,0.0,0.0,0.0,0.0,0.0,180.0,1080.0,0.0425531914893617,0.0425531914893617,0.0425531914893617,0.9577464788732394,0.9577464788732394,0.028169014084507043,0.028169014084507043,68,68,4,4,0.972027972027972,0.972027972027972,1,1,29.761097015192483,0.0,48,0.8880648399579075,0.0,48,3.001265592134283,0.0,47,evac_out_of_zone,extensive_displacement,extensive_displacement
102,584130e068c3f0f36bf0a7ef9308031af8fb6462,142,1,False,False,0.0,0.0,0.0,0.0,1,143,,sip_hospital,sip_hospital,1,143,142,1.0,143.0,142.0,1.0,0.0,0.0,0.0,0.0,0.0,0.0,0.0,0.0,0.0,0.0,0.0,0.0,0.0,0.0,0.0,0.0,0.0,0.0,0.0,0.0,0.0,0.0,0.0,0.0,0.0,0.0,0.0,0.0,0.0,0.0,0.0,0.0,0.0,0.0,0.0,0.0,0.0,0.0,0.0,0.0,0.0,0.0,0.0,0.0,0.0,1.0,1.0,0.0,0.0,142,142,1,1,0.993006993006993,0.993006993006993,1,1,0.0,0.0,48,0.0,0.0,48,0.0,0.0,47,sip_hospital,intermediate_directed,intermediate_directed
103,58f0744907ea8bd8e0f51e568f1536289ceb40a5,142,1,False,False,0.0,0.0,0.0,0.0,1,143,,evac_out_of_zone,sip_home_grocery,2,143,142,1.0,143.0,142.0,1.0,0.0,0.0,0.0,0.0,0.0,0.0,0.0,0.0,0.0,0.0,0.0,0.0,0.0,0.0,0.0,0.0,0.0,0.0,0.0,0.0,0.0,0.0,0.0,0.0,5.048709793414476e-29,5.048709793414476e-29,0.0,0.0,0.0,0.0,0.0,0.0,0.0,0.0,0.0,0.0,0.0,0.0,0.0,0.0,0.0,0.0,0.0,0.0,0.0,1.0,1.0,0.0,0.0,142,142,1,1,0.993006993006993,0.993006993006993,1,1,0.0,0.0,48,0.0,0.0,48,0.0,0.0,47,sip_hospital,extensive_displacement,intermediate_directed
104,59129aacfb6cebbe2c52f30ef3424209f7252e82,142,22,False,False,3997.740916709646,28.153105047251028,668.835047084711,0.0,1,143,,sip_home_grocery,evac_out_of_zone,0,143,142,1.0,143.0,142.0,1.0,0.0,28.153105047251028,122.52995980756691,0.0,0.0,0.0,0.0,0.0,35.00926580303434,668.835047084711,3997.740916709646,3997.740916709646,0.0,0.0,56.00330447890309,156.07626061020858,0.0,0.0,0.0,0.0,0.0,239.75381264939375,668.835047084711,8008.4725404831415,157.09057630617764,618.2037376656568,563.8051961772318,370.25361120600326,674.5102192313568,208750.90990132917,834.3454319811842,1349.7549810069572,7.659574468085187,33.35716530503432,0.0,0.0,0.0,0.0,0.0,6.615553737444115e-13,180.0,1080.0000000000114,0.0425531914893617,0.0425531914893617,0.0425531914893617,0.8309859154929577,0.8309859154929577,0.16901408450704225,0.16901408450704225,46,46,22,22,0.8461538461538461,0.8461538461538461,1,1,1330.2823582461847,0.0,48,668.835047084711,668.835047084711,48,664.8942321470197,664.8942321470197,47,sip_home_grocery,compact_local,compact_local
105,5a5b0f9b7d3f8fc84c3cef8fd8efaaa6c70d75ab,142,23,False,False,4059.2915200402185,28.586560000283228,681.1962916630993,0.0,1,143,,sip_hospital,evac_out_of_zone,1,143,142,1.0,143.0,142.0,1.0,0.0,28.586560000283228,124.41311491103346,0.0,0.0,0.0,0.0,0.0,35.013700040124284,681.1962916630993,4059.2915200402185,4059.2915200402185,0.0,0.0,60.94615746918099,165.12436960943128,0.0,0.0,0.0,0.0,0.0,274.87803017322784,681.1962916630993,8715.300518092881,166.1914291518902,625.5893367680657,565.6750017206662,395.6900541659965,690.3324029317796,223831.97207120055,3355.3263740488237,1382.008341916096,7.659574468085242,31.506437242041542,0.0,0.0,0.0,0.0,0.0,1.297666310037115e-12,180.0,1080.000000000019,0.04964539007092199,0.0425531914893617,0.03546099290780142,0.823943661971831,0.823943661971831,0.176056338028169,0.176056338028169,46,46,23,23,0.8391608391608392,0.8391608391608392,1,1,1330.448039598854,0.0,48,1358.1617155841664,0.0,48,1370.6817648571987,0.0,47,sip_hospital,intermediate_directed,intermediate_directed
106,5b384ce32d8cdef02bc3a139d4cac0a22bb029e8,142,26,False,False,3214.466400487856,22.637087327379266,802.6730666916022,0.0,1,143,,sip_hospital,evac_out_of_zone,1,143,142,1.0,143.0,142.0,1.0,0.0,22.637087327379266,115.15113503329508,0.0,0.0,0.0,0.0,0.0,35.00572991212237,802.6730666916022,3214.466400487856,3214.466400487856,0.0,0.0,84.61646032754064,208.64577067771404,0.0,0.0,0.0,0.0,0.0,415.65275047217153,803.0709493355258,12100.15382683831,210.05915931235907,725.1681058901776,639.4298277452444,498.2257666620019,810.6166906598041,318580.41615492624,1627.2247954656516,1622.1484414743618,5.7419706411169456,27.596430456408438,0.0,0.0,0.0,0.0,0.0,4.325554366790383e-13,180.0,809.6178603974893,0.028368794326241134,0.028368794326241134,0.028368794326241134,0.8028169014084507,0.8028169014084507,0.19718309859154928,0.19718309859154928,69,69,26,26,0.8181818181818181,0.8181818181818181,1,1,799.6808244190073,799.4995033162099,48,2409.8156063841316,803.0709493355258,48,0.0,0.0,47,sip_hospital,intermediate_directed,intermediate_directed
107,5b7d26c4d99b922929b7c30ce06be0fd58a71500,142,1,False,False,0.0,0.0,0.0,0.0,1,143,,evac_out_of_zone,sip_hospital,2,143,142,1.0,143.0,142.0,1.0,0.0,0.0,0.0,0.0,0.0,0.0,0.0,0.0,0.0,0.0,0.0,0.0,0.0,0.0,0.0,0.0,0.0,0.0,0.0,0.0,0.0,0.0,0.0,0.0,5.048709793414476e-29,5.048709793414476e-29,0.0,0.0,0.0,0.0,0.0,0.0,0.0,0.0,0.0,0.0,0.0,0.0,0.0,0.0,0.0,0.0,0.0,0.0,0.0,1.0,1.0,0.0,0.0,142,142,1,1,0.993006993006993,0.993006993006993,1,1,0.0,0.0,48,0.0,0.0,48,0.0,0.0,47,sip_hospital,extensive_displacement,intermediate_directed
108,5c8f5ac0b7ad23c110793ad1fcf4d3c8d41344d5,142,2,False,False,8.941399365990343,0.06296760116894608,4.470699682995171,0.0,1,143,,sip_hospital,sip_home_grocery,1,143,142,1.0,143.0,142.0,1.0,0.0,0.06296760116894608,0.5268247486479752,0.0,0.0,0.0,0.0,0.0,0.0,4.470699682995171,8.941399365990343,8.941399365990343,0.0,0.0,0.03126363414681938,0.3725491973543847,0.0,0.0,0.0,0.0,0.0,0.0,4.470699682995171,4.470699682995171,0.37054340542948155,4.415534279521942,0.7649650830693525,4.380335962497655,4.44662959134956,3.3508040634236904,0.0,0.0,2.5531914893617023,18.4269901941133,0.0,0.0,0.0,0.0,0.0,0.0,180.0,360.0,0.02127659574468085,0.014184397163120567,0.0070921985815602835,0.9859154929577465,0.9859154929577465,0.014084507042253521,0.014084507042253521,120,120,2,2,0.986013986013986,0.986013986013986,1,1,0.0,0.0,48,0.0,0.0,48,8.941399365990343,0.0,47,sip_hospital,intermediate_directed,intermediate_directed
109,5d00f2c62873169a8720963189ff86b1f29d4958,142,1,False,False,0.0,0.0,0.0,0.0,1,143,,sip_hospital,sip_hospital,1,143,142,1.0,143.0,142.0,1.0,0.0,0.0,0.0,0.0,0.0,0.0,0.0,0.0,0.0,0.0,0.0,0.0,0.0,0.0,0.0,0.0,0.0,0.0,0.0,0.0,0.0,0.0,0.0,0.0,4.16327275026764e-28,4.16327275026764e-28,0.0,0.0,0.0,0.0,0.0,0.0,0.0,0.0,0.0,0.0,0.0,0.0,0.0,0.0,0.0,0.0,0.0,0.0,0.0,1.0,1.0,0.0,0.0,142,142,1,1,0.993006993006993,0.993006993006993,1,1,0.0,0.0,48,0.0,0.0,48,0.0,0.0,47,sip_hospital,intermediate_directed,intermediate_directed
110,5d23e965603269f7674c2fc33318f5d5af406f6f,142,3,False,False,122.65533208050158,0.8637699442288843,35.00004561264857,0.0,1,143,,sip_hospital,evac_out_of_zone,1,143,142,1.0,143.0,142.0,1.0,0.0,0.8637699442288843,5.125432026575293,0.0,0.0,0.0,0.0,0.0,0.0,35.00004561264857,122.65533208050158,122.65533208050158,0.0,0.0,0.42886479748427125,3.63726393095586,0.0,0.0,0.0,0.0,0.0,0.0,35.00004561264857,61.32766604025079,3.6169525610110065,34.37812593405891,0.5283962085963085,34.80058461567542,34.8045958480492,18.388496967857915,1.830939999394955e-06,69.60919248868885,5.1063829787234045,25.75476697085561,0.0,0.0,0.0,0.0,0.0,0.0,180.0,720.0,0.0425531914893617,0.028368794326241134,0.014184397163120567,0.971830985915493,0.971830985915493,0.028169014084507043,0.028169014084507043,69,69,3,3,0.9790209790209791,0.9790209790209791,1,1,70.00009122529714,0.0,48,0.0,0.0,48,26.327620427602223,26.327620427602223,47,sip_hospital,intermediate_directed,intermediate_directed
111,5e796e48332af4142b10ca0f86e65d9bfdb05884,142,3,False,False,18.436363227843543,0.12983354385805312,5.02869817409327,0.0,1,143,,sip_hospital,sip_home_grocery,1,143,142,1.0,143.0,142.0,1.0,0.0,0.12983354385805312,0.7658443525154244,0.0,0.0,0.0,0.0,0.0,0.0,5.02869817409327,18.436363227843543,18.436363227843543,0.0,0.0,0.06446280848896344,0.5435273742807514,0.0,0.0,0.0,0.0,0.0,0.0,5.02869817409327,9.218181613921772,0.5443127535854942,4.9957548032908194,5.104975897975218,4.164541258308689,6.588185092350033,21.259882749789245,10.42979110681,15.39398636698806,5.1063829787234045,27.565798958137098,0.0,0.0,0.0,0.0,0.0,0.0,180.0,720.0,0.03546099290780142,0.028368794326241134,0.02127659574468085,0.971830985915493,0.971830985915493,0.028169014084507043,0.028169014084507043,70,70,3,3,0.9790209790209791,0.9790209790209791,1,1,10.05739634818654,0.0,48,0.0,0.0,48,8.378966879657005,0.0,47,sip_hospital,intermediate_directed,intermediate_directed
112,5f1cd7c3fb68ae7c679f8c33966610670d32ff1e,142,3,False,False,132.18639930122853,0.9308901359241446,34.998294967219316,0.0,1,143,,sip_hospital,evac_out_of_zone,1,143,142,1.0,143.0,142.0,1.0,0.0,0.9308901359241446,5.477544736641429,0.0,0.0,0.0,0.0,0.0,0.0,34.998294967219316,132.18639930122853,132.18639930122853,0.0,0.0,0.46219020734695293,3.8876045784338586,0.0,0.0,0.0,0.0,0.0,0.0,34.998294967219316,66.09319965061427,3.8680391104160803,34.36207074698534,11.070404952095723,33.01534938063405,34.82193504859715,365.49328727854163,3.2921450375562525e-06,69.64386940588025,5.1063829787234045,25.942908565198728,0.0,0.0,0.0,0.0,0.0,0.0,180.0,720.0,0.0425531914893617,0.028368794326241134,0.014184397163120567,0.971830985915493,0.971830985915493,0.028169014084507043,0.028169014084507043,69,69,3,3,0.9790209790209791,0.9790209790209791,1,1,69.99658993443863,0.0,48,0.0,0.0,48,31.09490468339495,31.09490468339495,47,sip_hospital,intermediate_directed,intermediate_directed
113,5f573b82f1da8677c86d695538c530d136b6c489,142,2,False,False,15.791662432415077,0.11120889036912025,7.895831216207538,0.0,1,143,,sip_hospital,sip_hospital,1,143,142,1.0,143.0,142.0,1.0,0.0,0.11120889036912025,0.9304403316705324,0.0,0.0,0.0,0.0,0.0,0.0,7.895831216207538,15.791662432415077,15.791662432415077,0.0,0.0,0.05521560291054223,0.6579698460248801,0.0,0.0,0.0,0.0,0.0,0.0,7.895831216207538,7.895831216207538,0.6543224174382162,7.797151485422812,0.6102983069910178,7.8283074780026265,7.8520610029257885,4.777602800430127,0.0,0.0,2.5531914893617023,18.396845783636053,0.0,0.0,0.0,0.0,0.0,0.0,180.0,360.0,0.02127659574468085,0.014184397163120567,0.0070921985815602835,0.9859154929577465,0.9859154929577465,0.014084507042253521,0.014084507042253521,93,93,2,2,0.986013986013986,0.986013986013986,1,1,0.0,0.0,48,7.895831216207538,7.895831216207538,48,0.0,0.0,47,sip_hospital,intermediate_directed,intermediate_directed
114,601ca99d55f00a2e8e736676b606a4d31d374fdd,142,1,False,False,0.0,0.0,0.0,0.0,1,143,,sip_hospital,sip_home_grocery,1,143,142,1.0,143.0,142.0,1.0,0.0,0.0,0.0,0.0,0.0,0.0,0.0,0.0,0.0,0.0,0.0,0.0,0.0,0.0,0.0,0.0,0.0,0.0,0.0,0.0,0.0,0.0,0.0,0.0,5.048709793414476e-29,5.048709793414476e-29,0.0,0.0,0.0,0.0,0.0,0.0,0.0,0.0,0.0,0.0,0.0,0.0,0.0,0.0,0.0,0.0,0.0,0.0,0.0,1.0,1.0,0.0,0.0,142,142,1,1,0.993006993006993,0.993006993006993,1,1,0.0,0.0,48,0.0,0.0,48,0.0,0.0,47,sip_hospital,intermediate_directed,intermediate_directed
115,6052521b7625e31d4ee9cc706732484fcf850877,142,2,False,False,40.09851644939741,0.2823839186577282,20.049258224698704,0.0,1,143,,sip_hospital,sip_home_grocery,1,143,142,1.0,143.0,142.0,1.0,0.0,0.2823839186577282,2.362593368769711,0.0,0.0,0.0,0.0,0.0,0.0,20.049258224698704,40.09851644939741,40.09851644939741,0.0,0.0,0.14020460296992102,1.670730666068398,0.0,0.0,0.0,0.0,0.0,0.0,20.049258224698704,20.049258224698704,1.672645277923984,19.931868855130446,20.042240550820196,1.0968940800009006,20.072234128758126,21.984215010148663,0.0,0.0,2.5531914893617023,21.09968467283845,0.0,0.0,0.0,0.0,0.0,0.0,180.0,360.0,0.014184397163120567,0.014184397163120567,0.014184397163120567,0.9859154929577465,0.9859154929577465,0.014084507042253521,0.014084507042253521,116,116,2,2,0.986013986013986,0.986013986013986,1,1,40.09851644939741,0.0,48,0.0,0.0,48,0.0,0.0,47,sip_hospital,intermediate_directed,intermediate_directed
116,61188f24396807ba7ca38919a158766de935852e,142,1,False,False,0.0,0.0,0.0,0.0,1,143,,sip_hospital,sip_home_grocery,1,143,142,1.0,143.0,142.0,1.0,0.0,0.0,0.0,0.0,0.0,0.0,0.0,0.0,0.0,0.0,0.0,0.0,0.0,0.0,0.0,0.0,0.0,0.0,0.0,0.0,0.0,0.0,0.0,0.0,2.0194839173657902e-28,2.0194839173657902e-28,0.0,0.0,0.0,0.0,0.0,0.0,0.0,0.0,0.0,0.0,0.0,0.0,0.0,0.0,0.0,0.0,0.0,0.0,0.0,1.0,1.0,0.0,0.0,142,142,1,1,0.993006993006993,0.993006993006993,1,1,0.0,0.0,48,0.0,0.0,48,0.0,0.0,47,sip_hospital,intermediate_directed,intermediate_directed
117,6216f8a75fd5bb3d5f22b6f9958cdede3fc086c2,142,4,False,False,40.55720292738459,0.2856141051224267,11.201897625687842,0.0,1,143,,evac_out_of_zone,sip_home_grocery,2,143,142,1.0,143.0,142.0,1.0,0.0,0.2856141051224267,1.627619946473671,0.0,0.0,0.0,0.0,0.0,0.0,11.201897625687842,40.55720292738459,40.55720292738459,0.0,0.0,0.14180840184400206,1.1557263739192558,0.0,0.0,0.0,0.0,0.0,0.0,11.201897625687842,20.278601463692294,1.157303054068349,11.089339796631501,5.791155822706462,15.502445395159725,16.54881563716195,89.77707691636822,46.673646353342015,35.00902127906356,7.659574468085107,31.881715197733513,0.0,0.0,0.0,0.0,0.0,0.0,180.0,1080.0,0.06382978723404255,0.0425531914893617,0.02127659574468085,0.9577464788732394,0.9577464788732394,0.04225352112676056,0.028169014084507043,68,68,4,4,0.972027972027972,0.972027972027972,1,1,16.453082748236678,0.0,48,1.7003249277722265,0.0,48,22.403795251375684,0.0,47,evac_out_of_zone,extensive_displacement,extensive_displacement
118,632667547e7cd3e0466547863e1207a8c0c0c549,142,20,False,False,1330.2159628677787,9.367718048364639,665.0558851209204,0.0,1,143,,sip_hospital,evac_out_of_zone,1,143,142,1.0,143.0,142.0,1.0,0.0,9.367718048364639,56.48914521405057,0.0,0.0,0.0,0.0,0.0,34.84770542093591,665.0558851209204,1330.2159628677787,1330.2159628677787,0.0,0.0,46.66859983600583,138.17623383697466,0.0,0.0,0.0,0.0,0.0,169.37178223533766,665.0558851209204,6673.609776548834,138.90710959452525,623.339642578638,523.2522787743006,418.78975329006346,670.2072848777836,219132.69273635288,0.00033062348588254437,1340.414569433755,2.5531914893618524,19.378628573537785,0.0,0.0,0.0,0.0,0.0,9.66888623164909e-13,179.99999999999923,360.0000000000212,0.014184397163120567,0.014184397163120567,0.014184397163120567,0.8591549295774648,0.8591549295774648,0.14084507042253522,0.14084507042253522,98,98,20,20,0.8601398601398601,0.8601398601398601,1,1,1330.2159628677784,0.0,48,0.0,0.0,48,0.0,0.0,47,sip_hospital,intermediate_directed,intermediate_directed
119,64e095fe763fc62418378753f9402623bea9e227,142,20,False,False,4527.562736441045,31.88424462282426,570.4930883390082,0.0,1,143,,sip_home_grocery,evac_out_of_zone,0,143,142,1.0,143.0,142.0,1.0,0.0,31.88424462282426,122.30097274806863,0.0,0.0,0.0,0.0,0.0,35.027461001969804,570.4930883390082,4527.562736441045,4527.562736441045,0.0,0.0,45.304036806543394,132.61992657238645,0.0,0.0,0.0,0.0,0.0,169.12946431557947,570.4930883390082,6478.477263335705,133.33369474369357,528.8667318383318,463.6146688004709,341.5213996019986,575.8258656165754,158334.33056475385,2240.442016397037,1153.3416140610814,10.212765957446846,37.950147719513815,0.0,0.0,0.0,0.0,0.0,1.323110747488823e-12,180.0,1440.0000000000055,0.05673758865248227,0.05673758865248227,0.05673758865248227,0.8380281690140845,0.8380281690140845,0.1619718309859155,0.1619718309859155,46,46,20,20,0.8601398601398601,0.8601398601398601,1,1,1120.2188316720394,0.0,48,1709.243892705301,568.2577160272846,48,1129.8422960364198,0.0,47,sip_home_grocery,compact_local,compact_local
120,667be543b02294b7624119adc3a725473df39885,142,25,False,False,3207.8308206832103,22.590357892135284,802.2029134293093,0.0,1,143,,evac_out_of_zone,evac_out_of_zone,2,143,142,1.0,143.0,142.0,1.0,0.0,22.590357892135284,115.19303918766519,0.0,0.0,0.0,0.0,0.0,35.00734527905521,802.2029134293093,3207.8308206832103,3207.8308206832103,0.0,0.0,73.4235745568094,190.63889765158328,0.0,0.0,0.0,0.0,0.0,345.5992444242265,802.2029134293093,10499.571161623744,191.89332977217842,735.777397751574,636.0519558558649,501.1804145159982,809.7801543891396,318776.78288955375,350.51260863483344,1619.6322118222463,5.106382978723435,27.189332795154243,0.0,0.0,0.0,0.0,0.0,3.053332494204976e-13,180.0,720.0000000000043,0.028368794326241134,0.028368794326241134,0.028368794326241134,0.8169014084507042,0.8169014084507042,0.18309859154929578,0.18309859154929578,71,71,25,25,0.8251748251748252,0.8251748251748252,1,1,802.3856572879931,802.2029134293093,48,0.0,0.0,48,1603.2422499659076,0.0,47,evac_out_of_zone,extensive_displacement,extensive_displacement
121,682a03f4cd9e0c79b8a1f0e34266b9651ad9821c,142,1,False,False,0.0,0.0,0.0,0.0,1,143,,sip_home_grocery,sip_hospital,0,143,142,1.0,143.0,142.0,1.0,0.0,0.0,0.0,0.0,0.0,0.0,0.0,0.0,0.0,0.0,0.0,0.0,0.0,0.0,0.0,0.0,0.0,0.0,0.0,0.0,0.0,0.0,0.0,0.0,4.16327275026764e-28,4.16327275026764e-28,0.0,0.0,0.0,0.0,0.0,0.0,0.0,0.0,0.0,0.0,0.0,0.0,0.0,0.0,0.0,0.0,0.0,0.0,0.0,1.0,1.0,0.0,0.0,142,142,1,1,0.993006993006993,0.993006993006993,1,1,0.0,0.0,48,0.0,0.0,48,0.0,0.0,47,sip_hospital,compact_local,intermediate_directed
122,683e725c03a87baaad2623231644e944e537acab,142,2,False,False,1.669471083944555,0.011756838619327852,0.8347355419722775,0.0,1,143,,evac_out_of_zone,sip_home_grocery,2,143,142,1.0,143.0,142.0,1.0,0.0,0.011756838619327852,0.09836476911203686,0.0,0.0,0.0,0.0,0.0,0.0,0.8347355419722775,1.669471083944555,1.669471083944555,0.0,0.0,0.005837311482323619,0.06955959429522814,0.0,0.0,0.0,0.0,0.0,0.0,0.8347355419722775,0.8347355419722775,0.06947244323826905,0.8278597057884997,0.6701489974874265,0.49592221491847793,0.8336897037165877,0.3323417751593621,0.0,0.0,2.5531914893617023,19.461710237337783,0.0,0.0,0.0,0.0,0.0,0.0,180.0,360.0,0.014184397163120567,0.014184397163120567,0.014184397163120567,0.9859154929577465,0.9859154929577465,0.014084507042253521,0.0,96,96,2,2,0.986013986013986,0.986013986013986,1,1,0.0,0.0,48,0.0,0.0,48,1.669471083944555,0.0,47,evac_out_of_zone,extensive_displacement,extensive_displacement
123,68b5193fd0f5308baac9d9eed453a89e6925bcf9,142,4,False,False,93.43129143724485,0.6579668411073581,23.03134576990087,0.0,1,143,,sip_home_grocery,sip_hospital,0,143,142,1.0,143.0,142.0,1.0,0.0,0.6579668411073581,3.6256206152225388,0.0,0.0,0.0,0.0,0.0,0.0,23.03134576990087,93.43129143724485,93.43129143724485,0.0,0.0,0.3266828371931638,2.5758154526468644,0.0,0.0,0.0,0.0,0.0,0.0,23.03134576990087,46.715645718622426,2.5628699767704575,22.60058718014884,7.560271685356765,22.015725695997855,23.277669253553444,166.44486761203393,78.21926835351302,51.11595069880322,7.659574468085107,31.294995110891,0.0,0.0,0.0,0.0,0.0,0.0,180.0,1080.0,0.06382978723404255,0.0425531914893617,0.02127659574468085,0.9577464788732394,0.9577464788732394,0.04225352112676056,0.04225352112676056,46,46,4,4,0.972027972027972,0.972027972027972,1,1,46.06269153980174,0.0,48,20.592158256440538,20.592158256440538,48,3.092141692281019,3.092141692281019,47,sip_home_grocery,compact_local,compact_local
124,69e56976fc9bee70c1d2eaa85c0c8dea9f722a2f,142,4,False,False,13.704735412898405,0.0965122212175944,4.33395742762574,0.0,1,143,,sip_home_grocery,sip_home_grocery,0,143,142,1.0,143.0,142.0,1.0,0.0,0.0965122212175944,0.572282510020092,0.0,0.0,0.0,0.0,0.0,0.0,4.33395742762574,13.704735412898405,13.704735412898405,0.0,0.0,0.04791865528985456,0.4061244189325502,0.0,0.0,0.0,0.0,0.0,0.0,4.33395742762574,6.852367706449202,0.40470457077556304,4.272373863335836,2.2106737796733547,3.7290086518913315,4.335041416874316,8.243621650911251,2.6212706290409997,9.211111419446095,7.659574468085107,33.06437360038775,0.0,0.0,0.0,0.0,0.0,0.0,180.0,1080.0,0.05673758865248227,0.0425531914893617,0.028368794326241134,0.9577464788732394,0.9577464788732394,0.028169014084507043,0.028169014084507043,70,70,4,4,0.972027972027972,0.972027972027972,1,1,9.206440623426591,0.0,48,0.0,0.0,48,4.498294789471815,0.0,47,sip_home_grocery,compact_local,compact_local
125,6b0f4d999089662690c5233e0ddea57d297a9a0a,142,3,False,False,14.251518697738746,0.10036280773055455,4.37358584871916,0.0,1,143,,sip_home_grocery,sip_hospital,0,143,142,1.0,143.0,142.0,1.0,0.0,0.10036280773055455,0.6049973918647168,0.0,0.0,0.0,0.0,0.0,0.0,4.37358584871916,14.251518697738746,14.251518697738746,0.0,0.0,0.04983048495712848,0.42924256030064384,0.0,0.0,0.0,0.0,0.0,0.0,4.37358584871916,7.125759348869373,0.4277504935893719,4.310187350280766,2.622718314342476,3.482306981998158,4.359485436752892,9.133110297849242,1.1348785031854998,8.84820416255098,5.1063829787234045,26.31164210609983,0.0,0.0,0.0,0.0,0.0,0.0,180.0,720.0,0.0425531914893617,0.028368794326241134,0.014184397163120567,0.971830985915493,0.971830985915493,0.028169014084507043,0.028169014084507043,93,93,3,3,0.9790209790209791,0.9790209790209791,1,1,5.5043470003004265,0.0,48,4.37358584871916,4.37358584871916,48,0.0,0.0,47,sip_home_grocery,compact_local,compact_local
126,6b6277afcb65d33525545904e95c2fa240632660,142,1,False,False,0.0,0.0,0.0,0.0,1,143,,sip_home_grocery,sip_home_grocery,0,143,142,1.0,143.0,142.0,1.0,0.0,0.0,0.0,0.0,0.0,0.0,0.0,0.0,0.0,0.0,0.0,0.0,0.0,0.0,0.0,0.0,0.0,0.0,0.0,0.0,0.0,0.0,0.0,0.0,5.048709793414476e-29,5.048709793414476e-29,0.0,0.0,0.0,0.0,0.0,0.0,0.0,0.0,0.0,0.0,0.0,0.0,0.0,0.0,0.0,0.0,0.0,0.0,0.0,1.0,1.0,0.0,0.0,142,142,1,1,0.993006993006993,0.993006993006993,1,1,0.0,0.0,48,0.0,0.0,48,0.0,0.0,47,sip_hospital,compact_local,intermediate_directed
127,6c1e671f9af5b46d9c1a52067bdf0e53685674f7,142,13,False,False,2417.320587949098,17.023384422176747,302.2674373977031,0.0,1,143,,sip_home_grocery,evac_out_of_zone,0,143,142,1.0,143.0,142.0,1.0,0.0,17.023384422176747,64.77596532087705,0.0,0.0,0.0,0.0,0.0,33.576573404591166,302.2674373977031,2417.320587949098,2417.320587949098,0.0,0.0,21.325832074050446,70.92591448155272,0.0,0.0,0.0,0.0,0.0,0.0,302.2674373977031,3049.5939865892137,70.56097792673512,279.35963706097783,232.21682227446115,192.77194724999688,301.8040360793809,44764.88901405433,943.78962333388,604.041097337165,10.224794282056818,36.66402190785713,0.0,0.0,0.0,0.0,0.0,1.9846661212332344e-12,180.0,1441.6959937700115,0.05673758865248227,0.05673758865248227,0.05673758865248227,0.8732394366197183,0.8732394366197183,0.1267605633802817,0.1267605633802817,45,45,13,13,0.9090909090909091,0.9090909090909091,1,1,603.9119408042,0.0,48,313.9758523196172,290.81818804514836,48,906.3471693824292,302.2674373977031,47,sip_home_grocery,compact_local,compact_local
128,6d363479c97439b921ad2bcba054992d8eda9a0c,142,5,False,False,189.00502489260958,1.331021302060631,56.001280939123966,0.0,1,143,,sip_home_grocery,evac_out_of_zone,0,143,142,1.0,143.0,142.0,1.0,0.0,1.331021302060631,7.155335579448896,0.0,0.0,0.0,0.0,0.0,0.0,56.001280939123966,189.00502489260958,189.00502489260958,0.0,0.0,0.930096045946412,6.331209134886979,0.0,0.0,0.0,0.0,0.0,0.0,56.001280939123966,133.00373457033692,6.295876495450748,54.763829928997,1.7410066142954665,55.66151413800393,55.68873548722607,96.90706427596547,1.1100345999854002e-05,111.37747066016955,5.106382978723417,25.756117873408783,0.0,0.0,0.0,0.0,0.0,0.0,179.9999999999991,720.0000000000018,0.0425531914893617,0.028368794326241134,0.014184397163120567,0.9577464788732394,0.9577464788732394,0.04225352112676056,0.04225352112676056,68,68,5,5,0.965034965034965,0.965034965034965,1,1,112.00256199898435,0.0,48,0.0,0.0,48,38.50123145380348,38.50123143982176,47,sip_home_grocery,compact_local,compact_local
129,6fb84aed32facd1299ee1e77c8fd2b1a6352669e,142,24,False,False,4156.132135721341,29.268536167051696,692.4314838581524,0.0,1,143,,evac_out_of_zone,evac_out_of_zone,2,143,142,1.0,143.0,142.0,1.0,0.0,29.268536167051696,126.42993625029874,0.0,0.0,0.0,0.0,0.0,35.0211231954294,692.4314838581524,4156.132135721341,4156.132135721341,0.0,0.0,70.74251829813024,181.20371876221984,0.0,0.0,0.0,0.0,0.0,344.9662800218897,692.4314838581524,10116.180116632624,182.23838065161326,626.4081928059462,537.4293650162505,444.5977083840031,697.4936879155805,238939.8641044949,2660.3721574446045,1396.312666896944,10.218171362959454,36.24370698059481,0.0,0.0,0.0,0.0,0.0,1.6029995594576124e-12,180.0,1440.762162177283,0.06382978723404255,0.05673758865248227,0.04964539007092199,0.8098591549295775,0.8098591549295775,0.19014084507042253,0.19014084507042253,69,69,24,24,0.8321678321678322,0.8321678321678322,1,1,1385.0364554259122,0.0,48,703.7791360669684,681.4019696882265,48,1385.9145745402338,0.0,47,evac_out_of_zone,extensive_displacement,extensive_displacement
130,708a77db476d737e54b8bf4663fc79b346d696d2,142,2,False,False,4.70873318440777,0.03316009284794204,2.354366592203885,0.0,1,143,,evac_out_of_zone,sip_home_grocery,2,143,142,1.0,143.0,142.0,1.0,0.0,0.03316009284794204,0.2774372416203159,0.0,0.0,0.0,0.0,0.0,0.0,2.354366592203885,4.70873318440777,4.70873318440777,0.0,0.0,0.016464102043383808,0.19619241872581006,0.0,0.0,0.0,0.0,0.0,0.0,2.354366592203885,2.354366592203885,0.1953870023298024,2.328304846122715,1.0987821419300599,2.071304484630772,2.344701359123579,2.2759123782119386,0.0,0.0,2.5531914893617023,18.68793653676358,0.0,0.0,0.0,0.0,0.0,0.0,180.0,360.0,0.02127659574468085,0.014184397163120567,0.0070921985815602835,0.9859154929577465,0.9859154929577465,0.014084507042253521,0.014084507042253521,116,116,2,2,0.986013986013986,0.986013986013986,1,1,4.70873318440777,0.0,48,0.0,0.0,48,0.0,0.0,47,evac_out_of_zone,extensive_displacement,extensive_displacement
131,717b2f3d8816830549097908c134e1729c516542,142,1,False,False,0.0,0.0,0.0,0.0,1,143,,sip_home_grocery,sip_home_grocery,0,143,142,1.0,143.0,142.0,1.0,0.0,0.0,0.0,0.0,0.0,0.0,0.0,0.0,0.0,0.0,0.0,0.0,0.0,0.0,0.0,0.0,0.0,0.0,0.0,0.0,0.0,0.0,0.0,0.0,5.048709793414476e-29,5.048709793414476e-29,0.0,0.0,0.0,0.0,0.0,0.0,0.0,0.0,0.0,0.0,0.0,0.0,0.0,0.0,0.0,0.0,0.0,0.0,0.0,1.0,1.0,0.0,0.0,142,142,1,1,0.993006993006993,0.993006993006993,1,1,0.0,0.0,48,0.0,0.0,48,0.0,0.0,47,sip_hospital,compact_local,intermediate_directed
132,7224f997fc148baa0b7f81c1eda6fcc3fd003db0,142,4,False,False,11.488828925139167,0.08090724595168428,3.9128616061541313,0.0,1,143,,evac_out_of_zone,sip_home_grocery,2,143,142,1.0,143.0,142.0,1.0,0.0,0.08090724595168428,0.4852212822034822,0.0,0.0,0.0,0.0,0.0,0.0,3.9128616061541313,11.488828925139167,11.488828925139167,0.0,0.0,0.0401707305074796,0.34428628527225147,0.0,0.0,0.0,0.0,0.0,0.0,3.9128616061541313,5.744414462569583,0.344644286775433,3.8770310511577804,3.8935162702643735,0.4271572126652736,3.9168778677851783,1.663143557473022,0.534774401994,7.876680133881898,7.659574468085107,34.82653188025719,0.0,0.0,0.0,0.0,0.0,0.0,180.0,1080.0,0.0425531914893617,0.0425531914893617,0.0425531914893617,0.9577464788732394,0.9577464788732394,0.04225352112676056,0.028169014084507043,70,70,4,4,0.972027972027972,0.972027972027972,1,1,2.453170188640385,0.0,48,1.2099355241905199,0.0,48,7.8257232123082625,0.0,47,evac_out_of_zone,extensive_displacement,extensive_displacement
133,7320828c9153b2a9848d6bc45d3544236b22fc48,142,4,False,False,22.858724749886548,0.16097693485835599,4.027683839944698,0.0,1,143,,sip_home_grocery,sip_home_grocery,0,143,142,1.0,143.0,142.0,1.0,0.0,0.16097693485835599,0.7671025946852791,0.0,0.0,0.0,0.0,0.0,0.0,4.027683839944698,22.858724749886548,22.858724749886548,0.0,0.0,0.07992561101358933,0.5464830894962392,0.0,0.0,0.0,0.0,0.0,0.0,4.027683839944698,11.429362374943274,0.5479470389811085,3.969439297213274,3.655849121108565,4.664348393471857,5.926329279747605,17.052153974818236,8.634150418086001,13.146780823517053,7.659574468085107,34.279170308893676,0.0,0.0,0.0,0.0,0.0,0.0,180.0,1080.0,0.04964539007092199,0.0425531914893617,0.03546099290780142,0.9577464788732394,0.9577464788732394,0.04225352112676056,0.04225352112676056,48,48,4,4,0.972027972027972,0.972027972027972,1,1,0.0,0.0,48,15.358073641941829,0.0,48,7.500651107944719,0.0,47,sip_home_grocery,compact_local,compact_local
134,733b57ae9e45bae742221b555c15e97f45364893,142,2,False,False,17.38985012156874,0.1224637332504841,8.69492506078437,0.0,1,143,,sip_home_grocery,sip_hospital,0,143,142,1.0,143.0,142.0,1.0,0.0,0.1224637332504841,1.0246051031081198,0.0,0.0,0.0,0.0,0.0,0.0,8.69492506078437,17.38985012156874,17.38985012156874,0.0,0.0,0.06080367175373686,0.7245593714945221,0.0,0.0,0.0,0.0,0.0,0.0,8.69492506078437,8.69492506078437,0.7220345762680201,8.604034981586754,4.972051408585722,7.096087793925739,8.66462677723173,35.28211331123642,0.0,0.0,2.5531914893617023,18.856187222417695,0.0,0.0,0.0,0.0,0.0,0.0,180.0,360.0,0.02127659574468085,0.014184397163120567,0.0070921985815602835,0.9859154929577465,0.9859154929577465,0.014084507042253521,0.014084507042253521,138,138,2,2,0.986013986013986,0.986013986013986,1,1,17.38985012156874,0.0,48,0.0,0.0,48,0.0,0.0,47,sip_home_grocery,compact_local,compact_local
135,74cbd2c215c2c13c4b6110ada96de8891b355dda,142,1,False,False,0.0,0.0,0.0,0.0,1,143,,sip_hospital,sip_home_grocery,1,143,142,1.0,143.0,142.0,1.0,0.0,0.0,0.0,0.0,0.0,0.0,0.0,0.0,0.0,0.0,0.0,0.0,0.0,0.0,0.0,0.0,0.0,0.0,0.0,0.0,0.0,0.0,0.0,0.0,8.140799930173325e-28,8.140799930173325e-28,0.0,0.0,0.0,0.0,0.0,0.0,0.0,0.0,0.0,0.0,0.0,0.0,0.0,0.0,0.0,0.0,0.0,0.0,0.0,1.0,1.0,0.0,0.0,142,142,1,1,0.993006993006993,0.993006993006993,1,1,0.0,0.0,48,0.0,0.0,48,0.0,0.0,47,sip_hospital,intermediate_directed,intermediate_directed
136,752ae7bdbb96bf25280b55990570beabf2048ce0,142,3,False,False,10.53777875388646,0.0742097095344117,2.7824771387086744,0.0,1,143,,evac_out_of_zone,sip_home_grocery,2,143,142,1.0,143.0,142.0,1.0,0.0,0.0742097095344117,0.4365908597439148,0.0,0.0,0.0,0.0,0.0,0.0,2.7824771387086744,10.53777875388646,10.53777875388646,0.0,0.0,0.03684538025834427,0.3098645159976373,0.0,0.0,0.0,0.0,0.0,0.0,2.7824771387086744,5.26888937694323,0.3097066855876489,2.7458079747553614,2.5173296227738247,1.4745946614387806,2.917426579236975,3.7120408228239814,0.6720933199879997,5.860131046167435,5.1063829787234045,27.632300735487682,0.0,0.0,0.0,0.0,0.0,0.0,180.0,720.0,0.028368794326241134,0.028368794326241134,0.028368794326241134,0.971830985915493,0.971830985915493,0.028169014084507043,0.028169014084507043,72,72,3,3,0.9790209790209791,0.9790209790209791,1,1,0.0,0.0,48,4.9728244764691105,0.0,48,5.564954277417349,0.0,47,evac_out_of_zone,extensive_displacement,extensive_displacement
137,761f22b2c1593d0bb87e0b606f990ba4974706de,142,27,False,False,4983.537946788822,35.095337653442414,619.4098478877552,0.0,1,143,,evac_out_of_zone,evac_out_of_zone,2,143,142,1.0,143.0,142.0,1.0,0.0,35.095337653442414,130.5406597427083,0.0,0.0,0.0,0.0,0.0,35.04711969858359,619.4098478877552,4983.537946788822,4983.537946788822,0.0,0.0,75.76224255716743,181.17419284498843,0.0,0.0,0.0,0.0,0.0,414.23127453904226,626.738576623503,10834.000685674942,181.79899381606904,553.3955049311547,420.9642666002877,474.70225390199954,634.4707586752572,199832.6861673588,13682.189318011562,1277.9577230842713,14.423508994975103,42.352328757262114,0.0,0.0,0.0,0.0,0.0,46.746161460851795,179.99999999999963,2033.7147682914895,0.1276595744680851,0.07092198581560284,0.0425531914893617,0.7887323943661971,0.7887323943661971,0.2112676056338028,0.2112676056338028,44,44,27,27,0.8111888111888113,0.8111888111888113,1,1,1190.3387027784772,0.0,48,1933.7089155780554,613.8581473797868,48,1245.6321810525037,0.0,47,evac_out_of_zone,extensive_displacement,extensive_displacement
138,76546f9a641ede2beab506b96df1688d889e629a,142,23,False,False,2724.553491074653,19.186996416018683,681.0003035123559,0.0,1,143,,sip_home_grocery,evac_out_of_zone,0,143,142,1.0,143.0,142.0,1.0,0.0,19.186996416018683,96.79022342189467,0.0,0.0,0.0,0.0,0.0,34.93401673547633,681.0003035123559,2724.553491074653,2724.553491074653,0.0,0.0,60.80572138705056,164.6087188134417,0.0,0.0,0.0,0.0,0.0,274.8412588973412,681.0003035123559,8695.21815834823,165.71758388239257,625.7096868128355,595.1408219192921,357.73568957582904,694.3827629708736,212903.11232402362,8827.400378909639,1389.0188691047724,6.791147979937958,30.742449602062646,0.0,0.0,0.0,0.0,0.0,1.1195552478751578e-12,179.9999999999998,957.5518651712521,0.0425531914893617,0.0425531914893617,0.028368794326241134,0.8309859154929577,0.8309859154929577,0.16901408450704225,0.16901408450704225,91,91,23,23,0.8391608391608392,0.8391608391608392,1,1,1330.4703527790282,0.0,48,721.718047724374,672.3650905712508,48,0.0,0.0,47,sip_home_grocery,compact_local,compact_local
139,7719a1c782a1ba91c031a682a0a2f8658209adbf,142,15,False,False,957.5660743119919,6.7434230585351544,478.76226741337103,0.0,1,143,,sip_hospital,evac_out_of_zone,1,143,142,1.0,143.0,142.0,1.0,0.0,6.7434230585351544,41.047296169958265,0.0,0.0,0.0,0.0,0.0,21.221872070536147,478.76226741337103,957.5660743119919,957.5660743119919,0.0,0.0,25.683173047575266,89.38305560678164,0.0,0.0,0.0,0.0,0.0,0.0,478.76226741337103,3672.693745803263,89.80012504358851,456.0252710848401,405.2680345280509,260.572053960003,481.80906499895184,105601.52416130765,0.00031738501848252096,963.618128071198,2.5531914893618124,19.612990258535124,0.0,0.0,0.0,0.0,0.0,5.343331864858708e-13,179.99999999999923,360.0000000000155,0.014184397163120567,0.014184397163120567,0.014184397163120567,0.8943661971830986,0.8943661971830986,0.1056338028169014,0.1056338028169014,103,103,15,15,0.8951048951048951,0.8951048951048951,1,1,957.5660743119919,0.0,48,0.0,0.0,48,0.0,0.0,47,sip_hospital,intermediate_directed,intermediate_directed
140,775bc5c30e27f0e562115d136e7f7edbd3cead89,142,3,False,False,17.938335788410182,0.1263263083690858,6.3024470938841635,0.0,1,143,,sip_hospital,sip_home_grocery,1,143,142,1.0,143.0,142.0,1.0,0.0,0.1263263083690858,0.8022784221226459,0.0,0.0,0.0,0.0,0.0,0.0,6.3024470938841635,17.938335788410182,17.938335788410182,0.0,0.0,0.06272145380563,0.5688270347327126,0.0,0.0,0.0,0.0,0.0,0.0,6.3024470938841635,8.969167894205091,0.5672530409145605,6.222381555773459,4.136663136337876,4.731634278381852,6.2849299795538585,19.573177094014873,0.04141316714050115,12.56991596420695,5.1063829787234045,26.677411359072924,0.0,0.0,0.0,0.0,0.0,0.0,180.0,720.0,0.0425531914893617,0.028368794326241134,0.014184397163120567,0.971830985915493,0.971830985915493,0.028169014084507043,0.028169014084507043,48,48,3,3,0.9790209790209791,0.9790209790209791,1,1,0.0,0.0,48,12.604894187768327,0.0,48,5.333441600641856,0.0,47,sip_hospital,intermediate_directed,intermediate_directed
141,77de68daecd823babbb58edb1c8e14d7106e83bb,142,23,False,False,1528.5567744839818,10.764484327351985,764.1974747823787,0.0,1,143,,evac_out_of_zone,evac_out_of_zone,2,143,142,1.0,143.0,142.0,1.0,0.0,10.764484327351985,64.68439010395153,0.0,0.0,0.0,0.0,0.0,34.90247494841522,764.1974747823787,1528.5567744839818,1528.5567744839818,0.0,0.0,62.13373645810562,169.64817469767507,0.0,0.0,0.0,0.0,0.0,275.2479007149973,764.1974747823787,8885.124313509104,170.77766428834298,708.9953857700898,630.711262202412,444.2566981679959,771.4665969023478,280197.70284341264,0.0006031196205542313,1542.9331932802481,2.5531914893618812,19.51462981588633,0.0,0.0,0.0,0.0,0.0,1.1958885602302823e-12,179.99999999999986,360.00000000002524,0.014184397163120567,0.014184397163120567,0.014184397163120567,0.8380281690140845,0.8380281690140845,0.1619718309859155,0.1619718309859155,95,95,23,23,0.8391608391608392,0.8391608391608392,1,1,1528.5567744839818,0.0,48,0.0,0.0,48,0.0,0.0,47,evac_out_of_zone,extensive_displacement,extensive_displacement
142,78a8efcbaaa1a9a30f9f327aa89d0b6acaaffb03,142,1,False,False,0.0,0.0,0.0,0.0,1,143,,sip_hospital,sip_home_grocery,1,143,142,1.0,143.0,142.0,1.0,0.0,0.0,0.0,0.0,0.0,0.0,0.0,0.0,0.0,0.0,0.0,0.0,0.0,0.0,0.0,0.0,0.0,0.0,0.0,0.0,0.0,0.0,0.0,0.0,1.0097419586828951e-28,1.0097419586828951e-28,0.0,0.0,0.0,0.0,0.0,0.0,0.0,0.0,0.0,0.0,0.0,0.0,0.0,0.0,0.0,0.0,0.0,0.0,0.0,1.0,1.0,0.0,0.0,142,142,1,1,0.993006993006993,0.993006993006993,1,1,0.0,0.0,48,0.0,0.0,48,0.0,0.0,47,sip_hospital,intermediate_directed,intermediate_directed
143,7b52009b64fd0a2a49e6d8a939753077792b0554,142,28,False,False,4230.065244961508,29.789191865926114,691.4892800495992,0.0,1,143,,sip_hospital,evac_out_of_zone,1,143,142,1.0,143.0,142.0,1.0,0.0,29.789191865926114,125.23793082467427,0.0,0.0,0.0,0.0,0.0,35.02345564932442,691.4892800495992,4230.065244961508,4230.065244961508,0.0,0.0,84.2214630733925,198.46269499564943,0.0,0.0,0.0,0.0,0.0,449.89049002450037,691.4892800495992,12043.669219495127,199.69249820083624,612.1163506252312,557.722794598124,417.647286216001,696.7667983607797,232931.41162471063,11799.377153594025,1410.6856086974533,11.746988295085945,40.18971112549304,0.0,0.0,0.0,0.0,0.0,1.8574439339746936e-12,179.9999999999997,1656.3253496071184,0.07092198581560284,0.07092198581560284,0.05673758865248227,0.7887323943661971,0.7887323943661971,0.2112676056338028,0.2112676056338028,66,66,28,28,0.8041958041958042,0.8041958041958042,1,1,1383.1039277512455,0.0,48,2166.0320302750156,680.9292869352469,48,0.0,0.0,47,sip_hospital,intermediate_directed,intermediate_directed
144,7d7116e23efef7292cad5e6f033d9a962708228c,142,17,False,False,1120.1136255325846,7.888124123468906,560.023882177955,0.0,1,143,,sip_home_grocery,evac_out_of_zone,0,143,142,1.0,143.0,142.0,1.0,0.0,7.888124123468906,47.796369746849756,0.0,0.0,0.0,0.0,0.0,34.776429040488466,560.023882177955,1120.1136255325846,1120.1136255325846,0.0,0.0,33.386890997067056,108.43160612158022,0.0,0.0,0.0,0.0,0.0,63.522542433292756,560.023882177955,4774.325412580589,109.02346311891097,530.7187141792587,483.18710228074104,291.4068377865808,564.2585585697694,140804.02553489193,0.0004232557680826605,1128.5171175589267,2.553191489361771,19.681994928486812,0.0,0.0,0.0,0.0,0.0,5.088887490341627e-14,179.99999999999915,360.0000000000097,0.014184397163120567,0.014184397163120567,0.014184397163120567,0.8802816901408451,0.8802816901408451,0.11971830985915492,0.11971830985915492,101,101,17,17,0.8811188811188811,0.8811188811188811,1,1,1120.1136255325846,0.0,48,0.0,0.0,48,0.0,0.0,47,sip_home_grocery,compact_local,compact_local
145,7edab1f00ca6b31e11f7eb2e61787ed747420923,142,1,False,False,0.0,0.0,0.0,0.0,1,143,,sip_home_grocery,sip_hospital,0,143,142,1.0,143.0,142.0,1.0,0.0,0.0,0.0,0.0,0.0,0.0,0.0,0.0,0.0,0.0,0.0,0.0,0.0,0.0,0.0,0.0,0.0,0.0,0.0,0.0,0.0,0.0,0.0,0.0,0.0,0.0,0.0,0.0,0.0,0.0,0.0,0.0,0.0,0.0,0.0,0.0,0.0,0.0,0.0,0.0,0.0,0.0,0.0,0.0,0.0,1.0,1.0,0.0,0.0,142,142,1,1,0.993006993006993,0.993006993006993,1,1,0.0,0.0,48,0.0,0.0,48,0.0,0.0,47,sip_hospital,compact_local,intermediate_directed
146,7f03f3f2febc46f3fa832d98251b0c98f64bc19b,142,1,False,False,0.0,0.0,0.0,0.0,1,143,,sip_hospital,sip_hospital,1,143,142,1.0,143.0,142.0,1.0,0.0,0.0,0.0,0.0,0.0,0.0,0.0,0.0,0.0,0.0,0.0,0.0,0.0,0.0,0.0,0.0,0.0,0.0,0.0,0.0,0.0,0.0,0.0,0.0,5.048709793414476e-29,5.048709793414476e-29,0.0,0.0,0.0,0.0,0.0,0.0,0.0,0.0,0.0,0.0,0.0,0.0,0.0,0.0,0.0,0.0,0.0,0.0,0.0,1.0,1.0,0.0,0.0,142,142,1,1,0.993006993006993,0.993006993006993,1,1,0.0,0.0,48,0.0,0.0,48,0.0,0.0,47,sip_hospital,intermediate_directed,intermediate_directed
147,7f35419a058e19d2b75e962dba149bddedec7606,142,3,False,False,26.438279529871085,0.18618506711176822,9.234494395330003,0.0,1,143,,evac_out_of_zone,sip_hospital,2,143,142,1.0,143.0,142.0,1.0,0.0,0.18618506711176822,1.1789950305991732,0.0,0.0,0.0,0.0,0.0,0.0,9.234494395330003,26.438279529871085,26.438279529871085,0.0,0.0,0.09244153681773107,0.8359546607624704,0.0,0.0,0.0,0.0,0.0,0.0,9.234494395330003,13.219139764935543,0.8341384245435963,9.116525085968084,3.9885857769441637,8.668434400150971,9.54204231020603,34.57479415681568,17.262262864149996,21.88034667988007,5.1063829787234045,27.960196847671405,0.0,0.0,0.0,0.0,0.0,0.0,180.0,720.0,0.03546099290780142,0.028368794326241134,0.02127659574468085,0.971830985915493,0.971830985915493,0.028169014084507043,0.028169014084507043,93,93,3,3,0.9790209790209791,0.9790209790209791,1,1,7.969290739211078,0.0,48,9.234494395330003,9.234494395330003,48,0.0,0.0,47,evac_out_of_zone,extensive_displacement,extensive_displacement
148,80e28a51cbc26fa4bd34938c5e593b36146f5e0c,142,19,False,False,3351.230639020032,23.600215767746704,560.6554263376669,0.0,1,143,,evac_out_of_zone,evac_out_of_zone,2,143,142,1.0,143.0,142.0,1.0,0.0,23.600215767746704,102.80807330530824,0.0,0.0,0.0,0.0,0.0,34.94027812983027,560.6554263376669,3351.230639020032,3351.230639020032,0.0,0.0,41.184378956159996,124.59877899627803,0.0,0.0,0.0,0.0,0.0,133.93259321513574,560.6554263376669,5889.36619073088,125.32842942133769,523.4251343044003,490.12349051617093,282.38609268000135,565.6526684236833,138404.0574175452,2384.2516303303537,1135.1739363953538,7.659574468085177,33.63308904731936,0.0,0.0,0.0,0.0,0.0,5.597776239375789e-13,180.0,1080.00000000001,0.0425531914893617,0.0425531914893617,0.0425531914893617,0.852112676056338,0.852112676056338,0.14788732394366197,0.14788732394366197,46,46,19,19,0.8671328671328671,0.8671328671328671,1,1,1115.837182540979,0.0,48,560.6554263376669,560.6554263376669,48,557.0413019018595,557.0413019018595,47,evac_out_of_zone,extensive_displacement,extensive_displacement
149,812ed4562d3211363a7b813aa9cd2cf042b63bb2,142,17,False,False,1964.9399633177204,13.837605375476905,492.04428075770693,0.0,1,143,,sip_hospital,evac_out_of_zone,1,143,142,1.0,143.0,142.0,1.0,0.0,13.837605375476905,70.5341235219399,0.0,0.0,0.0,0.0,0.0,34.81431095529154,492.04428075770693,1964.9399633177204,1964.9399633177204,0.0,0.0,32.591943784124936,104.86626029840255,0.0,0.0,0.0,0.0,0.0,63.45349032419173,492.04428075770693,4660.6479611298655,105.38325467402304,462.40809812527704,413.3091561088825,272.64507615000576,495.1361389277489,112686.7063408009,938.770629163663,991.1158597055185,5.1063829787234125,26.439152258035836,0.0,0.0,0.0,0.0,0.0,2.5444437451708134e-14,179.99999999999994,720.0000000000011,0.028368794326241134,0.028368794326241134,0.028368794326241134,0.8732394366197183,0.8732394366197183,0.1267605633802817,0.1267605633802817,80,80,17,17,0.8811188811188811,0.8811188811188811,1,1,980.0805478504764,0.0,48,0.0,0.0,48,984.8594154672439,0.0,47,sip_hospital,intermediate_directed,intermediate_directed
150,81ecfd4383a1b3f7805215da769e4bb7e368451e,142,2,False,False,15.845542745367082,0.11158832919272593,7.922771372683541,0.0,1,143,,sip_hospital,sip_hospital,1,143,142,1.0,143.0,142.0,1.0,0.0,0.11158832919272593,0.9336149446327924,0.0,0.0,0.0,0.0,0.0,0.0,7.922771372683541,15.845542745367082,15.845542745367082,0.0,0.0,0.055403995613171615,0.6602148041708972,0.0,0.0,0.0,0.0,0.0,0.0,7.922771372683541,7.922771372683541,0.6570570492437419,7.829738384291445,2.6791521190382914,7.415755883997306,7.884877386997723,19.86793809088206,0.0,0.0,2.5531914893617023,18.540732140665476,0.0,0.0,0.0,0.0,0.0,0.0,180.0,360.0,0.02127659574468085,0.014184397163120567,0.0070921985815602835,0.9859154929577465,0.9859154929577465,0.014084507042253521,0.014084507042253521,93,93,2,2,0.986013986013986,0.986013986013986,1,1,0.0,0.0,48,7.922771372683541,7.922771372683541,48,0.0,0.0,47,sip_hospital,intermediate_directed,intermediate_directed
151,827bfc458708f0b442009c9c9836f7e4b65557fb,142,20,False,False,2504.845677447339,17.639758291882668,627.0668734151974,0.0,1,143,,sip_hospital,evac_out_of_zone,1,143,142,1.0,143.0,142.0,1.0,0.0,17.639758291882668,90.18786713534469,0.0,0.0,0.0,0.0,0.0,34.898173782050264,627.0668734151974,2504.845677447339,2504.845677447339,0.0,0.0,46.34381103571508,136.8013380190887,0.0,0.0,0.0,0.0,0.0,169.29211405088398,627.0668734151974,6627.1649781072565,137.66150818614398,585.6929414784956,544.0855315682975,322.8113942100091,632.6422858881366,175637.00901505604,595.4104998532149,1265.3732705850725,5.106382978723422,27.62257639907029,0.0,0.0,0.0,0.0,0.0,5.088887490341627e-14,180.0,720.0000000000025,0.028368794326241134,0.028368794326241134,0.028368794326241134,0.852112676056338,0.852112676056338,0.14788732394366197,0.14788732394366197,52,52,20,20,0.8601398601398601,0.8601398601398601,1,1,1250.7119306169443,0.0,48,0.0,0.0,48,627.0668734151974,627.0668734151974,47,sip_hospital,intermediate_directed,intermediate_directed
152,828f720439cefaeb3acc7a7babce0a28abaa07a3,142,2,False,False,4.6279970120496685,0.032591528253870905,2.3139985060248343,0.0,1,143,,sip_home_grocery,sip_hospital,0,143,142,1.0,143.0,142.0,1.0,0.0,0.032591528253870905,0.27268028893669705,0.0,0.0,0.0,0.0,0.0,0.0,2.3139985060248343,4.6279970120496685,4.6279970120496685,0.0,0.0,0.0161818077344394,0.1928284937988147,0.0,0.0,0.0,0.0,0.0,0.0,2.3139985060248343,2.3139985060248343,0.19180456179856117,2.2856151403061733,0.46543449613346427,2.2541615640084722,2.301711021575935,1.049164551747705,0.0,0.0,2.5531914893617023,18.44160020374028,0.0,0.0,0.0,0.0,0.0,0.0,180.0,360.0,0.02127659574468085,0.014184397163120567,0.0070921985815602835,0.9859154929577465,0.9859154929577465,0.014084507042253521,0.014084507042253521,93,93,2,2,0.986013986013986,0.986013986013986,1,1,0.0,0.0,48,2.3139985060248343,2.3139985060248343,48,0.0,0.0,47,sip_home_grocery,compact_local,compact_local
153,851cd04fbcac9538616f1d147d7930db87b8750d,142,1,False,False,0.0,0.0,0.0,0.0,1,143,,sip_hospital,sip_hospital,1,143,142,1.0,143.0,142.0,1.0,0.0,0.0,0.0,0.0,0.0,0.0,0.0,0.0,0.0,0.0,0.0,0.0,0.0,0.0,0.0,0.0,0.0,0.0,0.0,0.0,0.0,0.0,0.0,0.0,0.0,0.0,0.0,0.0,0.0,0.0,0.0,0.0,0.0,0.0,0.0,0.0,0.0,0.0,0.0,0.0,0.0,0.0,0.0,0.0,0.0,1.0,1.0,0.0,0.0,142,142,1,1,0.993006993006993,0.993006993006993,1,1,0.0,0.0,48,0.0,0.0,48,0.0,0.0,47,sip_hospital,intermediate_directed,intermediate_directed
154,85f1002bf139bebdb7f0d07b31fa14155aea9dfc,142,2,False,False,8.521207743791056,0.06000850523796518,4.260603871895528,0.0,1,143,,evac_out_of_zone,sip_hospital,2,143,142,1.0,143.0,142.0,1.0,0.0,0.06000850523796518,0.5020671758466616,0.0,0.0,0.0,0.0,0.0,0.0,4.260603871895528,8.521207743791056,8.521207743791056,0.0,0.0,0.029794432670598097,0.355041641190323,0.0,0.0,0.0,0.0,0.0,0.0,4.260603871895528,4.260603871895528,0.35515159852316236,4.232119732068691,4.0149184706111285,1.4298323940001991,4.261923392153681,5.740660488549528,0.0,0.0,2.5531914893617023,20.21033266117957,0.0,0.0,0.0,0.0,0.0,0.0,180.0,360.0,0.014184397163120567,0.014184397163120567,0.014184397163120567,0.9859154929577465,0.9859154929577465,0.014084507042253521,0.014084507042253521,93,93,2,2,0.986013986013986,0.986013986013986,1,1,0.0,0.0,48,4.260603871895528,4.260603871895528,48,0.0,0.0,47,evac_out_of_zone,extensive_displacement,extensive_displacement
155,87d538ef1c1db71603e60f278446c86470162380,142,1,False,False,0.0,0.0,0.0,0.0,1,143,,sip_hospital,sip_home_grocery,1,143,142,1.0,143.0,142.0,1.0,0.0,0.0,0.0,0.0,0.0,0.0,0.0,0.0,0.0,0.0,0.0,0.0,0.0,0.0,0.0,0.0,0.0,0.0,0.0,0.0,0.0,0.0,0.0,0.0,1.0097419586828951e-28,1.0097419586828951e-28,0.0,0.0,0.0,0.0,0.0,0.0,0.0,0.0,0.0,0.0,0.0,0.0,0.0,0.0,0.0,0.0,0.0,0.0,0.0,1.0,1.0,0.0,0.0,142,142,1,1,0.993006993006993,0.993006993006993,1,1,0.0,0.0,48,0.0,0.0,48,0.0,0.0,47,sip_hospital,intermediate_directed,intermediate_directed
156,887309d048beef83ad3eabf2a79a64a389ab1c9f,142,17,False,False,2055.9734582265623,14.478686325539172,514.5985247701884,0.0,1,143,,sip_home_grocery,evac_out_of_zone,0,143,142,1.0,143.0,142.0,1.0,0.0,14.478686325539172,74.10980376758087,0.0,0.0,0.0,0.0,0.0,34.89151486703771,514.5985247701884,2055.9734582265623,2055.9734582265623,0.0,0.0,32.937213984000465,106.44481178214181,0.0,0.0,0.0,0.0,0.0,63.302328344911004,514.5985247701884,4710.021599712067,106.46783307878586,482.2757744068585,284.80751523043756,432.19418050800004,517.5974598051247,123092.1506475387,1538.9323701005933,1035.3591117349963,5.1063829787235715,26.358448437417763,0.0,0.0,0.0,0.0,0.0,1.933777246329818e-12,180.0,720.0000000000235,0.0425531914893617,0.028368794326241134,0.014184397163120567,0.8732394366197183,0.8732394366197183,0.1267605633802817,0.1267605633802817,69,69,17,17,0.8811188811188811,0.8811188811188811,1,1,1029.2339920693257,0.0,48,1026.7394661572366,0.0,48,0.0,0.0,47,sip_home_grocery,compact_local,compact_local
157,8b7471f4ae0bf59f5f0a425068c05d96f4801b9e,142,2,False,False,18.022173728066434,0.12691671639483404,9.011086864033217,0.0,1,143,,evac_out_of_zone,sip_home_grocery,2,143,142,1.0,143.0,142.0,1.0,0.0,0.12691671639483404,1.0618614330651956,0.0,0.0,0.0,0.0,0.0,0.0,9.011086864033217,18.022173728066434,18.022173728066434,0.0,0.0,0.06301459345477774,0.7509055442160951,0.0,0.0,0.0,0.0,0.0,0.0,9.011086864033217,9.011086864033217,0.7512412360843597,8.952072500861746,8.47542223839873,3.0723803672775647,9.015115264952321,26.03972088964393,0.0,0.0,2.5531914893617023,20.19438038703457,0.0,0.0,0.0,0.0,0.0,0.0,180.0,360.0,0.014184397163120567,0.014184397163120567,0.014184397163120567,0.9859154929577465,0.9859154929577465,0.014084507042253521,0.014084507042253521,120,120,2,2,0.986013986013986,0.986013986013986,1,1,0.0,0.0,48,0.0,0.0,48,18.022173728066434,0.0,47,evac_out_of_zone,extensive_displacement,extensive_displacement
158,8bd7954c40c1e59a900f71ea3a266732609915b1,142,2,False,False,5.682077608759436,0.04001463104760166,2.841038804379718,0.0,1,143,,evac_out_of_zone,sip_home_grocery,2,143,142,1.0,143.0,142.0,1.0,0.0,0.04001463104760166,0.3347864227403765,0.0,0.0,0.0,0.0,0.0,0.0,2.841038804379718,5.682077608759436,5.682077608759436,0.0,0.0,0.019867404226431594,0.23674744475684076,0.0,0.0,0.0,0.0,0.0,0.0,2.841038804379718,2.841038804379718,0.2354376953463367,2.8055639346447294,0.255018721768404,2.8137886591243135,2.8253214271422276,0.7175687871763139,0.0,0.0,2.5531914893617023,18.399523646615812,0.0,0.0,0.0,0.0,0.0,0.0,180.0,360.0,0.02127659574468085,0.014184397163120567,0.0070921985815602835,0.9859154929577465,0.9859154929577465,0.014084507042253521,0.014084507042253521,138,138,2,2,0.986013986013986,0.986013986013986,1,1,5.682077608759436,0.0,48,0.0,0.0,48,0.0,0.0,47,evac_out_of_zone,extensive_displacement,extensive_displacement
159,8e63fd3e77796b102589b1ba1e4441c7982e4132,142,19,False,False,2238.715460052968,15.765601831358929,555.8366163368042,0.0,1,143,,sip_hospital,evac_out_of_zone,1,143,142,1.0,143.0,142.0,1.0,0.0,15.765601831358929,79.93489882812459,0.0,0.0,0.0,0.0,0.0,34.859294310176445,555.8366163368042,2238.715460052968,2238.715460052968,0.0,0.0,37.2895939953694,116.53025843433336,0.0,0.0,0.0,0.0,0.0,98.71545799761552,555.8366163368042,5332.411941337825,117.25174404771093,522.6641522628465,507.28362391106805,261.70803282677997,570.8132527669701,132760.1992990057,649.5506822948814,1141.8420434030534,7.659574468085174,33.99811200949814,0.0,0.0,0.0,0.0,0.0,5.852220613892871e-13,180.0,1080.0000000000095,0.0425531914893617,0.0425531914893617,0.0425531914893617,0.852112676056338,0.852112676056338,0.14788732394366197,0.14788732394366197,93,93,19,19,0.8671328671328671,0.8671328671328671,1,1,1127.0422273793597,0.0,48,555.8366163368042,555.8366163368042,48,0.0,0.0,47,sip_hospital,intermediate_directed,intermediate_directed
160,8ee51caaa2c2f4ee2e5b4b7ef5a89db7df1068d7,142,29,False,False,6203.227172658141,43.68469839900099,770.9973345901512,0.0,1,143,,sip_hospital,evac_out_of_zone,1,143,142,1.0,143.0,142.0,1.0,0.0,43.68469839900099,164.77441997962194,0.0,0.0,0.0,0.0,0.0,35.09413560696952,770.9973345901512,6203.227172658141,6203.227172658141,0.0,0.0,93.4677451860375,217.690345907488,0.0,0.0,0.0,0.0,0.0,484.4923745145495,770.9973345901512,13365.887561603364,218.01476436422627,679.4662279710388,422.4383905888696,647.3663192519921,773.0053978758406,273472.3860262519,2974.313171464567,1546.5384338415001,12.643499799525236,42.39188625383265,0.0,0.0,0.0,0.0,0.0,2.289999370653732e-12,180.0,1782.7334717330582,0.09219858156028368,0.07092198581560284,0.04964539007092199,0.7746478873239436,0.7746478873239436,0.22535211267605634,0.22535211267605634,45,45,29,29,0.7972027972027972,0.7972027972027972,1,1,1534.105934799862,0.0,48,2377.3625359237967,749.7640327541795,48,770.9973345901512,770.9973345901512,47,sip_hospital,intermediate_directed,intermediate_directed
161,8effee409c625e1a2d8f5033631840e6ce1dcb64,142,17,False,False,1096.2772799027962,7.720262534526734,548.1082441742866,0.0,1,143,,sip_hospital,evac_out_of_zone,1,143,142,1.0,143.0,142.0,1.0,0.0,7.720262534526734,46.78972352137807,0.0,0.0,0.0,0.0,0.0,34.77376305211155,548.1082441742866,1096.2772799027962,1096.2772799027962,0.0,0.0,33.29400393803072,108.0033730871755,0.0,0.0,0.0,0.0,0.0,63.49458349958233,548.1082441742866,4761.042563138393,108.59845021179368,518.7196382843073,484.3991046190306,265.04410881600154,552.1692423286423,128387.12899502006,0.0002178415056119566,1104.3384837478168,2.5531914893617116,19.786041283935795,0.0,0.0,0.0,0.0,0.0,0.0,179.9999999999999,360.0000000000013,0.014184397163120567,0.014184397163120567,0.014184397163120567,0.8802816901408451,0.8802816901408451,0.11971830985915492,0.11971830985915492,101,101,17,17,0.8811188811188811,0.8811188811188811,1,1,1096.2772799027962,0.0,48,0.0,0.0,48,0.0,0.0,47,sip_hospital,intermediate_directed,intermediate_directed
162,902ba3cda1883801594b6e1b452790cc53948fda,142,18,False,False,2233.3417024376704,15.727758467870919,558.678002875273,0.0,1,143,,sip_hospital,evac_out_of_zone,1,143,142,1.0,143.0,142.0,1.0,0.0,15.727758467870919,80.4872718538796,0.0,0.0,0.0,0.0,0.0,34.85650069951061,558.678002875273,2233.3417024376704,2233.3417024376704,0.0,0.0,37.277374297599565,116.82289994676735,0.0,0.0,0.0,0.0,0.0,98.75358904780931,558.678002875273,5330.664524556738,117.44485459590194,525.1859240062031,464.94597491312976,320.2397746920035,564.5602473454059,148894.19425013458,1459.433393695446,1129.7836959300325,5.106382978723513,27.402466999410688,0.0,0.0,0.0,0.0,0.0,1.2467774351336986e-12,180.0,720.0000000000153,0.028368794326241134,0.028368794326241134,0.028368794326241134,0.8661971830985915,0.8661971830985915,0.13380281690140844,0.13380281690140844,93,93,18,18,0.8741258741258742,0.8741258741258742,1,1,1115.9856966871243,0.0,48,558.678002875273,558.678002875273,48,0.0,0.0,47,sip_hospital,intermediate_directed,intermediate_directed
163,91032ad7bbcb6cf72875e8e8207dcfba80173f7c,142,20,False,False,3380.30936862787,23.804995553717394,565.2616934001414,0.0,1,143,,sip_home_grocery,evac_out_of_zone,0,143,142,1.0,143.0,142.0,1.0,0.0,23.804995553717394,103.42969306088149,0.0,0.0,0.0,0.0,0.0,34.94712870204679,565.2616934001414,3380.30936862787,3380.30936862787,0.0,0.0,45.1703055539222,132.11078365277962,0.0,0.0,0.0,0.0,0.0,169.05653913860814,565.2616934001414,6459.353694210874,132.9000186922451,523.9905440492975,510.95340599565037,258.3546029639985,572.5560967898615,132007.16433910897,2314.690425859498,1146.514745546447,7.659574468085153,33.765292405304145,0.0,0.0,0.0,0.0,0.0,5.852220613892871e-13,180.0,1080.0000000000066,0.0425531914893617,0.0425531914893617,0.0425531914893617,0.8450704225352113,0.8450704225352113,0.15492957746478872,0.15492957746478872,69,69,20,20,0.8601398601398601,0.8601398601398601,1,1,1120.1618990131594,0.0,48,574.9708879831993,555.5550681932652,48,1129.6215134382455,0.0,47,sip_home_grocery,compact_local,compact_local
164,9109c85a45b703f87f1413a405549a2cea9ab556,142,21,False,False,3698.2043572213365,26.043692656488286,615.9856682349576,0.0,1,143,,evac_out_of_zone,evac_out_of_zone,2,143,142,1.0,143.0,142.0,1.0,0.0,26.043692656488286,113.01818953992841,0.0,0.0,0.0,0.0,0.0,34.974820970551555,615.9856682349576,3698.2043572213365,3698.2043572213365,0.0,0.0,54.78166671752567,151.49558780820976,0.0,0.0,0.0,0.0,0.0,239.51758100327743,615.9856682349576,7833.778340606171,152.46287909665674,565.760061813196,538.4984466271975,315.0870262919982,623.9073738604466,169673.87421062397,3412.5680125134613,1250.1118730888797,7.6713382152962115,31.85208632999789,0.0,0.0,0.0,0.0,0.0,1.144999685326866e-12,180.0,1081.6586883567659,0.04964539007092199,0.0425531914893617,0.03546099290780142,0.8309859154929577,0.8309859154929577,0.16901408450704225,0.16901408450704225,69,69,21,21,0.8531468531468531,0.8531468531468531,1,1,1232.0596735838556,0.0,48,1851.3955920076849,614.7490916297962,48,0.0,0.0,47,evac_out_of_zone,extensive_displacement,extensive_displacement
165,91dfde1d6e005e422f64a59776234f1f4c80b5e4,142,1,False,False,0.0,0.0,0.0,0.0,1,143,,sip_hospital,sip_home_grocery,1,143,142,1.0,143.0,142.0,1.0,0.0,0.0,0.0,0.0,0.0,0.0,0.0,0.0,0.0,0.0,0.0,0.0,0.0,0.0,0.0,0.0,0.0,0.0,0.0,0.0,0.0,0.0,0.0,0.0,0.0,0.0,0.0,0.0,0.0,0.0,0.0,0.0,0.0,0.0,0.0,0.0,0.0,0.0,0.0,0.0,0.0,0.0,0.0,0.0,0.0,1.0,1.0,0.0,0.0,142,142,1,1,0.993006993006993,0.993006993006993,1,1,0.0,0.0,48,0.0,0.0,48,0.0,0.0,47,sip_hospital,intermediate_directed,intermediate_directed
166,92cfceb39d57d914ed8b14d0e37643de0797ae56,142,19,False,False,1260.3933805330419,8.876009722063674,630.1515368848225,0.0,1,143,,sip_home_grocery,evac_out_of_zone,0,143,142,1.0,143.0,142.0,1.0,0.0,8.876009722063674,53.60071730638258,0.0,0.0,0.0,0.0,0.0,34.85040018430944,630.1515368848225,1260.3933805330419,1260.3933805330419,0.0,0.0,41.98644141330352,128.0254901816206,0.0,0.0,0.0,0.0,0.0,133.99980027375292,630.1515368848225,6004.061122102403,128.79926439866716,593.0709515601292,586.751595962104,243.50822996599797,635.2745024202133,142878.84256245635,0.00016233881547945576,1270.5490049364962,2.55319148936176,20.06776295234548,0.0,0.0,0.0,0.0,0.0,5.597776239375789e-13,179.9999999999997,360.0000000000082,0.014184397163120567,0.014184397163120567,0.014184397163120567,0.8661971830985915,0.8661971830985915,0.13380281690140844,0.13380281690140844,99,99,19,19,0.8671328671328671,0.8671328671328671,1,1,1260.3933805330419,0.0,48,0.0,0.0,48,0.0,0.0,47,sip_home_grocery,compact_local,compact_local
167,934385f53d1bd0c1b8493e44d0dfd4c8e88a04bb,142,1,False,False,0.0,0.0,0.0,0.0,1,143,,sip_home_grocery,sip_home_grocery,0,143,142,1.0,143.0,142.0,1.0,0.0,0.0,0.0,0.0,0.0,0.0,0.0,0.0,0.0,0.0,0.0,0.0,0.0,0.0,0.0,0.0,0.0,0.0,0.0,0.0,0.0,0.0,0.0,0.0,4.0389678347315804e-28,4.0389678347315804e-28,0.0,0.0,0.0,0.0,0.0,0.0,0.0,0.0,0.0,0.0,0.0,0.0,0.0,0.0,0.0,0.0,0.0,0.0,0.0,1.0,1.0,0.0,0.0,142,142,1,1,0.993006993006993,0.993006993006993,1,1,0.0,0.0,48,0.0,0.0,48,0.0,0.0,47,sip_hospital,compact_local,intermediate_directed
168,94940e534aedd3f6d9bb77c6322f6641dbb7432a,142,2,False,False,7.497290732707032,0.052797822061317126,3.748645366353516,0.0,1,143,,sip_home_grocery,sip_home_grocery,0,143,142,1.0,143.0,142.0,1.0,0.0,0.052797822061317126,0.4417382720676299,0.0,0.0,0.0,0.0,0.0,0.0,3.748645366353516,7.497290732707032,7.497290732707032,0.0,0.0,0.0262143032612134,0.3123794755691587,0.0,0.0,0.0,0.0,0.0,0.0,3.748645366353516,3.748645366353516,0.31063921792723914,3.701693499933704,0.1724112177983807,3.723772568410961,3.7277617640177443,0.6420201633239376,0.0,0.0,2.5531914893617023,18.39189339418933,0.0,0.0,0.0,0.0,0.0,0.0,180.0,360.0,0.02127659574468085,0.014184397163120567,0.0070921985815602835,0.9859154929577465,0.9859154929577465,0.014084507042253521,0.014084507042253521,120,120,2,2,0.986013986013986,0.986013986013986,1,1,0.0,0.0,48,0.0,0.0,48,7.497290732707032,0.0,47,sip_home_grocery,compact_local,compact_local
169,95e815d1541bf6f358cfffbe66ab3af0d0c09d09,142,1,False,False,0.0,0.0,0.0,0.0,1,143,,sip_hospital,sip_home_grocery,1,143,142,1.0,143.0,142.0,1.0,0.0,0.0,0.0,0.0,0.0,0.0,0.0,0.0,0.0,0.0,0.0,0.0,0.0,0.0,0.0,0.0,0.0,0.0,0.0,0.0,0.0,0.0,0.0,0.0,1.0097419586828951e-28,1.0097419586828951e-28,0.0,0.0,0.0,0.0,0.0,0.0,0.0,0.0,0.0,0.0,0.0,0.0,0.0,0.0,0.0,0.0,0.0,0.0,0.0,1.0,1.0,0.0,0.0,142,142,1,1,0.993006993006993,0.993006993006993,1,1,0.0,0.0,48,0.0,0.0,48,0.0,0.0,47,sip_hospital,intermediate_directed,intermediate_directed
170,972a67c48192728a34979d9a35164c1295401b71,142,19,False,False,2397.0477918209235,16.880618252260025,600.538770892155,0.0,1,143,,evac_out_of_zone,evac_out_of_zone,2,143,142,1.0,143.0,142.0,1.0,0.0,16.880618252260025,85.94554525431433,0.0,0.0,0.0,0.0,0.0,34.88153254997276,600.538770892155,2397.0477918209235,2397.0477918209235,0.0,0.0,45.92309267599771,135.0841910519562,0.0,0.0,0.0,0.0,0.0,169.18592263143762,600.538770892155,6567.002252667672,135.9283330295714,559.1259812981009,536.3678042641445,287.08869432599806,608.3669450758696,153985.13260469574,3169.719789444876,1216.8296664084087,5.1205804025604795,25.8872777079735,0.0,0.0,0.0,0.0,0.0,1.0941108104234498e-12,179.9999999999994,722.0018367610276,0.03546099290780142,0.028368794326241134,0.02127659574468085,0.852112676056338,0.852112676056338,0.14788732394366197,0.14788732394366197,68,68,19,19,0.8671328671328671,0.8671328671328671,1,1,1189.833598207104,0.0,48,1207.2141936138194,0.0,48,0.0,0.0,47,evac_out_of_zone,extensive_displacement,extensive_displacement
171,982fd8b711279888a3b54f5af24f185041d22ee6,142,2,False,False,37.21098414951513,0.26204918415151496,18.605492074757564,0.0,1,143,,evac_out_of_zone,sip_hospital,2,143,142,1.0,143.0,142.0,1.0,0.0,0.26204918415151496,2.1924607736543944,0.0,0.0,0.0,0.0,0.0,0.0,18.605492074757564,37.21098414951513,37.21098414951513,0.0,0.0,0.13010833618711584,1.5504197620786113,0.0,0.0,0.0,0.0,0.0,0.0,18.605492074757564,18.605492074757564,1.543841498998132,18.396994686961495,7.95479338271409,16.73183653199802,18.5265509875739,133.09830252539172,0.0,0.0,2.5531914893617023,18.636879484459705,0.0,0.0,0.0,0.0,0.0,0.0,180.0,360.0,0.02127659574468085,0.014184397163120567,0.0070921985815602835,0.9859154929577465,0.9859154929577465,0.014084507042253521,0.014084507042253521,138,138,2,2,0.986013986013986,0.986013986013986,1,1,37.21098414951513,0.0,48,0.0,0.0,48,0.0,0.0,47,evac_out_of_zone,extensive_displacement,extensive_displacement
172,98fbc42faedc02492397cb5962ea3a3ffc0a9243,142,29,False,False,5655.583982773196,39.828056216712646,698.9085163051795,0.0,1,143,,evac_out_of_zone,evac_out_of_zone,2,143,142,1.0,143.0,142.0,1.0,0.0,39.828056216712646,148.69870452450914,0.0,0.0,0.0,0.0,0.0,35.08217422995187,698.9085163051795,5655.583982773196,5655.583982773196,0.0,0.0,90.1581733340161,207.90557073127337,0.0,0.0,0.0,0.0,0.0,484.3816351563832,713.0882481216776,12892.618786764302,208.58455927880095,626.6886154795421,492.1828031089824,539.3202620399979,730.1439972519855,265444.1583443171,19069.147759619835,1469.3627541152323,13.551331194191102,41.800536686258525,0.0,0.0,0.0,0.0,4.834443115824545e-13,50.61814697914837,180.0,1910.7376983809454,0.11347517730496454,0.07092198581560284,0.0425531914893617,0.7746478873239436,0.7746478873239436,0.22535211267605634,0.22535211267605634,43,43,29,29,0.7972027972027972,0.7972027972027972,1,1,1384.9417593729627,0.0,48,2163.5447149109455,690.959108112265,48,1416.1384003770227,0.0,47,evac_out_of_zone,extensive_displacement,extensive_displacement
173,98fcc378d7f5adda37f271debf5d7a4d1cdd37b9,142,1,False,False,0.0,0.0,0.0,0.0,1,143,,sip_hospital,sip_hospital,1,143,142,1.0,143.0,142.0,1.0,0.0,0.0,0.0,0.0,0.0,0.0,0.0,0.0,0.0,0.0,0.0,0.0,0.0,0.0,0.0,0.0,0.0,0.0,0.0,0.0,0.0,0.0,0.0,0.0,2.8559815449330475e-28,2.8559815449330475e-28,0.0,0.0,0.0,0.0,0.0,0.0,0.0,0.0,0.0,0.0,0.0,0.0,0.0,0.0,0.0,0.0,0.0,0.0,0.0,1.0,1.0,0.0,0.0,142,142,1,1,0.993006993006993,0.993006993006993,1,1,0.0,0.0,48,0.0,0.0,48,0.0,0.0,47,sip_hospital,intermediate_directed,intermediate_directed
174,9a15f42d1c524c306eb91c3df1216db248a8f224,142,3,False,False,131.675507697351,0.927292307727824,34.99957161303647,0.0,1,143,,sip_hospital,evac_out_of_zone,1,143,142,1.0,143.0,142.0,1.0,0.0,0.927292307727824,5.457792792778947,0.0,0.0,0.0,0.0,0.0,0.0,34.99957161303647,131.675507697351,131.675507697351,0.0,0.0,0.4604038730676609,3.873571507353032,0.0,0.0,0.0,0.0,0.0,0.0,34.99957161303647,65.8377538486755,3.852501474589275,34.351229488536546,5.7138370963766505,34.33697035951195,34.80912908755306,196.1958550173649,2.167449471313963e-06,69.61825940706676,5.1063829787234045,25.80346370224845,0.0,0.0,0.0,0.0,0.0,0.0,180.0,720.0,0.0425531914893617,0.028368794326241134,0.014184397163120567,0.971830985915493,0.971830985915493,0.028169014084507043,0.028169014084507043,69,69,3,3,0.9790209790209791,0.9790209790209791,1,1,69.99914322607295,0.0,48,0.0,0.0,48,30.838182235639035,30.838182235639035,47,sip_hospital,intermediate_directed,intermediate_directed
175,9a61b86ecef7f4f8978d90273acfe0236bae7479,142,1,False,False,0.0,0.0,0.0,0.0,1,143,,sip_hospital,sip_hospital,1,143,142,1.0,143.0,142.0,1.0,0.0,0.0,0.0,0.0,0.0,0.0,0.0,0.0,0.0,0.0,0.0,0.0,0.0,0.0,0.0,0.0,0.0,0.0,0.0,0.0,0.0,0.0,0.0,0.0,5.048709793414476e-29,5.048709793414476e-29,0.0,0.0,0.0,0.0,0.0,0.0,0.0,0.0,0.0,0.0,0.0,0.0,0.0,0.0,0.0,0.0,0.0,0.0,0.0,1.0,1.0,0.0,0.0,142,142,1,1,0.993006993006993,0.993006993006993,1,1,0.0,0.0,48,0.0,0.0,48,0.0,0.0,47,sip_hospital,intermediate_directed,intermediate_directed
176,9a70776c743352cfcf688e52512673332e5e4007,142,2,False,False,3.315298250064041,0.023347170775098878,1.6576491250320204,0.0,1,143,,sip_hospital,sip_hospital,1,143,142,1.0,143.0,142.0,1.0,0.0,0.023347170775098878,0.1953364452018982,0.0,0.0,0.0,0.0,0.0,0.0,1.6576491250320204,3.315298250064041,3.315298250064041,0.0,0.0,0.011591951923300842,0.13813404943633836,0.0,0.0,0.0,0.0,0.0,0.0,1.6576491250320204,1.6576491250320204,0.1382710229441556,1.6476894008323582,1.64419077234022,0.22335948000686479,1.6592928473170934,0.36724559594199696,0.0,0.0,2.5531914893617023,20.836332173160425,0.0,0.0,0.0,0.0,0.0,0.0,180.0,360.0,0.014184397163120567,0.014184397163120567,0.014184397163120567,0.9859154929577465,0.9859154929577465,0.014084507042253521,0.014084507042253521,93,93,2,2,0.986013986013986,0.986013986013986,1,1,0.0,0.0,48,1.6576491250320204,1.6576491250320204,48,0.0,0.0,47,sip_hospital,intermediate_directed,intermediate_directed
177,9a79be611e0267e1d943da0737c6c51be67865a0,142,22,False,False,3613.734423650795,25.448833969371798,606.2989676654071,0.0,1,143,,sip_home_grocery,evac_out_of_zone,0,143,142,1.0,143.0,142.0,1.0,0.0,25.448833969371798,110.41729043464515,0.0,0.0,0.0,0.0,0.0,34.969147299367286,606.2989676654071,3613.734423650795,3613.734423650795,0.0,0.0,50.20864684902026,142.94801959255443,0.0,0.0,0.0,0.0,0.0,204.36712433790194,606.2989676654071,7179.836499409897,143.85146726030925,560.6245087121583,532.809672820787,299.6637224760042,611.2973859093213,159663.72992869891,2854.9342779267204,1227.49048948115,10.21325581336846,37.83279642601009,0.0,0.0,0.0,0.0,0.0,6.615553737444115e-13,180.0,1440.0690696849529,0.06382978723404255,0.05673758865248227,0.04964539007092199,0.823943661971831,0.823943661971831,0.176056338028169,0.176056338028169,68,68,22,22,0.8461538461538461,0.8461538461538461,1,1,1196.007532679017,0.0,48,1815.1730814208418,602.5538095509363,48,0.0,0.0,47,sip_home_grocery,compact_local,compact_local
178,9d323717c1d5f918d8b0267c157186d6e6b64ec9,142,1,False,False,0.0,0.0,0.0,0.0,1,143,,sip_home_grocery,sip_hospital,0,143,142,1.0,143.0,142.0,1.0,0.0,0.0,0.0,0.0,0.0,0.0,0.0,0.0,0.0,0.0,0.0,0.0,0.0,0.0,0.0,0.0,0.0,0.0,0.0,0.0,0.0,0.0,0.0,0.0,2.08163637513382e-28,2.08163637513382e-28,0.0,0.0,0.0,0.0,0.0,0.0,0.0,0.0,0.0,0.0,0.0,0.0,0.0,0.0,0.0,0.0,0.0,0.0,0.0,1.0,1.0,0.0,0.0,142,142,1,1,0.993006993006993,0.993006993006993,1,1,0.0,0.0,48,0.0,0.0,48,0.0,0.0,47,sip_hospital,compact_local,intermediate_directed
179,9d8974baddfc0e53300829f37e5fc88b0f5ce61b,142,3,False,False,12.274494626098923,0.08644010300069664,5.3344773826259155,0.0,1,143,,sip_hospital,sip_home_grocery,1,143,142,1.0,143.0,142.0,1.0,0.0,0.08644010300069664,0.6343521061732699,0.0,0.0,0.0,0.0,0.0,0.0,5.3344773826259155,12.274494626098923,12.274494626098923,0.0,0.0,0.04291781337796826,0.4490681203648265,0.0,0.0,0.0,0.0,0.0,0.0,5.3344773826259155,6.137247313049461,0.44758268375643195,5.274210576007763,3.0718225547873024,4.339669534403023,5.316843563236156,13.330694756102517,0.46508943185199925,10.656445229402957,5.1063829787234045,26.234110345686744,0.0,0.0,0.0,0.0,0.0,0.0,180.0,720.0,0.0425531914893617,0.028368794326241134,0.014184397163120567,0.971830985915493,0.971830985915493,0.028169014084507043,0.014084507042253521,116,116,3,3,0.9790209790209791,0.9790209790209791,1,1,10.668954765251831,0.0,48,0.0,0.0,48,1.605539860847092,0.0,47,sip_hospital,intermediate_directed,intermediate_directed
180,9e071a3a594a8964cbefe784f8a6afaa94c0de17,142,2,False,False,18.19115184253533,0.12810670311644598,9.095575921267665,0.0,1,143,,sip_hospital,sip_home_grocery,1,143,142,1.0,143.0,142.0,1.0,0.0,0.12810670311644598,1.0718175762859865,0.0,0.0,0.0,0.0,0.0,0.0,9.095575921267665,18.19115184253533,18.19115184253533,0.0,0.0,0.06360542602285081,0.7579461268295162,0.0,0.0,0.0,0.0,0.0,0.0,9.095575921267665,9.095575921267665,0.7586727303732014,9.040628975756821,8.948394391356244,1.6776269335905338,9.104295376994546,15.012067443329707,0.0,0.0,2.5531914893617023,20.677139236038336,0.0,0.0,0.0,0.0,0.0,0.0,180.0,360.0,0.014184397163120567,0.014184397163120567,0.014184397163120567,0.9859154929577465,0.9859154929577465,0.014084507042253521,0.014084507042253521,92,92,2,2,0.986013986013986,0.986013986013986,1,1,0.0,0.0,48,18.19115184253533,0.0,48,0.0,0.0,47,sip_hospital,intermediate_directed,intermediate_directed
181,9e44d2771c052d44058245eda6cb334689ca78cc,142,2,False,False,21.563287910730583,0.15185414021641255,10.781643955365292,0.0,1,143,,evac_out_of_zone,sip_home_grocery,2,143,142,1.0,143.0,142.0,1.0,0.0,0.15185414021641255,1.2705028898277297,0.0,0.0,0.0,0.0,0.0,0.0,10.781643955365292,21.563287910730583,21.563287910730583,0.0,0.0,0.07539611157598106,0.8984483607812112,0.0,0.0,0.0,0.0,0.0,0.0,10.781643955365292,10.781643955365292,0.8992668709701186,10.71600151837723,10.547887704867305,2.2798706660188555,10.79146631780242,24.04781976678792,0.0,0.0,2.5531914893617023,20.59188065826866,0.0,0.0,0.0,0.0,0.0,0.0,180.0,360.0,0.014184397163120567,0.014184397163120567,0.014184397163120567,0.9859154929577465,0.9859154929577465,0.014084507042253521,0.014084507042253521,92,92,2,2,0.986013986013986,0.986013986013986,1,1,0.0,0.0,48,21.563287910730583,0.0,48,0.0,0.0,47,evac_out_of_zone,extensive_displacement,extensive_displacement
182,9e6a55b6b4563e652a23be9d623ca5055c356940,142,10,False,False,1304.3267810213486,9.185399866347526,224.92447309558244,0.0,1,143,,evac_out_of_zone,evac_out_of_zone,2,143,142,1.0,143.0,142.0,1.0,0.0,9.185399866347526,40.29419824373808,0.0,0.0,0.0,0.0,0.0,0.0,224.92447309558244,1304.3267810213486,1304.3267810213486,0.0,0.0,9.749811198411901,41.21452233652506,0.0,0.0,0.0,0.0,0.0,0.0,224.92447309558244,1394.223001372902,41.16723443856629,214.79469843187354,214.49655585689996,66.3595486380008,224.52697425902173,14233.894631069608,1068.4200417687796,455.37227241939877,7.694681928316674,33.354299231856594,0.0,0.0,0.0,0.0,0.0,5.852220613892871e-13,180.0,1084.950151892651,0.04964539007092199,0.0425531914893617,0.03546099290780142,0.9154929577464789,0.9154929577464789,0.08450704225352113,0.08450704225352113,69,69,10,10,0.9300699300699301,0.9300699300699301,1,1,419.9600283948461,0.0,48,659.44227953092,224.92447309558244,48,0.0,0.0,47,evac_out_of_zone,extensive_displacement,extensive_displacement
183,9f9af029585ba014e07cd3910ca976cf56160616,142,1,False,False,0.0,0.0,0.0,0.0,1,143,,evac_out_of_zone,sip_hospital,2,143,142,1.0,143.0,142.0,1.0,0.0,0.0,0.0,0.0,0.0,0.0,0.0,0.0,0.0,0.0,0.0,0.0,0.0,0.0,0.0,0.0,0.0,0.0,0.0,0.0,0.0,0.0,0.0,0.0,2.0194839173657902e-28,2.0194839173657902e-28,0.0,0.0,0.0,0.0,0.0,0.0,0.0,0.0,0.0,0.0,0.0,0.0,0.0,0.0,0.0,0.0,0.0,0.0,0.0,1.0,1.0,0.0,0.0,142,142,1,1,0.993006993006993,0.993006993006993,1,1,0.0,0.0,48,0.0,0.0,48,0.0,0.0,47,sip_hospital,extensive_displacement,intermediate_directed
184,9ffd1ae121c4f26fe7f0c45ecdc85fa6ac245bf0,142,2,False,False,5.13884064484964,0.036189018625701695,2.56942032242482,0.0,1,143,,sip_home_grocery,sip_hospital,0,143,142,1.0,143.0,142.0,1.0,0.0,0.036189018625701695,0.3027790528362173,0.0,0.0,0.0,0.0,0.0,0.0,2.56942032242482,5.13884064484964,5.13884064484964,0.0,0.0,0.01796797428269105,0.21411312471431887,0.0,0.0,0.0,0.0,0.0,0.0,2.56942032242482,2.56942032242482,0.21425617039643458,2.553156934173521,2.4779933184270733,0.6857799479998081,2.571136912583194,1.6993581290547903,0.0,0.0,2.5531914893617023,20.419447977620468,0.0,0.0,0.0,0.0,0.0,0.0,180.0,360.0,0.014184397163120567,0.014184397163120567,0.014184397163120567,0.9859154929577465,0.9859154929577465,0.014084507042253521,0.014084507042253521,93,93,2,2,0.986013986013986,0.986013986013986,1,1,0.0,0.0,48,2.56942032242482,2.56942032242482,48,0.0,0.0,47,sip_home_grocery,compact_local,compact_local
185,a02b857f2eff73e8e188f35529dd91f8144b23b9,142,3,False,False,64.64482404508605,0.4552452397541271,19.79867224903083,0.0,1,143,,sip_hospital,sip_hospital,1,143,142,1.0,143.0,142.0,1.0,0.0,0.4552452397541271,2.7427673301180366,0.0,0.0,0.0,0.0,0.0,0.0,19.79867224903083,64.64482404508605,64.64482404508605,0.0,0.0,0.22603085330449668,1.9459939455573885,0.0,0.0,0.0,0.0,0.0,0.0,19.79867224903083,32.32241202254303,1.9440627664023575,19.543722459738415,14.446529868382996,13.488258816002096,19.76449723938204,194.85853385785455,41.277847212147485,41.27585414555013,5.1063829787234045,27.517137231068915,0.0,0.0,0.0,0.0,0.0,0.0,180.0,720.0,0.028368794326241134,0.028368794326241134,0.028368794326241134,0.971830985915493,0.971830985915493,0.028169014084507043,0.028169014084507043,93,93,3,3,0.9790209790209791,0.9790209790209791,1,1,39.59734449806166,0.0,48,12.523739773512196,12.523739773512196,48,0.0,0.0,47,sip_hospital,intermediate_directed,intermediate_directed
186,a1422e6a168630cdd214ac5e31ca01ae1bee8d92,142,2,False,False,29.439843054204108,0.20732283840988808,14.719921527102054,0.0,1,143,,evac_out_of_zone,sip_home_grocery,2,143,142,1.0,143.0,142.0,1.0,0.0,0.20732283840988808,1.7345873148513677,0.0,0.0,0.0,0.0,0.0,0.0,14.719921527102054,29.439843054204108,29.439843054204108,0.0,0.0,0.10293651417553884,1.2266301337350018,0.0,0.0,0.0,0.0,0.0,0.0,14.719921527102054,14.719921527102054,1.2200746951312438,14.538867946347917,2.683876572280086,14.39316279360385,14.641254340336284,38.62947242276677,0.0,0.0,2.5531914893617023,18.432161775568858,0.0,0.0,0.0,0.0,0.0,0.0,180.0,360.0,0.02127659574468085,0.014184397163120567,0.0070921985815602835,0.9859154929577465,0.9859154929577465,0.014084507042253521,0.014084507042253521,138,138,2,2,0.986013986013986,0.986013986013986,1,1,29.439843054204108,0.0,48,0.0,0.0,48,0.0,0.0,47,evac_out_of_zone,extensive_displacement,extensive_displacement
187,a165fbd61c277745f187eaac7182d9c05d0d1171,142,1,False,False,0.0,0.0,0.0,0.0,1,143,,evac_out_of_zone,sip_hospital,2,143,142,1.0,143.0,142.0,1.0,0.0,0.0,0.0,0.0,0.0,0.0,0.0,0.0,0.0,0.0,0.0,0.0,0.0,0.0,0.0,0.0,0.0,0.0,0.0,0.0,0.0,0.0,0.0,0.0,2.2578516593487376e-28,2.2578516593487376e-28,0.0,0.0,0.0,0.0,0.0,0.0,0.0,0.0,0.0,0.0,0.0,0.0,0.0,0.0,0.0,0.0,0.0,0.0,0.0,1.0,1.0,0.0,0.0,142,142,1,1,0.993006993006993,0.993006993006993,1,1,0.0,0.0,48,0.0,0.0,48,0.0,0.0,47,sip_hospital,extensive_displacement,intermediate_directed
188,a17554a0d2b15a664c0e73900184544f19e70227,142,23,False,False,2685.710341545268,18.913453109473718,674.0084124842657,0.0,1,143,,sip_home_grocery,evac_out_of_zone,0,143,142,1.0,143.0,142.0,1.0,0.0,18.913453109473718,96.32924028055469,0.0,0.0,0.0,0.0,0.0,34.92605472454348,674.0084124842657,2685.710341545268,2685.710341545268,0.0,0.0,56.07134889266596,156.3402282008885,0.0,0.0,0.0,0.0,0.0,239.72514399431617,674.0084124842657,8018.202891651232,157.30869481114274,623.1633537853754,550.8593058562097,401.339611548003,681.5566437544918,221081.6598299338,3565.530070866614,1365.997305564227,7.6595744680852595,30.95194312858923,0.0,0.0,0.0,0.0,0.0,1.3739996223922392e-12,180.0,1080.0000000000216,0.05673758865248227,0.0425531914893617,0.028368794326241134,0.823943661971831,0.823943661971831,0.1619718309859155,0.1619718309859155,68,68,23,23,0.8391608391608392,0.8391608391608392,1,1,1330.8718272742599,0.0,48,1354.838514271008,0.0,48,0.0,0.0,47,sip_home_grocery,compact_local,compact_local
189,a2e33d344f272e100d4a8efeabc7ae8a60a8ba7a,142,3,False,False,13.466509207841188,0.09483457188620555,5.304647419020668,0.0,1,143,,evac_out_of_zone,sip_home_grocery,2,143,142,1.0,143.0,142.0,1.0,0.0,0.09483457188620555,0.6450423876355516,0.0,0.0,0.0,0.0,0.0,0.0,5.304647419020668,13.466509207841188,13.466509207841188,0.0,0.0,0.04708569653091325,0.45698282890668623,0.0,0.0,0.0,0.0,0.0,0.0,5.304647419020668,6.733254603920594,0.45483421677311253,5.231600143263621,1.1230546715853282,5.226704775144635,5.345997998679888,5.869875214723526,2.6196148124459997,11.06819411393786,5.1063829787234045,26.502924018848574,0.0,0.0,0.0,0.0,0.0,0.0,180.0,720.0,0.03546099290780142,0.028368794326241134,0.02127659574468085,0.971830985915493,0.971830985915493,0.028169014084507043,0.028169014084507043,92,92,3,3,0.9790209790209791,0.9790209790209791,1,1,2.8572143697998515,0.0,48,10.609294838041336,0.0,48,0.0,0.0,47,evac_out_of_zone,extensive_displacement,extensive_displacement
190,a3d12597f93e80f7f6a229cebb1c3e10d4f34ec3,142,1,False,False,0.0,0.0,0.0,0.0,1,143,,sip_home_grocery,sip_home_grocery,0,143,142,1.0,143.0,142.0,1.0,0.0,0.0,0.0,0.0,0.0,0.0,0.0,0.0,0.0,0.0,0.0,0.0,0.0,0.0,0.0,0.0,0.0,0.0,0.0,0.0,0.0,0.0,0.0,0.0,4.0389678347315804e-28,4.0389678347315804e-28,0.0,0.0,0.0,0.0,0.0,0.0,0.0,0.0,0.0,0.0,0.0,0.0,0.0,0.0,0.0,0.0,0.0,0.0,0.0,1.0,1.0,0.0,0.0,142,142,1,1,0.993006993006993,0.993006993006993,1,1,0.0,0.0,48,0.0,0.0,48,0.0,0.0,47,sip_hospital,compact_local,intermediate_directed
191,a6f16ab483da9847d431a822e6c85e144dc54f30,142,2,False,False,7.764926290661061,0.05468257951169762,3.8824631453305307,0.0,1,143,,evac_out_of_zone,sip_home_grocery,2,143,142,1.0,143.0,142.0,1.0,0.0,0.05468257951169762,0.45750728425208625,0.0,0.0,0.0,0.0,0.0,0.0,3.8824631453305307,7.764926290661061,7.764926290661061,0.0,0.0,0.027150091925388326,0.32353068448154837,0.0,0.0,0.0,0.0,0.0,0.0,3.8824631453305307,3.8824631453305307,0.32352961918434187,3.855300358923837,3.5612838389116552,1.546181822374495,3.88245036145147,5.5063923360412605,0.0,0.0,2.5531914893617023,20.023685151973908,0.0,0.0,0.0,0.0,0.0,0.0,180.0,360.0,0.014184397163120567,0.014184397163120567,0.014184397163120567,0.9859154929577465,0.9859154929577465,0.014084507042253521,0.014084507042253521,116,116,2,2,0.986013986013986,0.986013986013986,1,1,7.764926290661061,0.0,48,0.0,0.0,48,0.0,0.0,47,evac_out_of_zone,extensive_displacement,extensive_displacement
192,a72b20062ec2c47ab2ceb97ac1bee818f8b6c6cb,142,18,False,False,2105.742387428457,14.829171742453921,525.9266964554573,0.0,1,143,,evac_out_of_zone,evac_out_of_zone,2,143,142,1.0,143.0,142.0,1.0,0.0,14.829171742453921,75.67053468562779,0.0,0.0,0.0,0.0,0.0,34.83399590069024,525.9266964554573,2105.742387428457,2105.742387428457,0.0,0.0,33.14251830298023,107.15205547094547,0.0,0.0,0.0,0.0,0.0,63.48352478311146,525.9266964554573,4739.380117326173,107.73082214799135,496.337906846529,449.038166881846,285.440424959187,532.0822413100158,128173.64517764845,1486.8271613508384,1066.6236528951754,7.6595744680851405,32.71668655796524,0.0,0.0,0.0,0.0,0.0,5.088887490341627e-13,180.0,1080.0000000000048,0.04964539007092199,0.0425531914893617,0.03546099290780142,0.8591549295774648,0.8591549295774648,0.14084507042253522,0.14084507042253522,55,55,18,18,0.8741258741258742,0.8741258741258742,1,1,1053.888994517542,0.0,48,0.0,0.0,48,525.9266964554573,525.9266964554573,47,evac_out_of_zone,extensive_displacement,extensive_displacement
193,a929eb33e338738d2a91e955ce7623764480253c,142,1,False,False,0.0,0.0,0.0,0.0,1,143,,sip_home_grocery,sip_home_grocery,0,143,142,1.0,143.0,142.0,1.0,0.0,0.0,0.0,0.0,0.0,0.0,0.0,0.0,0.0,0.0,0.0,0.0,0.0,0.0,0.0,0.0,0.0,0.0,0.0,0.0,0.0,0.0,0.0,0.0,0.0,0.0,0.0,0.0,0.0,0.0,0.0,0.0,0.0,0.0,0.0,0.0,0.0,0.0,0.0,0.0,0.0,0.0,0.0,0.0,0.0,1.0,1.0,0.0,0.0,142,142,1,1,0.993006993006993,0.993006993006993,1,1,0.0,0.0,48,0.0,0.0,48,0.0,0.0,47,sip_hospital,compact_local,intermediate_directed
194,a9334987ece78b6fe8bf130ef00b74847c1d3da6,142,19,False,False,1260.112099101058,8.874028866908859,630.0102954343243,0.0,1,143,,sip_home_grocery,evac_out_of_zone,0,143,142,1.0,143.0,142.0,1.0,0.0,8.874028866908859,53.58871335972454,0.0,0.0,0.0,0.0,0.0,34.83120941614822,630.0102954343243,1260.112099101058,1260.112099101058,0.0,0.0,41.985558081820415,128.01520188168814,0.0,0.0,0.0,0.0,0.0,134.03618272490846,630.0102954343243,6003.934805700319,128.80497103191695,593.0972284059429,572.6133277738353,275.17891067045383,635.3026491539315,157571.11177218752,0.0004862834157692127,1270.605298134749,2.55319148936182,19.921516284262264,0.0,0.0,0.0,0.0,0.0,5.343331864858708e-13,179.99999999999991,360.0000000000166,0.014184397163120567,0.014184397163120567,0.014184397163120567,0.8661971830985915,0.8661971830985915,0.13380281690140844,0.13380281690140844,99,99,19,19,0.8671328671328671,0.8671328671328671,1,1,1260.112099101058,0.0,48,0.0,0.0,48,0.0,0.0,47,sip_home_grocery,compact_local,compact_local
195,ac2646028f5b8b9bbf7a967f4ac71b8866135211,142,1,False,False,0.0,0.0,0.0,0.0,1,143,,sip_hospital,sip_home_grocery,1,143,142,1.0,143.0,142.0,1.0,0.0,0.0,0.0,0.0,0.0,0.0,0.0,0.0,0.0,0.0,0.0,0.0,0.0,0.0,0.0,0.0,0.0,0.0,0.0,0.0,0.0,0.0,0.0,0.0,0.0,0.0,0.0,0.0,0.0,0.0,0.0,0.0,0.0,0.0,0.0,0.0,0.0,0.0,0.0,0.0,0.0,0.0,0.0,0.0,0.0,1.0,1.0,0.0,0.0,142,142,1,1,0.993006993006993,0.993006993006993,1,1,0.0,0.0,48,0.0,0.0,48,0.0,0.0,47,sip_hospital,intermediate_directed,intermediate_directed
196,ac3478d69a3c81fa62e60f5c3696165a4e5e6ac4,142,17,False,False,2129.4582442500723,14.996184818662481,539.625955389803,0.0,1,143,,evac_out_of_zone,evac_out_of_zone,2,143,142,1.0,143.0,142.0,1.0,0.0,14.996184818662481,77.12017522707508,0.0,0.0,0.0,0.0,0.0,34.84010753278073,539.625955389803,2129.4582442500723,2129.4582442500723,0.0,0.0,33.23052987574369,107.70718062498914,0.0,0.0,0.0,0.0,0.0,63.49659248268053,539.625955389803,4751.965772231348,108.25451869523124,510.00317195796566,448.13189504168054,307.2999629159956,543.3741460189472,137710.91472778327,196.9501796891833,1086.7665442740965,5.1063829787234845,27.39955081200392,0.0,0.0,0.0,0.0,0.0,5.343331864858708e-13,180.0,720.0000000000113,0.028368794326241134,0.028368794326241134,0.028368794326241134,0.8732394366197183,0.8732394366197183,0.1267605633802817,0.1267605633802817,93,93,17,17,0.8811188811188811,0.8811188811188811,1,1,1050.2063334704662,0.0,48,539.625955389803,539.625955389803,48,0.0,0.0,47,evac_out_of_zone,extensive_displacement,extensive_displacement
197,acf1fffc01dc0193aa07d0b1de723c292a2c826d,142,6,False,False,75.79451841119202,0.5337642141633241,13.781309745843128,0.0,1,143,,sip_hospital,sip_home_grocery,1,143,142,1.0,143.0,142.0,1.0,0.0,0.5337642141633241,2.287421736604619,0.0,0.0,0.0,0.0,0.0,0.0,13.781309745843128,75.79451841119202,75.79451841119202,0.0,0.0,0.26501579864053154,1.633730983841566,0.0,0.0,0.0,0.0,0.0,0.0,13.781309745843128,37.89725920559601,1.6370690022323773,13.58500790888913,12.979576458599588,11.246428542991769,17.174153837009047,145.97387915993843,70.98954999642501,38.164398650247264,15.319148936170214,46.50048135860525,0.0,0.0,0.0,0.0,0.0,27.674557113407193,180.0,2160.0,0.0851063829787234,0.0851063829787234,0.0851063829787234,0.9154929577464789,0.9154929577464789,0.08450704225352113,0.08450704225352113,22,22,6,6,0.958041958041958,0.958041958041958,1,1,35.8379993226574,0.0,48,9.207867712562786,0.0,48,30.74865137597183,0.0,47,sip_hospital,intermediate_directed,intermediate_directed
198,acfdd18ea7f4a2ba74132ba977dc207204142994,142,3,False,False,131.79241172529774,0.9281155755302658,34.99842106377676,0.0,1,143,,sip_hospital,evac_out_of_zone,1,143,142,1.0,143.0,142.0,1.0,0.0,0.9281155755302658,5.462294940754635,0.0,0.0,0.0,0.0,0.0,0.0,34.99842106377676,131.79241172529774,131.79241172529774,0.0,0.0,0.46081262841013193,3.8767703184688234,0.0,0.0,0.0,0.0,0.0,0.0,34.99842106377676,65.89620586264887,3.857127226629313,34.362393469864614,10.724923733942418,33.12807114376052,34.820871425122895,355.2960364694502,4.873471992632305e-06,69.64174212458991,5.1063829787234045,25.930980655407872,0.0,0.0,0.0,0.0,0.0,0.0,180.0,720.0,0.0425531914893617,0.028368794326241134,0.014184397163120567,0.971830985915493,0.971830985915493,0.028169014084507043,0.028169014084507043,69,69,3,3,0.9790209790209791,0.9790209790209791,1,1,69.99684212755352,0.0,48,0.0,0.0,48,30.89778479887211,30.89778479887211,47,sip_home_grocery,intermediate_directed,compact_local
199,ae1e7198bc3074ff1b2e9ff520c30bc1898d038e,142,2,False,False,3.022956473581301,0.021288425870290853,1.5114782367906505,0.0,1,143,,evac_out_of_zone,sip_home_grocery,2,143,142,1.0,143.0,142.0,1.0,0.0,0.021288425870290853,0.17811174953506245,0.0,0.0,0.0,0.0,0.0,0.0,1.5114782367906505,3.022956473581301,3.022956473581301,0.0,0.0,0.010569777879654898,0.125953439922792,0.0,0.0,0.0,0.0,0.0,0.0,1.5114782367906505,1.5114782367906505,0.12537678152375284,1.4940367810151758,0.5830604485611399,1.3869880282825622,1.5045581667969727,0.8086978619193618,0.0,0.0,2.5531914893617023,18.588604967071316,0.0,0.0,0.0,0.0,0.0,0.0,180.0,360.0,0.02127659574468085,0.014184397163120567,0.0070921985815602835,0.9859154929577465,0.9859154929577465,0.014084507042253521,0.014084507042253521,96,96,2,2,0.986013986013986,0.986013986013986,1,1,0.0,0.0,48,0.0,0.0,48,3.022956473581301,0.0,47,evac_out_of_zone,extensive_displacement,extensive_displacement
200,aee544ceddfe7ab69a02f82bdf8ce6ea3862ff02,142,1,False,False,0.0,0.0,0.0,0.0,1,143,,sip_hospital,sip_home_grocery,1,143,142,1.0,143.0,142.0,1.0,0.0,0.0,0.0,0.0,0.0,0.0,0.0,0.0,0.0,0.0,0.0,0.0,0.0,0.0,0.0,0.0,0.0,0.0,0.0,0.0,0.0,0.0,0.0,0.0,2.0194839173657902e-28,2.0194839173657902e-28,0.0,0.0,0.0,0.0,0.0,0.0,0.0,0.0,0.0,0.0,0.0,0.0,0.0,0.0,0.0,0.0,0.0,0.0,0.0,1.0,1.0,0.0,0.0,142,142,1,1,0.993006993006993,0.993006993006993,1,1,0.0,0.0,48,0.0,0.0,48,0.0,0.0,47,sip_home_grocery,intermediate_directed,compact_local
201,af06318c33c8e41c70083ee23dbe19426f1f9c5b,142,4,False,False,133.31023497034727,0.9388044716221638,34.999570155959496,0.0,1,143,,sip_hospital,evac_out_of_zone,1,143,142,1.0,143.0,142.0,1.0,0.0,0.9388044716221638,5.457120577617036,0.0,0.0,0.0,0.0,0.0,0.0,34.999570155959496,133.31023497034727,133.31023497034727,0.0,0.0,0.46611970269352193,3.873794487610589,0.0,0.0,0.0,0.0,0.0,0.0,34.999570155959496,66.65511748517363,3.85395497154165,34.35587786416191,6.282110061171546,34.9201160896327,35.480690727973396,219.37201262396,7.9533493930539985,71.09968048092972,7.659574468085107,31.70392420375084,0.0,0.0,0.0,0.0,0.0,0.0,180.0,1080.0,0.06382978723404255,0.0425531914893617,0.02127659574468085,0.9577464788732394,0.9577464788732394,0.04225352112676056,0.028169014084507043,69,69,4,4,0.972027972027972,0.972027972027972,1,1,71.62266846832907,0.0,48,0.0,0.0,48,30.843783251009093,30.843783251009093,47,sip_home_grocery,intermediate_directed,compact_local
202,af3e133428b9e25c55bc59fe534248e6a0c0f17b,142,18,False,False,1132.8457841671475,7.9777872124447,560.0275728314609,0.0,1,143,,evac_out_of_zone,evac_out_of_zone,2,143,142,1.0,143.0,142.0,1.0,0.0,7.9777872124447,47.787770295955966,0.0,0.0,0.0,0.0,0.0,34.77835523606612,560.0275728314609,1132.8457841671475,1132.8457841671475,0.0,0.0,33.43077307467854,108.41811156427455,0.0,0.0,0.0,0.0,0.0,63.517707068945896,560.0275728314609,4780.600549679031,108.91912658359527,530.2123282306397,441.39320667413523,353.1511748856611,565.2819785038248,155878.52952352026,1670.7817997305349,1131.6125158557006,5.1063829787234845,26.55564871728211,0.0,0.0,0.0,0.0,0.0,5.088887490341627e-13,180.0,720.0000000000113,0.03546099290780142,0.028368794326241134,0.02127659574468085,0.8661971830985915,0.8661971830985915,0.13380281690140844,0.13380281690140844,101,101,18,18,0.8741258741258742,0.8741258741258742,1,1,1132.8457841671475,0.0,48,0.0,0.0,48,0.0,0.0,47,evac_out_of_zone,extensive_displacement,extensive_displacement
203,b16a457a3302d7c1f4563df2ffc96dccf3779af7,142,1,False,False,0.0,0.0,0.0,0.0,1,143,,evac_out_of_zone,sip_home_grocery,2,143,142,1.0,143.0,142.0,1.0,0.0,0.0,0.0,0.0,0.0,0.0,0.0,0.0,0.0,0.0,0.0,0.0,0.0,0.0,0.0,0.0,0.0,0.0,0.0,0.0,0.0,0.0,0.0,0.0,1.0097419586828951e-28,1.0097419586828951e-28,0.0,0.0,0.0,0.0,0.0,0.0,0.0,0.0,0.0,0.0,0.0,0.0,0.0,0.0,0.0,0.0,0.0,0.0,0.0,1.0,1.0,0.0,0.0,142,142,1,1,0.993006993006993,0.993006993006993,1,1,0.0,0.0,48,0.0,0.0,48,0.0,0.0,47,sip_home_grocery,extensive_displacement,compact_local
204,b1d5781111d84f7b3fe45a0852e59758cd7a87e5,142,22,False,False,4939.651815822648,34.78628039311724,619.9370389214232,0.0,1,143,,sip_hospital,evac_out_of_zone,1,143,142,1.0,143.0,142.0,1.0,0.0,34.78628039311724,133.09069442803587,0.0,0.0,0.0,0.0,0.0,35.05709165405125,619.9370389214232,4939.651815822648,4939.651815822648,0.0,0.0,54.85008385873482,151.75251600851715,0.0,0.0,0.0,0.0,0.0,239.49607016286902,619.9370389214232,7843.561991799079,152.74097673700317,569.745880219554,553.1283796646106,291.69620233200186,625.330055926716,161345.4477502206,565.3544075024754,1250.6689672227233,10.212765957446894,38.64821902983331,0.0,0.0,0.0,0.0,0.0,1.6029995594576124e-12,180.0,1440.000000000012,0.05673758865248227,0.05673758865248227,0.05673758865248227,0.823943661971831,0.823943661971831,0.176056338028169,0.176056338028169,46,46,22,22,0.8461538461538461,0.8461538461538461,1,1,1239.9640165343978,0.0,48,1844.5736292989689,618.1367329021689,48,1236.9774370871132,0.0,47,sip_home_grocery,intermediate_directed,compact_local
205,b37f6ddcefad7e8657837d3177f9ef2462f98acf,142,21,False,False,3540.929903261294,24.936126079304888,593.2799561206413,0.0,1,143,,evac_out_of_zone,evac_out_of_zone,2,143,142,1.0,143.0,142.0,1.0,0.0,24.936126079304888,108.20250899034112,0.0,0.0,0.0,0.0,0.0,34.96047596283406,593.2799561206413,3540.929903261294,3540.929903261294,0.0,0.0,49.823852095177095,141.5676365704432,0.0,0.0,0.0,0.0,0.0,204.35687688714142,593.2799561206413,7124.810849610324,142.34832947697055,547.4261932688835,476.8150921859128,360.03955910399327,597.4789672081005,171672.29556474596,2535.533254393634,1197.112862831901,7.659574468085216,32.12440987629125,0.0,0.0,0.0,0.0,0.0,1.3739996223922392e-12,180.0,1080.0000000000155,0.0425531914893617,0.0425531914893617,0.0425531914893617,0.8380281690140845,0.8380281690140845,0.1619718309859155,0.1619718309859155,46,46,21,21,0.8531468531468531,0.8531468531468531,1,1,1186.3907314790563,0.0,48,1186.5599122412825,0.0,48,1167.9792595409551,0.0,47,evac_out_of_zone,extensive_displacement,extensive_displacement
206,b3c0730cf3f50613e40561e67c871fdb92820cf9,142,2,False,False,0.17994670134544022,0.001267230291165072,0.08997335067272011,0.0,1,143,,sip_home_grocery,sip_home_grocery,0,143,142,1.0,143.0,142.0,1.0,0.0,0.001267230291165072,0.010602409290309535,0.0,0.0,0.0,0.0,0.0,0.0,0.08997335067272011,0.17994670134544022,0.17994670134544022,0.0,0.0,0.0006291842704386021,0.007497595891735199,0.0,0.0,0.0,0.0,0.0,0.0,0.08997335067272011,0.08997335067272011,0.00745688692591876,0.0888590630880341,0.013704645244546397,0.08842916771353515,0.08948483113794983,0.0012118903727844953,0.0,0.0,2.5531914893617023,18.41909032612871,0.0,0.0,0.0,0.0,0.0,0.0,180.0,360.0,0.02127659574468085,0.014184397163120567,0.0070921985815602835,0.9859154929577465,1.0,0.0,0.0,96,142,1,2,0.993006993006993,0.986013986013986,1,1,0.0,0.0,48,0.0,0.0,48,0.17994670134544022,0.0,47,sip_home_grocery,compact_local,compact_local
207,b3f0c7f6bb763af1be91d9e74eabfeb199dc1f1f,142,19,False,False,1246.6447439357607,8.77918833757578,623.2775556692144,0.0,1,143,,evac_out_of_zone,evac_out_of_zone,2,143,142,1.0,143.0,142.0,1.0,0.0,8.77918833757578,53.01911851893229,0.0,0.0,0.0,0.0,0.0,34.81363825896439,623.2775556692144,1246.6447439357607,1246.6447439357607,0.0,0.0,41.94327868615255,127.80699607801375,0.0,0.0,0.0,0.0,0.0,134.0931267720139,623.2775556692144,5997.888852119815,128.5222469443351,586.0662152532409,512.7610759868433,362.92531935599965,628.2027606408934,186093.9772558511,0.0005094976684993391,1256.4055208919285,2.5531914893618564,19.509434816804436,0.0,0.0,0.0,0.0,0.0,8.142219984546603e-13,179.9999999999998,360.00000000002177,0.014184397163120567,0.014184397163120567,0.014184397163120567,0.8661971830985915,0.8661971830985915,0.13380281690140844,0.13380281690140844,99,99,19,19,0.8671328671328671,0.8671328671328671,1,1,1246.6447439357607,0.0,48,0.0,0.0,48,0.0,0.0,47,evac_out_of_zone,extensive_displacement,extensive_displacement
208,b4182bff4b3cf75f9e54f4990f9bd153c0c2973c,142,1,False,False,0.0,0.0,0.0,0.0,1,143,,sip_hospital,sip_home_grocery,1,143,142,1.0,143.0,142.0,1.0,0.0,0.0,0.0,0.0,0.0,0.0,0.0,0.0,0.0,0.0,0.0,0.0,0.0,0.0,0.0,0.0,0.0,0.0,0.0,0.0,0.0,0.0,0.0,0.0,0.0,0.0,0.0,0.0,0.0,0.0,0.0,0.0,0.0,0.0,0.0,0.0,0.0,0.0,0.0,0.0,0.0,0.0,0.0,0.0,0.0,1.0,1.0,0.0,0.0,142,142,1,1,0.993006993006993,0.993006993006993,1,1,0.0,0.0,48,0.0,0.0,48,0.0,0.0,47,sip_home_grocery,intermediate_directed,compact_local
209,b4c96d80854dd27e76d8cc9e21960eebda52e962,142,26,False,False,6136.1436004142715,43.212278876156844,768.7737342336983,0.0,1,143,,evac_out_of_zone,evac_out_of_zone,2,143,142,1.0,143.0,142.0,1.0,0.0,43.212278876156844,164.79191610156278,0.0,0.0,0.0,0.0,0.0,35.14728671913707,768.7737342336983,6136.1436004142715,6136.1436004142715,0.0,0.0,83.53600442666013,205.02903737533737,0.0,0.0,0.0,0.0,0.0,415.4868626830552,768.7737342336983,11945.648633012399,206.42981080610016,691.4734822671901,620.801794941339,464.72814738000005,775.4786390156955,288504.0680532672,2757.670203905196,1553.0799143589838,10.220317341997355,37.029862035396455,0.0,0.0,0.0,0.0,0.0,1.831999496522986e-12,180.0,1441.064745221627,0.05673758865248227,0.05673758865248227,0.05673758865248227,0.7887323943661971,0.7887323943661971,0.2112676056338028,0.2112676056338028,24,24,26,26,0.8181818181818181,0.8181818181818181,1,1,1537.7128727142413,0.0,48,1539.7775695635628,0.0,48,2293.185413641268,765.4677444951999,47,evac_out_of_zone,extensive_displacement,extensive_displacement
210,b4ef7df17d3dc74720cd2a8fe98a173f9576d007,142,3,False,False,119.69243292577104,0.8429044572237397,34.99893713633674,0.0,1,143,,evac_out_of_zone,evac_out_of_zone,2,143,142,1.0,143.0,142.0,1.0,0.0,0.8429044572237397,5.023701917684801,0.0,0.0,0.0,0.0,0.0,0.0,34.99893713633674,119.69243292577104,119.69243292577104,0.0,0.0,0.41850501022996867,3.5648506958523005,0.0,0.0,0.0,0.0,0.0,0.0,34.99893713633674,59.84621646288552,3.547308708354134,34.40975550284204,12.061357469014691,32.67090516450164,34.82620261043711,394.0554660253325,2.983359582396765e-07,69.65240458736434,5.1063829787234045,25.979501110170446,0.0,0.0,0.0,0.0,0.0,0.0,180.0,720.0,0.0425531914893617,0.028368794326241134,0.014184397163120567,0.971830985915493,0.971830985915493,0.028169014084507043,0.028169014084507043,69,69,3,3,0.9790209790209791,0.9790209790209791,1,1,69.99787427267349,0.0,48,0.0,0.0,48,24.847279326548776,24.847279326548776,47,evac_out_of_zone,extensive_displacement,extensive_displacement
211,b6589fc6ab0dc82cf12099d1c2d40ab994e8410c,142,23,False,False,2825.780631907125,19.899863604979753,711.873968850445,0.0,1,143,,evac_out_of_zone,evac_out_of_zone,2,143,142,1.0,143.0,142.0,1.0,0.0,19.899863604979753,101.81781539669187,0.0,0.0,0.0,0.0,0.0,34.95421999719076,711.873968850445,2825.780631907125,2825.780631907125,0.0,0.0,56.58995111030913,158.35819786226003,0.0,0.0,0.0,0.0,0.0,239.91602238966556,711.873968850445,8092.363008774206,159.3915797267253,661.3881187553346,593.2803167938624,406.08773864619053,718.949779729991,240923.86223011513,949.5809196984858,1438.2024932835773,7.65957446808519,34.03073973756323,0.0,0.0,0.0,0.0,0.0,1.2722218725854068e-12,180.0,1080.0000000000118,0.0425531914893617,0.0425531914893617,0.0425531914893617,0.823943661971831,0.823943661971831,0.176056338028169,0.1619718309859155,69,69,23,23,0.8391608391608392,0.8391608391608392,1,1,1402.0326942062352,0.0,48,1423.74793770089,0.0,48,0.0,0.0,47,evac_out_of_zone,extensive_displacement,extensive_displacement
212,b6692ea5df920cad691c20319a6fffd7a4a766b8,142,9,False,False,559.8773571562833,3.942798289832981,279.93521041803325,0.0,1,143,,sip_hospital,evac_out_of_zone,1,143,142,1.0,143.0,142.0,1.0,0.0,3.942798289832981,24.602795253108248,0.0,0.0,0.0,0.0,0.0,0.0,279.93521041803325,559.8773571562833,559.8773571562833,0.0,0.0,8.798087048513807,40.81971754872826,0.0,0.0,0.0,0.0,0.0,0.0,279.93521041803325,1258.1264479374745,40.63985985713436,269.69738412478245,225.45807885700725,163.42793620842707,278.4601150169234,36846.1485291175,7.149972067454963e-05,556.9202300207467,2.5531914893617613,19.4838380766578,0.0,0.0,0.0,0.0,0.0,0.0,179.99999999999937,360.00000000000836,0.014184397163120567,0.014184397163120567,0.014184397163120567,0.9366197183098591,0.9366197183098591,0.06338028169014084,0.06338028169014084,109,109,9,9,0.9370629370629371,0.9370629370629371,1,1,559.8773571562833,0.0,48,0.0,0.0,48,0.0,0.0,47,sip_home_grocery,intermediate_directed,compact_local
213,b70706fdb0027063c33c00f7ce3e040221dd70bb,142,1,False,False,0.0,0.0,0.0,0.0,1,143,,evac_out_of_zone,sip_hospital,2,143,142,1.0,143.0,142.0,1.0,0.0,0.0,0.0,0.0,0.0,0.0,0.0,0.0,0.0,0.0,0.0,0.0,0.0,0.0,0.0,0.0,0.0,0.0,0.0,0.0,0.0,0.0,0.0,0.0,0.0,0.0,0.0,0.0,0.0,0.0,0.0,0.0,0.0,0.0,0.0,0.0,0.0,0.0,0.0,0.0,0.0,0.0,0.0,0.0,0.0,1.0,1.0,0.0,0.0,142,142,1,1,0.993006993006993,0.993006993006993,1,1,0.0,0.0,48,0.0,0.0,48,0.0,0.0,47,sip_home_grocery,extensive_displacement,compact_local
214,b7103ca278a75cad8f7d065acda0c2e80da0b7dc,142,24,False,False,3053.526914456158,21.50371066518421,764.4008433465066,0.0,1,143,,evac_out_of_zone,evac_out_of_zone,2,143,142,1.0,143.0,142.0,1.0,0.0,21.50371066518421,109.75380616833765,0.0,0.0,0.0,0.0,0.0,34.9832353642237,764.4008433465066,3053.526914456158,3053.526914456158,0.0,0.0,67.4614510258832,179.30958325456012,0.0,0.0,0.0,0.0,0.0,310.32758057951384,764.4008433465066,9646.987496701298,180.47091021051142,703.4561992246109,612.9896908522929,468.80147239199925,771.7066681117225,287370.4696326714,991.3403439931167,1543.7354424900773,5.10638297872348,27.232210528173773,0.0,0.0,0.0,0.0,0.0,5.088887490341627e-13,180.0,720.0000000000107,0.028368794326241134,0.028368794326241134,0.028368794326241134,0.823943661971831,0.823943661971831,0.176056338028169,0.176056338028169,48,48,24,24,0.8321678321678322,0.8321678321678322,1,1,1524.7252277631446,0.0,48,0.0,0.0,48,764.4008433465066,764.4008433465066,47,evac_out_of_zone,extensive_displacement,extensive_displacement
215,b74f5ee9461495ba5ca4c72a7108a23904c27a05,142,20,False,False,4328.90654651365,30.485257369814438,548.1171362068234,0.0,1,143,,sip_hospital,evac_out_of_zone,1,143,142,1.0,143.0,142.0,1.0,0.0,30.485257369814438,116.51892759729408,0.0,0.0,0.0,0.0,0.0,35.008120835310265,548.1171362068234,4328.90654651365,4328.90654651365,0.0,0.0,48.42097988725622,136.46705336629844,0.0,0.0,0.0,0.0,0.0,203.82311474095832,548.1171362068234,6924.20012387764,136.64177162396362,500.9558117717998,327.5364453327174,441.09605095199373,549.4049955967238,144475.0325791152,2504.9898655698744,1102.8071963216985,10.240088687837144,34.26682937934178,0.0,0.0,0.0,0.0,0.0,2.2391104957503156e-12,180.0,1443.8525049850373,0.09929078014184398,0.05673758865248227,0.014184397163120567,0.8309859154929577,0.8309859154929577,0.16901408450704225,0.16901408450704225,31,31,20,20,0.8601398601398601,0.8601398601398601,1,1,1050.236789881587,0.0,48,1099.7702128641672,0.0,48,1630.7824075610724,548.1171362068234,47,sip_home_grocery,intermediate_directed,compact_local
216,b7eb6c689c037217079766fdb77c3bac3e51cb4c,142,16,False,False,1019.4466224827119,7.179201566779661,509.6978545630486,0.0,1,143,,evac_out_of_zone,evac_out_of_zone,2,143,142,1.0,143.0,142.0,1.0,0.0,7.179201566779661,43.60676769871385,0.0,0.0,0.0,0.0,0.0,33.22120391239897,509.6978545630486,1019.4466224827119,1019.4466224827119,0.0,0.0,29.339911773904824,98.43810841897758,0.0,0.0,0.0,0.0,0.0,28.22656364429027,509.6978545630486,4195.60738366839,98.90838357046022,483.59711641657543,419.6444900562097,295.1649087119974,513.0534293516592,123864.32759893383,0.0003481320379005254,1026.1068577921278,2.5531914893618235,19.51616542206282,0.0,0.0,0.0,0.0,0.0,8.142219984546603e-13,179.9999999999998,360.0000000000171,0.014184397163120567,0.014184397163120567,0.014184397163120567,0.8873239436619719,0.8873239436619719,0.11267605633802817,0.11267605633802817,102,102,16,16,0.8881118881118881,0.8881118881118881,1,1,1019.4466224827119,0.0,48,0.0,0.0,48,0.0,0.0,47,evac_out_of_zone,extensive_displacement,extensive_displacement
217,b888b29826bb53dc531437e723738383d8339b56,142,16,False,False,1946.4832935854308,13.707628828066415,488.559888731617,0.0,1,143,,sip_hospital,evac_out_of_zone,1,143,142,1.0,143.0,142.0,1.0,0.0,13.707628828066415,70.15349740211155,0.0,0.0,0.0,0.0,0.0,34.812121422663125,488.559888731617,1946.4832935854308,1946.4832935854308,0.0,0.0,29.14463104463411,97.52336143726824,0.0,0.0,0.0,0.0,0.0,28.21408371571507,488.559888731617,4167.682239382678,97.97757448579463,462.3250989611421,403.8938829423921,280.22094318600153,491.58320321013315,113179.52482517362,507.343247156049,983.6751574762194,5.1063829787234445,27.3769215951724,0.0,0.0,0.0,0.0,0.0,5.088887490341627e-14,180.0,720.0000000000057,0.028368794326241134,0.028368794326241134,0.028368794326241134,0.8802816901408451,0.8802816901408451,0.11971830985915492,0.11971830985915492,93,93,16,16,0.8881118881118881,0.8881118881118881,1,1,977.1636111062251,0.0,48,484.6598412396029,484.6598412396029,48,0.0,0.0,47,sip_home_grocery,intermediate_directed,compact_local
218,ba30fd97b4127db56e9f4d3d9c030d71646fd2e7,142,2,False,False,17.995337900466442,0.12672773169342566,8.997668950233221,0.0,1,143,,sip_hospital,sip_hospital,1,143,142,1.0,143.0,142.0,1.0,0.0,0.12672773169342566,1.060280273612247,0.0,0.0,0.0,0.0,0.0,0.0,8.997668950233221,17.995337900466442,17.995337900466442,0.0,0.0,0.0629207618897428,0.7497874120732962,0.0,0.0,0.0,0.0,0.0,0.0,8.997668950233221,8.997668950233221,0.7456091940609082,8.884958974473562,0.38494895265938806,8.939244455997535,8.947529108096616,3.441152790902492,0.0,0.0,2.5531914893617023,18.391528141426203,0.0,0.0,0.0,0.0,0.0,0.0,180.0,360.0,0.02127659574468085,0.014184397163120567,0.0070921985815602835,0.9859154929577465,0.9859154929577465,0.014084507042253521,0.014084507042253521,93,93,2,2,0.986013986013986,0.986013986013986,1,1,0.0,0.0,48,8.997668950233221,8.997668950233221,48,0.0,0.0,47,sip_home_grocery,intermediate_directed,compact_local
219,ba613d1fc0d9300175611e31cca7cf9f525056cb,142,5,False,False,191.33302498683986,1.3474156689214074,56.58374645812344,0.0,1,143,,sip_hospital,evac_out_of_zone,1,143,142,1.0,143.0,142.0,1.0,0.0,1.3474156689214074,7.220783860511792,0.0,0.0,0.0,0.0,0.0,0.0,56.58374645812344,191.33302498683986,191.33302498683986,0.0,0.0,0.9422997974731824,6.392637853258425,0.0,0.0,0.0,0.0,0.0,0.0,56.58374645812344,134.74887103866507,6.358098754198468,55.34010560366824,10.841914409123463,55.22308822800501,56.27731853502603,598.7239959755038,2.3080591995325824e-05,112.554636850251,5.106382978723476,25.822212183333416,0.0,0.0,0.0,0.0,0.0,0.0,179.9999999999996,720.00000000001,0.0425531914893617,0.028368794326241134,0.014184397163120567,0.9577464788732394,0.9577464788732394,0.04225352112676056,0.04225352112676056,68,68,5,5,0.965034965034965,0.965034965034965,1,1,113.16749750904982,0.0,48,0.0,0.0,48,39.082764042029424,39.08276343576061,47,sip_home_grocery,intermediate_directed,compact_local
220,baab34018148392463ef4c49b5a924409cf5f7b0,142,2,False,False,7.14970848531558,0.05035005975574352,3.57485424265779,0.0,1,143,,sip_hospital,sip_hospital,1,143,142,1.0,143.0,142.0,1.0,0.0,0.05035005975574352,0.42125882331232667,0.0,0.0,0.0,0.0,0.0,0.0,3.57485424265779,7.14970848531558,7.14970848531558,0.0,0.0,0.024998980717886643,0.29789723604713775,0.0,0.0,0.0,0.0,0.0,0.0,3.57485424265779,3.57485424265779,0.2971572070132104,3.541036798247748,2.450110791528459,2.590969967998,3.5659736771086474,6.348163479118045,0.0,0.0,2.5531914893617023,19.101794200616542,0.0,0.0,0.0,0.0,0.0,0.0,180.0,360.0,0.02127659574468085,0.014184397163120567,0.0070921985815602835,0.9859154929577465,0.9859154929577465,0.014084507042253521,0.014084507042253521,93,93,2,2,0.986013986013986,0.986013986013986,1,1,0.0,0.0,48,3.57485424265779,3.57485424265779,48,0.0,0.0,47,sip_home_grocery,intermediate_directed,compact_local
221,bc15c774dca4499ea6fb42da7d216ca54f8c697e,142,2,False,False,5.422593477544101,0.03818727801087395,2.7112967387720506,0.0,1,143,,evac_out_of_zone,sip_hospital,2,143,142,1.0,143.0,142.0,1.0,0.0,0.03818727801087395,0.3194976903384192,0.0,0.0,0.0,0.0,0.0,0.0,2.7112967387720506,5.422593477544101,5.422593477544101,0.0,0.0,0.018960117054350006,0.22593587032049792,0.0,0.0,0.0,0.0,0.0,0.0,2.7112967387720506,2.7112967387720506,0.22467491623719976,2.6773106196404193,0.07056825743285082,2.695241249997548,2.696164919778732,0.19019847837346562,0.0,0.0,2.5531914893617023,18.390050868163232,0.0,0.0,0.0,0.0,0.0,0.0,180.0,360.0,0.02127659574468085,0.014184397163120567,0.0070921985815602835,0.9859154929577465,0.9859154929577465,0.014084507042253521,0.014084507042253521,93,93,2,2,0.986013986013986,0.986013986013986,1,1,0.0,0.0,48,2.7112967387720506,2.7112967387720506,48,0.0,0.0,47,evac_out_of_zone,extensive_displacement,extensive_displacement
222,bc33ea4e26e5e1af1408321416956113a4658763,142,8,False,False,490.0857070629411,3.451307796217895,245.04097278008817,0.0,1,143,,evac_out_of_zone,evac_out_of_zone,2,143,142,1.0,143.0,142.0,1.0,0.0,3.451307796217895,21.710611625420757,0.0,0.0,0.0,0.0,0.0,0.0,245.04097278008817,490.0857070629411,490.0857070629411,0.0,0.0,6.859560728393516,33.96972822947997,0.0,0.0,0.0,0.0,0.0,0.0,245.04097278008817,980.9171841602728,33.91948695185039,237.96042219771087,138.40193222754934,201.93058699897452,244.80820413145793,27947.583416501326,9.642753380508269e-05,489.6164091380151,2.5531914893617285,18.840731770402588,0.0,0.0,0.0,0.0,0.0,0.0,179.99999999999963,360.0000000000037,0.02127659574468085,0.014184397163120567,0.0070921985815602835,0.9436619718309859,0.9436619718309859,0.056338028169014086,0.056338028169014086,110,110,8,8,0.9440559440559441,0.9440559440559441,1,1,490.0857070629411,0.0,48,0.0,0.0,48,0.0,0.0,47,evac_out_of_zone,extensive_displacement,extensive_displacement
223,bcf814ab41506290ab1b8158ebda6ee61b4bb579,142,3,False,False,21.263727613091014,0.1497445606555705,6.334148941086009,0.0,1,143,,sip_hospital,sip_home_grocery,1,143,142,1.0,143.0,142.0,1.0,0.0,0.1497445606555705,0.8959983973985253,0.0,0.0,0.0,0.0,0.0,0.0,6.334148941086009,21.263727613091014,21.263727613091014,0.0,0.0,0.07434869794787068,0.63577127127903,0.0,0.0,0.0,0.0,0.0,0.0,6.334148941086009,10.631863806545507,0.6359800731703116,6.263480769726259,3.865337960386892,7.983914568382765,8.870384962516702,30.86052805365583,13.259189161978998,18.91064151275456,5.1063829787234045,26.915773098413045,0.0,0.0,0.0,0.0,0.0,0.0,180.0,720.0,0.03546099290780142,0.028368794326241134,0.02127659574468085,0.971830985915493,0.971830985915493,0.028169014084507043,0.028169014084507043,94,94,3,3,0.9790209790209791,0.9790209790209791,1,1,12.668297882172018,0.0,48,0.0,0.0,48,8.595429730918996,0.0,47,sip_home_grocery,intermediate_directed,compact_local
224,bd307a3ec329e10a2cff8fb87480823da114f8f4,142,20,False,False,1252.1429590964126,8.817908162650793,620.6118312939357,0.0,1,143,,evac_out_of_zone,evac_out_of_zone,2,143,142,1.0,143.0,142.0,1.0,0.0,8.817908162650793,52.78638516763426,0.0,0.0,0.0,0.0,0.0,34.81382449354812,620.6118312939357,1252.1429590964126,1252.1429590964126,0.0,0.0,41.95960584978011,127.70315009258194,0.0,0.0,0.0,0.0,0.0,134.07885886639997,620.6118312939357,6000.223636518556,128.50240204513685,583.6906599515221,543.8684747300919,314.5928425267361,628.3005446235809,171097.12942601994,1673.203645569759,1257.7222491865896,5.106382978723423,26.873474414029594,0.0,0.0,0.0,0.0,0.0,5.088887490341627e-14,180.0,720.0000000000027,0.03546099290780142,0.028368794326241134,0.02127659574468085,0.852112676056338,0.852112676056338,0.14788732394366197,0.14788732394366197,99,99,20,20,0.8601398601398601,0.8601398601398601,1,1,1252.1429590964126,0.0,48,0.0,0.0,48,0.0,0.0,47,evac_out_of_zone,extensive_displacement,extensive_displacement
225,be057d4ca44c10a0fc1dfcffd99cce1490291dc7,142,3,False,False,22.47457436344107,0.1582716504467681,8.140986279706473,0.0,1,143,,sip_home_grocery,sip_home_grocery,0,143,142,1.0,143.0,142.0,1.0,0.0,0.1582716504467681,1.0214887843371439,0.0,0.0,0.0,0.0,0.0,0.0,8.140986279706473,22.47457436344107,22.47457436344107,0.0,0.0,0.07858242784419955,0.7241087291007202,0.0,0.0,0.0,0.0,0.0,0.0,8.140986279706473,11.237287181720536,0.7225794095294388,8.049090055772975,5.7746937099161455,5.714113116536781,8.123926153770897,32.99725307181429,6.839852947088998,16.998956922554864,5.1063829787234045,26.353256830003936,0.0,0.0,0.0,0.0,0.0,0.0,180.0,720.0,0.03546099290780142,0.028368794326241134,0.02127659574468085,0.971830985915493,0.971830985915493,0.028169014084507043,0.028169014084507043,72,72,3,3,0.9790209790209791,0.9790209790209791,1,1,0.0,0.0,48,16.281972559412946,0.0,48,6.192601804028127,0.0,47,sip_home_grocery,compact_local,compact_local
226,be461a0cd1fda052a69c3fd94f8cf5f6f86afa34,142,19,False,False,1231.8119813036037,8.674732262701434,615.8621184167065,0.0,1,143,,sip_hospital,evac_out_of_zone,1,143,142,1.0,143.0,142.0,1.0,0.0,8.674732262701434,52.39833962714634,0.0,0.0,0.0,0.0,0.0,34.81586559591074,615.8621184167065,1231.8119813036037,1231.8119813036037,0.0,0.0,41.88217917256434,127.54900049081607,0.0,0.0,0.0,0.0,0.0,134.04167254715335,615.8621184167065,5989.151621676701,128.33961075369692,578.8898601329308,551.6182431247839,285.21634478399943,620.9919882575124,157330.5390202224,0.0004774096993021555,1241.9839764917517,2.553191489361754,19.84569046057422,0.0,0.0,0.0,0.0,0.0,4.325554366790383e-13,179.99999999999898,360.00000000000733,0.014184397163120567,0.014184397163120567,0.014184397163120567,0.8661971830985915,0.8661971830985915,0.13380281690140844,0.13380281690140844,99,99,19,19,0.8671328671328671,0.8671328671328671,1,1,1231.8119813036037,0.0,48,0.0,0.0,48,0.0,0.0,47,evac_out_of_zone,intermediate_directed,extensive_displacement
227,c097638f92de80ba8d6c696b26e6e601a5f61eb7,142,26,False,False,3204.2225059708835,22.564947225147066,799.3851454124372,0.0,1,143,,evac_out_of_zone,evac_out_of_zone,2,143,142,1.0,143.0,142.0,1.0,0.0,22.564947225147066,114.69214918468919,0.0,0.0,0.0,0.0,0.0,35.0039379351656,799.3851454124372,3204.2225059708835,3204.2225059708835,0.0,0.0,84.54291758764494,208.39792344372378,0.0,0.0,0.0,0.0,0.0,415.63109678906994,802.2783145916168,12089.637215033226,209.80412849638773,724.4240417767286,637.9084555893425,498.3973775099972,809.5227875861326,317931.9013571808,1019.3042977803198,1619.784919078335,5.410234962904537,27.254862958777448,0.0,0.0,0.0,0.0,0.0,1.4248884972956555e-12,180.0,762.8431297695398,0.028368794326241134,0.028368794326241134,0.028368794326241134,0.8028169014084507,0.8028169014084507,0.19718309859154928,0.19718309859154928,69,69,26,26,0.8181818181818181,0.8181818181818181,1,1,796.6911392731553,796.5119931397732,48,802.6365345063134,802.2783145916168,48,1598.7702908248743,0.0,47,evac_out_of_zone,extensive_displacement,extensive_displacement
228,c0ba17c23a26ff8c314478bc69f30963a6e4a754,142,3,False,False,57.15373154096425,0.4024910671898891,21.77829455918194,0.0,1,143,,sip_hospital,sip_hospital,1,143,142,1.0,143.0,142.0,1.0,0.0,0.4024910671898891,2.677535000548999,0.0,0.0,0.0,0.0,0.0,0.0,21.77829455918194,57.15373154096425,57.15373154096425,0.0,0.0,0.19983822217120367,1.8973738464210537,0.0,0.0,0.0,0.0,0.0,0.0,21.77829455918194,28.576865770482126,1.895170104124323,21.55417186011986,17.07945837903747,13.47285330395233,21.753750818447205,230.10903725173128,1.8470191407540009,43.5105894648389,5.1063829787234045,27.150208581926595,0.0,0.0,0.0,0.0,0.0,0.0,180.0,720.0,0.028368794326241134,0.028368794326241134,0.028368794326241134,0.971830985915493,0.971830985915493,0.028169014084507043,0.028169014084507043,47,47,3,3,0.9790209790209791,0.9790209790209791,1,1,0.0,0.0,48,21.77829455918194,21.77829455918194,48,6.798571211300185,6.798571211300185,47,evac_out_of_zone,intermediate_directed,extensive_displacement
229,c1a38b8a671f58b20d4079b68d6533216db2a364,142,1,False,False,0.0,0.0,0.0,0.0,1,143,,evac_out_of_zone,sip_hospital,2,143,142,1.0,143.0,142.0,1.0,0.0,0.0,0.0,0.0,0.0,0.0,0.0,0.0,0.0,0.0,0.0,0.0,0.0,0.0,0.0,0.0,0.0,0.0,0.0,0.0,0.0,0.0,0.0,0.0,5.048709793414476e-29,5.048709793414476e-29,0.0,0.0,0.0,0.0,0.0,0.0,0.0,0.0,0.0,0.0,0.0,0.0,0.0,0.0,0.0,0.0,0.0,0.0,0.0,1.0,1.0,0.0,0.0,142,142,1,1,0.993006993006993,0.993006993006993,1,1,0.0,0.0,48,0.0,0.0,48,0.0,0.0,47,evac_out_of_zone,extensive_displacement,extensive_displacement
230,c1aa04bf421e5b38c3d18933e9994d3f289def65,142,1,False,False,0.0,0.0,0.0,0.0,1,143,,sip_hospital,sip_home_grocery,1,143,142,1.0,143.0,142.0,1.0,0.0,0.0,0.0,0.0,0.0,0.0,0.0,0.0,0.0,0.0,0.0,0.0,0.0,0.0,0.0,0.0,0.0,0.0,0.0,0.0,0.0,0.0,0.0,0.0,2.2578516593487376e-28,2.2578516593487376e-28,0.0,0.0,0.0,0.0,0.0,0.0,0.0,0.0,0.0,0.0,0.0,0.0,0.0,0.0,0.0,0.0,0.0,0.0,0.0,1.0,1.0,0.0,0.0,142,142,1,1,0.993006993006993,0.993006993006993,1,1,0.0,0.0,48,0.0,0.0,48,0.0,0.0,47,evac_out_of_zone,intermediate_directed,extensive_displacement
231,c1dfd96eea8cc2b62785275bca38ac261256e278,142,25,False,False,4532.757508864426,31.920827527214268,757.7174175759309,0.0,1,143,,sip_home_grocery,evac_out_of_zone,0,143,142,1.0,143.0,142.0,1.0,0.0,31.920827527214268,138.7133186300026,0.0,0.0,0.0,0.0,0.0,35.06060633683335,757.7174175759309,4532.757508864426,4532.757508864426,0.0,0.0,72.631385719234,187.74367544132485,0.0,0.0,0.0,0.0,0.0,345.3957677879093,757.7174175759309,10386.288157850462,189.0251552230832,691.5039699077747,620.5490555287372,448.3169754479974,765.5515925085964,278202.67569175485,2351.1298026879276,1532.2590181682954,7.659574468085295,33.16399231383845,0.0,0.0,0.0,0.0,0.0,1.831999496522986e-12,180.0,1080.0000000000266,0.0425531914893617,0.0425531914893617,0.0425531914893617,0.8098591549295775,0.8098591549295775,0.19014084507042253,0.19014084507042253,45,45,25,25,0.8251748251748252,0.8251748251748252,1,1,1514.6206835298321,0.0,48,1515.4348351518618,0.0,48,751.3509950913661,751.3509950913661,47,sip_home_grocery,compact_local,compact_local
232,c28aca23f1ef3718a464383d925c66842078edaa,142,1,False,False,0.0,0.0,0.0,0.0,1,143,,evac_out_of_zone,sip_home_grocery,2,143,142,1.0,143.0,142.0,1.0,0.0,0.0,0.0,0.0,0.0,0.0,0.0,0.0,0.0,0.0,0.0,0.0,0.0,0.0,0.0,0.0,0.0,0.0,0.0,0.0,0.0,0.0,0.0,0.0,5.048709793414476e-29,5.048709793414476e-29,0.0,0.0,0.0,0.0,0.0,0.0,0.0,0.0,0.0,0.0,0.0,0.0,0.0,0.0,0.0,0.0,0.0,0.0,0.0,1.0,1.0,0.0,0.0,142,142,1,1,0.993006993006993,0.993006993006993,1,1,0.0,0.0,48,0.0,0.0,48,0.0,0.0,47,evac_out_of_zone,extensive_displacement,extensive_displacement
233,c439c60b7bf00fc6d80b76312309f8dc6107f635,142,3,False,False,18.137448808394204,0.12772851273517044,6.0053754366200405,0.0,1,143,,sip_home_grocery,sip_hospital,0,143,142,1.0,143.0,142.0,1.0,0.0,0.12772851273517044,0.7898146185715468,0.0,0.0,0.0,0.0,0.0,0.0,6.0053754366200405,18.137448808394204,18.137448808394204,0.0,0.0,0.06341765317620351,0.560179315777071,0.0,0.0,0.0,0.0,0.0,0.0,6.0053754366200405,9.068724404197102,0.5602447535938267,5.9509793531002035,0.8259110645802908,8.940628142933884,8.978694820340957,7.3841637075470326,1.8103417036714995,17.997819394939977,5.1063829787234045,25.80055291619084,0.0,0.0,0.0,0.0,0.0,0.0,180.0,720.0,0.0425531914893617,0.028368794326241134,0.014184397163120567,0.971830985915493,0.971830985915493,0.028169014084507043,0.028169014084507043,93,93,3,3,0.9790209790209791,0.9790209790209791,1,1,12.010750873240081,0.0,48,3.063348967577062,3.063348967577062,48,0.0,0.0,47,sip_home_grocery,compact_local,compact_local
234,c5b76da3e608d34edb07244cd9b875ee86906328,142,21,False,False,2639.6360151964245,18.58898602251003,660.5736529212788,0.0,1,143,,sip_hospital,evac_out_of_zone,1,143,142,1.0,143.0,142.0,1.0,0.0,18.58898602251003,94.91841502778864,0.0,0.0,0.0,0.0,0.0,34.91959213036303,660.5736529212788,2639.6360151964245,2639.6360151964245,0.0,0.0,51.246304676600666,147.10465614085672,0.0,0.0,0.0,0.0,0.0,204.5724634422998,660.5736529212788,7328.221568753896,148.0294518070956,614.6394140716899,554.4236529540816,371.4374164499961,667.3464926812725,205933.6892720333,1176.6465722775138,1334.69783303319,5.106382978723606,27.437712316597796,0.0,0.0,0.0,0.0,0.0,1.7302217467161532e-12,180.0,720.0000000000284,0.028368794326241134,0.028368794326241134,0.028368794326241134,0.8450704225352113,0.8450704225352113,0.15492957746478872,0.15492957746478872,75,75,21,21,0.8531468531468531,0.8531468531468531,1,1,1321.2549460268272,0.0,48,0.0,0.0,48,1318.3810691695974,0.0,47,evac_out_of_zone,intermediate_directed,extensive_displacement
235,c66c65175fecc3103b3b587be9b5b230889c8628,142,21,False,False,2652.7896396454917,18.681617180602053,665.043301516855,0.0,1,143,,sip_hospital,evac_out_of_zone,1,143,142,1.0,143.0,142.0,1.0,0.0,18.681617180602053,95.33620403556584,0.0,0.0,0.0,0.0,0.0,34.924494590404336,665.043301516855,2652.7896396454917,2652.7896396454917,0.0,0.0,51.29826143581055,147.3108608645444,0.0,0.0,0.0,0.0,0.0,204.60183247782567,665.043301516855,7335.651385320909,148.249390265872,619.1841839232724,561.7198093022656,366.58101571734045,670.7538932029621,205915.8182425753,701.5112686677845,1342.0457173606294,5.10638297872347,27.483295489152432,0.0,0.0,0.0,0.0,0.0,5.343331864858708e-13,180.0,720.0000000000093,0.028368794326241134,0.028368794326241134,0.028368794326241134,0.8450704225352113,0.8450704225352113,0.15492957746478872,0.15492957746478872,75,75,21,21,0.8531468531468531,0.8531468531468531,1,1,1330.1967779996712,0.0,48,0.0,0.0,48,1322.5928616458204,0.0,47,evac_out_of_zone,intermediate_directed,extensive_displacement
236,c8306ae139ac98f432932286151dc0ec55580eca,142,4,False,False,27.793380875116306,0.19572803433180497,6.100288626307284,0.0,1,143,,evac_out_of_zone,sip_home_grocery,2,143,142,1.0,143.0,142.0,1.0,0.0,0.19572803433180497,0.9709148905210924,0.0,0.0,0.0,0.0,0.0,0.0,6.100288626307284,27.793380875116306,27.793380875116306,0.0,0.0,0.09717965340949757,0.6910996244049276,0.0,0.0,0.0,0.0,0.0,0.0,6.100288626307284,13.896690437558153,0.6959904403164647,6.05427630533227,9.455010127222664,4.391794476235548,10.425213437977,41.52446124948766,9.120926953819998,21.429286048332536,7.659574468085107,33.72649635071591,0.0,0.0,0.0,0.0,0.0,0.0,180.0,1080.0,0.04964539007092199,0.0425531914893617,0.03546099290780142,0.9577464788732394,0.9577464788732394,0.04225352112676056,0.04225352112676056,92,92,4,4,0.972027972027972,0.972027972027972,1,1,9.818522691265434,0.0,48,0.0,0.0,48,17.974858183850873,0.0,47,evac_out_of_zone,extensive_displacement,extensive_displacement
237,c837307a9a2ad4d08ca61a4f1bd848ba3d6890fc,142,5,False,False,52.30122671749699,0.3683184980105422,9.463164663801402,0.0,1,143,,evac_out_of_zone,sip_home_grocery,2,143,142,1.0,143.0,142.0,1.0,0.0,0.3683184980105422,1.5665634148598735,0.0,0.0,0.0,0.0,0.0,0.0,9.463164663801402,52.30122671749699,52.30122671749699,0.0,0.0,0.1828714220891503,1.1191034779958624,0.0,0.0,0.0,0.0,0.0,0.0,9.463164663801402,26.150613358748494,1.1167876539050619,9.250776988414588,5.990154044226834,8.692259457686609,10.556387637506942,52.06797314393039,22.4051135814785,22.472038264587205,10.212765957446809,36.89884937031496,0.0,0.0,0.0,0.0,0.0,0.0,180.0,1440.0,0.07801418439716312,0.05673758865248227,0.03546099290780142,0.9436619718309859,0.9436619718309859,0.056338028169014086,0.056338028169014086,48,48,5,5,0.965034965034965,0.965034965034965,1,1,0.0,0.0,48,32.022417967659464,0.0,48,20.27880874983752,0.0,47,evac_out_of_zone,extensive_displacement,extensive_displacement
238,c9ca442765657fc90e9e779c34d0d2259d2c3c5b,142,2,False,False,24.538862836353484,0.17280889321375692,12.269431418176742,0.0,1,143,,sip_hospital,sip_home_grocery,1,143,142,1.0,143.0,142.0,1.0,0.0,0.17280889321375692,1.445822931815461,0.0,0.0,0.0,0.0,0.0,0.0,12.269431418176742,24.538862836353484,24.538862836353484,0.0,0.0,0.08580021970752967,1.0224276178117313,0.0,0.0,0.0,0.0,0.0,0.0,12.269431418176742,12.269431418176742,1.0182749887399616,12.134146912018924,5.662456104727062,10.82844319602551,12.219598650835957,61.31558428002487,0.0,0.0,2.5531914893617023,18.68079215383897,0.0,0.0,0.0,0.0,0.0,0.0,180.0,360.0,0.02127659574468085,0.014184397163120567,0.0070921985815602835,0.9859154929577465,0.9859154929577465,0.014084507042253521,0.014084507042253521,92,92,2,2,0.986013986013986,0.986013986013986,1,1,0.0,0.0,48,24.538862836353484,0.0,48,0.0,0.0,47,evac_out_of_zone,intermediate_directed,extensive_displacement
239,c9f13c16144065a9ebccb216f3ec832b33e1693c,142,2,False,False,1.5687781870294446,0.011047733711474963,0.7843890935147223,0.0,1,143,,evac_out_of_zone,sip_hospital,2,143,142,1.0,143.0,142.0,1.0,0.0,0.011047733711474963,0.09243197180184043,0.0,0.0,0.0,0.0,0.0,0.0,0.7843890935147223,1.5687781870294446,1.5687781870294446,0.0,0.0,0.00548523841618687,0.06536415951041165,0.0,0.0,0.0,0.0,0.0,0.0,0.7843890935147223,0.7843890935147223,0.06534908542605486,0.7787242266522197,0.7005692026122858,0.35239933800005474,0.7842082000793481,0.24688012322379574,0.0,0.0,2.5531914893617023,19.874394428781297,0.0,0.0,0.0,0.0,0.0,0.0,180.0,360.0,0.014184397163120567,0.014184397163120567,0.014184397163120567,0.9859154929577465,0.9859154929577465,0.014084507042253521,0.0,93,93,2,2,0.986013986013986,0.986013986013986,1,1,0.0,0.0,48,0.7843890935147223,0.7843890935147223,48,0.0,0.0,47,evac_out_of_zone,extensive_displacement,extensive_displacement
240,ca3512f4dfa95a03169c5a670a4c91a19b3077b4,142,21,False,False,2496.6872320470284,17.582304451035412,625.6817444213881,0.0,1,143,,evac_out_of_zone,evac_out_of_zone,2,143,142,1.0,143.0,142.0,1.0,0.0,17.582304451035412,89.75106066892546,0.0,0.0,0.0,0.0,0.0,34.90859174663803,625.6817444213881,2496.6872320470284,2496.6872320470284,0.0,0.0,46.302278760538876,136.64500400981632,0.0,0.0,0.0,0.0,0.0,169.16685035357486,625.6817444213881,6621.225862757059,137.20155016539928,582.9272637290866,451.890300905849,438.32838373200184,629.5527110877117,198076.34522022877,1104.8067693976448,1260.3461372746356,7.659574468085187,32.697577561911075,0.0,0.0,0.0,0.0,0.0,5.088887490341627e-13,180.0,1080.0000000000114,0.0425531914893617,0.0425531914893617,0.0425531914893617,0.8380281690140845,0.8380281690140845,0.14788732394366197,0.14788732394366197,69,69,21,21,0.8531468531468531,0.8531468531468531,1,1,1252.1066826311608,0.0,48,1244.5805494158678,0.0,48,0.0,0.0,47,evac_out_of_zone,extensive_displacement,extensive_displacement
241,ca3799b8ff860c55da009a5675031b8644cdf7e3,142,2,False,False,3.307829256353994,0.023294572227845027,1.653914628176997,0.0,1,143,,sip_hospital,sip_hospital,1,143,142,1.0,143.0,142.0,1.0,0.0,0.023294572227845027,0.19489637418248762,0.0,0.0,0.0,0.0,0.0,0.0,1.653914628176997,3.307829256353994,3.307829256353994,0.0,0.0,0.0115658365606783,0.1378228489745508,0.0,0.0,0.0,0.0,0.0,0.0,1.653914628176997,1.653914628176997,0.13713683237627283,1.6341739603775693,0.4953044626249385,1.5693767820014375,1.645682227704172,0.7773193236652772,0.0,0.0,2.5531914893617023,18.50713329553763,0.0,0.0,0.0,0.0,0.0,0.0,180.0,360.0,0.02127659574468085,0.014184397163120567,0.0070921985815602835,0.9859154929577465,0.9859154929577465,0.014084507042253521,0.014084507042253521,93,93,2,2,0.986013986013986,0.986013986013986,1,1,0.0,0.0,48,1.653914628176997,1.653914628176997,48,0.0,0.0,47,evac_out_of_zone,intermediate_directed,extensive_displacement
242,cad06f3c4901bbcd4a396dd83c4544a146d6e3e8,142,1,False,False,0.0,0.0,0.0,0.0,1,143,,sip_home_grocery,sip_hospital,0,143,142,1.0,143.0,142.0,1.0,0.0,0.0,0.0,0.0,0.0,0.0,0.0,0.0,0.0,0.0,0.0,0.0,0.0,0.0,0.0,0.0,0.0,0.0,0.0,0.0,0.0,0.0,0.0,0.0,5.048709793414476e-29,5.048709793414476e-29,0.0,0.0,0.0,0.0,0.0,0.0,0.0,0.0,0.0,0.0,0.0,0.0,0.0,0.0,0.0,0.0,0.0,0.0,0.0,1.0,1.0,0.0,0.0,142,142,1,1,0.993006993006993,0.993006993006993,1,1,0.0,0.0,48,0.0,0.0,48,0.0,0.0,47,evac_out_of_zone,compact_local,extensive_displacement
243,cae91e45aed80f3a3fe285c3c8c1a7e78d82d473,142,4,False,False,182.4261395431127,1.2846911235430472,36.85376500373117,0.0,1,143,,evac_out_of_zone,evac_out_of_zone,2,143,142,1.0,143.0,142.0,1.0,0.0,1.2846911235430472,6.325534182190644,0.0,0.0,0.0,0.0,0.0,0.0,36.85376500373117,182.4261395431127,182.4261395431127,0.0,0.0,0.6378536347661283,4.503207251767483,0.0,0.0,0.0,0.0,0.0,0.0,36.85376500373117,91.21306977155635,4.507805203612904,36.25422229099105,35.809000911642805,8.876217275994028,36.89270631738325,317.8484725280098,6.522448518887036,73.82057159625637,7.659574468085107,34.934571855170226,0.0,0.0,0.0,0.0,0.0,0.0,180.0,1080.0,0.0425531914893617,0.0425531914893617,0.0425531914893617,0.9577464788732394,0.9577464788732394,0.04225352112676056,0.04225352112676056,46,46,4,4,0.972027972027972,0.972027972027972,1,1,70.00492969686913,0.0,48,36.85376500373117,36.85376500373117,48,19.356839919390616,19.356839919390616,47,evac_out_of_zone,extensive_displacement,extensive_displacement
244,cb4e5208b4cd87268b208e49452ed6e89a68e0b8,142,17,False,False,2118.739773534029,14.920702630521331,534.2160680747425,0.0,1,143,,sip_hospital,evac_out_of_zone,1,143,142,1.0,143.0,142.0,1.0,0.0,14.920702630521331,76.60519352536457,0.0,0.0,0.0,0.0,0.0,34.84487344615366,534.2160680747425,2118.739773534029,2118.739773534029,0.0,0.0,33.194865002492236,107.53730118156618,0.0,0.0,0.0,0.0,0.0,63.49913618153198,534.2160680747425,4746.86569535639,108.12074302678207,504.7134421319236,464.3795923704853,271.77187327199954,538.05980793212,126205.31172781433,959.3137344646071,1076.7951268006063,5.10638297872347,27.633601798467367,0.0,0.0,0.0,0.0,0.0,5.852220613892871e-13,180.0,720.0000000000093,0.028368794326241134,0.028368794326241134,0.028368794326241134,0.8732394366197183,0.8732394366197183,0.1267605633802817,0.1267605633802817,79,79,17,17,0.8811188811188811,0.8811188811188811,1,1,1050.3076373845445,0.0,48,0.0,0.0,48,1068.432136149485,0.0,47,sip_home_grocery,intermediate_directed,compact_local
245,cb7a1d775e800fd1ee4049f7dca9e041eb9ba083,142,20,False,False,3495.337150919312,24.615050358586704,582.8013199920916,0.0,1,143,,sip_home_grocery,evac_out_of_zone,0,143,142,1.0,143.0,142.0,1.0,0.0,24.615050358586704,107.17013163487034,0.0,0.0,0.0,0.0,0.0,34.954364924427345,582.8013199920916,3495.337150919312,3495.337150919312,0.0,0.0,45.61999070952775,133.86352831988785,0.0,0.0,0.0,0.0,0.0,169.1730154292876,582.8013199920916,6523.658671462468,134.60881251262708,541.1532623766933,483.2932238205431,338.68451305800636,590.1521325693845,163683.93017389474,2057.9971521772068,1180.6425541951085,7.659574468085159,33.22798830900498,0.0,0.0,0.0,0.0,0.0,5.088887490341627e-13,180.0,1080.0000000000075,0.0425531914893617,0.0425531914893617,0.0425531914893617,0.8450704225352113,0.8450704225352113,0.15492957746478872,0.15492957746478872,70,70,20,20,0.8601398601398601,0.8601398601398601,1,1,1165.04852464021,0.0,48,582.8013199920916,582.8013199920916,48,1164.6859862949184,0.0,47,sip_home_grocery,compact_local,compact_local
246,cc8cd1ceed58e1755b28acffa45c3d0ae4751cbf,142,3,False,False,132.03663300470845,0.9298354436951299,34.99828820554504,0.0,1,143,,sip_hospital,evac_out_of_zone,1,143,142,1.0,143.0,142.0,1.0,0.0,0.9298354436951299,5.471740668835615,0.0,0.0,0.0,0.0,0.0,0.0,34.99828820554504,132.03663300470845,132.03663300470845,0.0,0.0,0.4616665489675121,3.883481140133022,0.0,0.0,0.0,0.0,0.0,0.0,34.99828820554504,66.01831650235422,3.86395855867035,34.36277613060328,11.125634682640595,32.99697617934337,34.82212205009524,367.11230260316813,3.227569502573886e-06,69.64424396309579,5.1063829787234045,25.944854794848037,0.0,0.0,0.0,0.0,0.0,0.0,180.0,720.0,0.0425531914893617,0.028368794326241134,0.014184397163120567,0.971830985915493,0.971830985915493,0.028169014084507043,0.028169014084507043,69,69,3,3,0.9790209790209791,0.9790209790209791,1,1,69.99657641109007,0.0,48,0.0,0.0,48,31.02002829680919,31.02002829680919,47,sip_home_grocery,intermediate_directed,compact_local
247,cfa2ed2aac6d61f44ca9cba73e1e8946b7cd7d22,142,1,False,False,0.0,0.0,0.0,0.0,1,143,,sip_home_grocery,sip_home_grocery,0,143,142,1.0,143.0,142.0,1.0,0.0,0.0,0.0,0.0,0.0,0.0,0.0,0.0,0.0,0.0,0.0,0.0,0.0,0.0,0.0,0.0,0.0,0.0,0.0,0.0,0.0,0.0,0.0,0.0,2.08163637513382e-28,2.08163637513382e-28,0.0,0.0,0.0,0.0,0.0,0.0,0.0,0.0,0.0,0.0,0.0,0.0,0.0,0.0,0.0,0.0,0.0,0.0,0.0,1.0,1.0,0.0,0.0,142,142,1,1,0.993006993006993,0.993006993006993,1,1,0.0,0.0,48,0.0,0.0,48,0.0,0.0,47,sip_home_grocery,compact_local,compact_local
248,cfe21c6800c88f06d7d0683b1535821c75c954ad,142,5,False,False,200.62028598829312,1.4128189154105149,58.90589988825716,0.0,1,143,,sip_hospital,evac_out_of_zone,1,143,142,1.0,143.0,142.0,1.0,0.0,1.4128189154105149,7.488580271785789,0.0,0.0,0.0,0.0,0.0,0.0,58.90589988825716,200.62028598829312,200.62028598829312,0.0,0.0,0.9910025078042121,6.642559042757751,0.0,0.0,0.0,0.0,0.0,0.0,58.90589988825716,141.71335861600232,6.607416956135284,57.60724251877214,14.416822564730422,56.79169099200919,58.59301100468193,818.7557321827956,2.7449395011291527e-05,117.18602223905057,5.10638297872341,25.86585137787883,0.0,0.0,0.0,0.0,0.0,0.0,179.9999999999999,720.0000000000008,0.0425531914893617,0.028368794326241134,0.014184397163120567,0.9577464788732394,0.9577464788732394,0.04225352112676056,0.04225352112676056,68,68,5,5,0.965034965034965,0.965034965034965,1,1,117.81180822163299,0.0,48,0.0,0.0,48,41.40423968622329,41.404238080436826,47,sip_home_grocery,intermediate_directed,compact_local
249,d02560dd9d7db4467627745bd6701e809ffca6e3,142,24,False,False,3903.810282009139,27.49162170428971,643.7661177597018,0.0,1,143,,sip_hospital,evac_out_of_zone,1,143,142,1.0,143.0,142.0,1.0,0.0,27.49162170428971,117.47568248443967,0.0,0.0,0.0,0.0,0.0,34.992108570639324,643.7661177597018,3903.810282009139,3903.810282009139,0.0,0.0,64.32009228187621,168.15659345542574,0.0,0.0,0.0,0.0,0.0,309.64999039722505,643.7661177597018,9197.773196308299,169.27520821804228,584.1880318193162,581.8219544995671,322.21949158799623,665.0881050634744,187474.3743735848,14898.46818675343,1333.4004413419373,9.154977727423066,35.766713737383206,0.0,0.0,0.0,0.0,0.0,5.852220613892871e-13,180.0,1290.8518595666524,0.05673758865248227,0.05673758865248227,0.0425531914893617,0.8169014084507042,0.8169014084507042,0.18309859154929578,0.18309859154929578,52,52,24,24,0.8321678321678322,0.8321678321678322,1,1,1260.3757511186914,0.0,48,0.0,0.0,48,2004.6046179206576,638.8299129697901,47,sip_home_grocery,intermediate_directed,compact_local
250,d094700e379f0fb3b543e25c77f8e4b3e068f057,142,7,False,False,40.28643236849074,0.283707270200639,5.160845421644405,0.0,1,143,,evac_out_of_zone,sip_home_grocery,2,143,142,1.0,143.0,142.0,1.0,0.0,0.283707270200639,1.0302685287764024,0.0,0.0,0.0,0.0,0.0,0.0,5.160845421644405,40.28643236849074,40.28643236849074,0.0,0.0,0.1408616516380795,0.7396869036853679,0.0,0.0,0.0,0.0,0.0,0.0,5.160845421644405,20.14321618424537,0.7394850358914307,5.013672999414234,4.546703981069758,5.12930346643219,6.854361468600038,23.321424490942146,13.114550836543,14.321411796204199,15.319148936170214,44.485431247330894,0.0,0.0,0.0,0.0,0.0,59.91591792671603,180.0,2160.0,0.12056737588652482,0.0851063829787234,0.04964539007092199,0.9154929577464789,0.9154929577464789,0.08450704225352113,0.08450704225352113,22,22,7,7,0.951048951048951,0.951048951048951,1,1,12.87110922646926,0.0,48,12.1132713404526,0.0,48,15.30205180156888,0.0,47,evac_out_of_zone,extensive_displacement,extensive_displacement
251,d0e2dbb0bac1917d360aaf52c01a2a4b669e8cdb,142,1,False,False,0.0,0.0,0.0,0.0,1,143,,sip_home_grocery,sip_home_grocery,0,143,142,1.0,143.0,142.0,1.0,0.0,0.0,0.0,0.0,0.0,0.0,0.0,0.0,0.0,0.0,0.0,0.0,0.0,0.0,0.0,0.0,0.0,0.0,0.0,0.0,0.0,0.0,0.0,0.0,8.093697510147414e-28,8.093697510147414e-28,0.0,0.0,0.0,0.0,0.0,0.0,0.0,0.0,0.0,0.0,0.0,0.0,0.0,0.0,0.0,0.0,0.0,0.0,0.0,1.0,1.0,0.0,0.0,142,142,1,1,0.993006993006993,0.993006993006993,1,1,0.0,0.0,48,0.0,0.0,48,0.0,0.0,47,sip_home_grocery,compact_local,compact_local
252,d30f79cf7fef47bd7a5611719f936539bec0d2e9,142,3,False,False,10.308232518746728,0.07259318675173752,3.7029597082068784,0.0,1,143,,sip_hospital,sip_home_grocery,1,143,142,1.0,143.0,142.0,1.0,0.0,0.07259318675173752,0.4663857469562566,0.0,0.0,0.0,0.0,0.0,0.0,3.7029597082068784,10.308232518746728,10.308232518746728,0.0,0.0,0.036042771044568975,0.3306276855676174,0.0,0.0,0.0,0.0,0.0,0.0,3.7029597082068784,5.154116259373364,0.32964070647130783,3.654740911979096,2.017873899698357,3.0891264075620795,3.68978550013158,6.233467550688469,1.099096665969,7.581406619562745,5.1063829787234045,26.937563490459105,0.0,0.0,0.0,0.0,0.0,0.0,180.0,720.0,0.03546099290780142,0.028368794326241134,0.02127659574468085,0.971830985915493,0.971830985915493,0.028169014084507043,0.028169014084507043,70,70,3,3,0.9790209790209791,0.9790209790209791,1,1,7.405919416413757,0.0,48,0.0,0.0,48,2.902313102332972,0.0,47,sip_home_grocery,intermediate_directed,compact_local
253,d321d6f7ccf98b51540ec9d933f20898af3bd71e,142,27,False,False,4619.175599021527,32.52940562691216,766.6582962705626,0.0,1,143,,sip_hospital,evac_out_of_zone,1,143,142,1.0,143.0,142.0,1.0,0.0,32.52940562691216,139.85421207640945,0.0,0.0,0.0,0.0,0.0,35.06030426825971,766.6582962705626,4619.175599021527,4619.175599021527,0.0,0.0,83.52800373592292,205.0277980403296,0.0,0.0,0.0,0.0,0.0,415.36001357630244,777.203729857136,11944.504534236978,206.3295173451999,700.0071646243875,623.5821778257693,492.5411573220058,794.6392415165703,307139.88755168125,14276.754945597917,1590.788010776314,8.549553678790263,33.5375568777089,0.0,0.0,0.0,0.0,0.0,1.50122180965078e-12,180.0,1205.4870687094271,0.05673758865248227,0.0425531914893617,0.0425531914893617,0.795774647887324,0.795774647887324,0.20422535211267606,0.20422535211267606,44,44,27,27,0.8111888111888113,0.8111888111888113,1,1,1517.524220757985,0.0,48,1581.9763932365681,0.0,48,1519.6749850269741,0.0,47,sip_home_grocery,intermediate_directed,compact_local
254,d435a6cdd786300dff204ee7c2ef942d3e9034e2,142,25,False,False,4817.772291991414,33.92797388726348,600.2114167107313,0.0,1,143,,sip_hospital,evac_out_of_zone,1,143,142,1.0,143.0,142.0,1.0,0.0,33.92797388726348,127.39105437792237,0.0,0.0,0.0,0.0,0.0,35.0298562902615,600.2114167107313,4817.772291991414,4817.772291991414,0.0,0.0,70.67212660381303,173.15123203335312,0.0,0.0,0.0,0.0,0.0,379.02573019048657,612.101132907342,10106.114104345263,173.46997918840796,542.7495090615212,362.31676596775276,500.77195416000575,618.0986887015392,181438.074918605,8401.794878024662,1239.8112171655273,12.192186002477515,37.3374379256784,0.0,0.0,0.0,0.0,0.0,47.32318039198267,179.99999999999991,1719.0982263493295,0.11347517730496454,0.07092198581560284,0.028368794326241134,0.795774647887324,0.795774647887324,0.20422535211267606,0.20422535211267606,44,44,25,25,0.8251748251748252,0.8251748251748252,1,1,1171.2245046928242,0.0,48,619.9570098998673,584.6681315534776,48,1844.4220856875647,597.5005601576804,47,sip_home_grocery,intermediate_directed,compact_local
255,d54ad009d179ae346683cfc3603979bc99339ef7,142,22,False,False,3809.031464929427,26.82416524598188,633.5877916048088,0.0,1,143,,sip_hospital,evac_out_of_zone,1,143,142,1.0,143.0,142.0,1.0,0.0,26.82416524598188,115.99969559210312,0.0,0.0,0.0,0.0,0.0,34.98401624386468,633.5877916048088,3809.031464929427,3809.031464929427,0.0,0.0,59.6449998155924,160.43615188925838,0.0,0.0,0.0,0.0,0.0,274.5871219303339,633.5877916048088,8529.234973629713,161.4993111764887,578.7645046873776,565.4089556183455,301.76429675399737,640.8970103603721,170620.23587058217,3829.6604203854963,1286.4750996878029,7.6595744680851245,30.265940583749693,0.0,0.0,0.0,0.0,0.0,1.0177774980683254e-13,179.99999999999918,1080.0000000000025,0.05673758865248227,0.0425531914893617,0.028368794326241134,0.823943661971831,0.823943661971831,0.176056338028169,0.176056338028169,69,69,22,22,0.8461538461538461,0.8461538461538461,1,1,1260.098786697825,0.0,48,642.7716022802925,633.5877916048088,48,1272.5732843465003,0.0,47,sip_home_grocery,intermediate_directed,compact_local
256,d5f0d9102728577dfc9eec0a84867f75afbdfe46,142,3,False,False,58.236959688352215,0.4101194344250156,23.30904790070639,0.0,1,143,,evac_out_of_zone,sip_hospital,2,143,142,1.0,143.0,142.0,1.0,0.0,0.4101194344250156,2.8212452526265612,0.0,0.0,0.0,0.0,0.0,0.0,23.30904790070639,58.236959688352215,58.236959688352215,0.0,0.0,0.2036257331760567,1.9984818394194708,0.0,0.0,0.0,0.0,0.0,0.0,23.30904790070639,29.118479844176107,1.9889887893804195,22.995763367016206,7.780271706730268,21.85484052600061,23.198419822209143,170.0365973995446,4.807359998770859e-06,46.396838850058934,5.1063829787234045,25.964973122027708,0.0,0.0,0.0,0.0,0.0,0.0,180.0,720.0,0.0425531914893617,0.028368794326241134,0.014184397163120567,0.971830985915493,0.971830985915493,0.028169014084507043,0.028169014084507043,69,69,3,3,0.9790209790209791,0.9790209790209791,1,1,46.61809580141278,0.0,48,0.0,0.0,48,5.809431943469717,5.809431943469717,47,evac_out_of_zone,extensive_displacement,extensive_displacement
257,d6e3de36b09baee29613a44bada8dbc0d7202f31,142,4,False,False,178.939181401998,1.2601350802957607,35.98468339896008,0.0,1,143,,evac_out_of_zone,evac_out_of_zone,2,143,142,1.0,143.0,142.0,1.0,0.0,1.2601350802957607,6.222231549458583,0.0,0.0,0.0,0.0,0.0,0.0,35.98468339896008,178.939181401998,178.939181401998,0.0,0.0,0.6256614734335595,4.429410481246698,0.0,0.0,0.0,0.0,0.0,0.0,35.98468339896008,89.469590700999,4.40514128090383,35.16547393372611,4.221741664020872,35.53782015600292,35.78770409118385,150.03149600107827,3.03144799609601,71.59035611517811,7.659574468085107,31.261382739683853,0.0,0.0,0.0,0.0,0.0,0.0,180.0,1080.0,0.06382978723404255,0.0425531914893617,0.02127659574468085,0.9577464788732394,0.9577464788732394,0.04225352112676056,0.04225352112676056,46,46,4,4,0.972027972027972,0.972027972027972,1,1,70.0001380479481,0.0,48,35.98468339896008,35.98468339896008,48,18.484838278064885,18.484838278064885,47,evac_out_of_zone,extensive_displacement,extensive_displacement
258,d8502b7d774861547d38343645a9f52b163d08cd,142,3,False,False,37.91996729528121,0.26704202320620574,15.290739180983852,0.0,1,143,,evac_out_of_zone,sip_hospital,2,143,142,1.0,143.0,142.0,1.0,0.0,0.26704202320620574,1.8469882117704275,0.0,0.0,0.0,0.0,0.0,0.0,15.290739180983852,37.91996729528121,37.91996729528121,0.0,0.0,0.13258729823524898,1.3082743843281104,0.0,0.0,0.0,0.0,0.0,0.0,15.290739180983852,18.959983647640605,1.3097322311876334,15.17632467585061,15.27435599760666,1.681085870176147,15.366587156702312,25.677504043616842,11.213186862700997,31.00859513916733,5.1063829787234045,28.716575529399297,0.0,0.0,0.0,0.0,0.0,0.0,180.0,720.0,0.028368794326241134,0.028368794326241134,0.028368794326241134,0.971830985915493,0.971830985915493,0.028169014084507043,0.028169014084507043,93,93,3,3,0.9790209790209791,0.9790209790209791,1,1,7.338488933313505,0.0,48,15.290739180983852,15.290739180983852,48,0.0,0.0,47,evac_out_of_zone,extensive_displacement,extensive_displacement
259,da4b9237bacccdf19c0760cab7aec4a8359010b0,142,25,False,False,1603.4198341568667,11.291688972935681,799.6101757607452,0.0,1,143,,sip_hospital,evac_out_of_zone,1,143,142,1.0,143.0,142.0,1.0,0.0,11.291688972935681,67.6113694533435,0.0,0.0,0.0,0.0,0.0,34.925771569402684,799.6101757607452,1603.4198341568667,1603.4198341568667,0.0,0.0,67.81211683918046,180.58524588119343,0.0,0.0,0.0,0.0,0.0,310.50131062377244,799.6101757607452,9697.132708002806,181.7646938430036,739.0075905401134,639.3677080836568,495.72301584140115,809.0317512774404,316949.28848283493,273.27500782414194,1618.1810947349463,5.106382978723446,27.84315773516045,0.0,0.0,0.0,0.0,0.0,4.325554366790383e-13,180.0,720.0000000000059,0.028368794326241134,0.028368794326241134,0.028368794326241134,0.8169014084507042,0.8169014084507042,0.18309859154929578,0.18309859154929578,94,94,25,25,0.8251748251748252,0.8251748251748252,1,1,803.8096583961214,799.6101757607452,48,0.0,0.0,48,0.0,0.0,47,sip_home_grocery,intermediate_directed,compact_local
260,dbc0f004854457f59fb16ab863a3a1722cef553f,142,2,False,False,7.3140151258665345,0.05150714877370799,3.6570075629332672,0.0,1,143,,sip_hospital,sip_home_grocery,1,143,142,1.0,143.0,142.0,1.0,0.0,0.05150714877370799,0.4309397245970511,0.0,0.0,0.0,0.0,0.0,0.0,3.6570075629332672,7.3140151258665345,7.3140151258665345,0.0,0.0,0.0255734794610718,0.30474317867330897,0.0,0.0,0.0,0.0,0.0,0.0,3.6570075629332672,3.6570075629332672,0.30338850313869425,3.6152912614085078,1.5226420820397044,3.3070575083881764,3.6407510590240606,5.03546492999721,0.0,0.0,2.5531914893617023,18.623413082058658,0.0,0.0,0.0,0.0,0.0,0.0,180.0,360.0,0.02127659574468085,0.014184397163120567,0.0070921985815602835,0.9859154929577465,0.9859154929577465,0.014084507042253521,0.014084507042253521,120,120,2,2,0.986013986013986,0.986013986013986,1,1,0.0,0.0,48,0.0,0.0,48,7.3140151258665345,0.0,47,sip_home_grocery,intermediate_directed,compact_local
261,dc685e2c3fd7a3a63944383a54aa249ea27f5fdd,142,3,False,False,39.118023206271445,0.2754790366638834,12.786722115352783,0.0,1,143,,sip_home_grocery,sip_home_grocery,0,143,142,1.0,143.0,142.0,1.0,0.0,0.2754790366638834,1.694963831460294,0.0,0.0,0.0,0.0,0.0,0.0,12.786722115352783,39.118023206271445,39.118023206271445,0.0,0.0,0.13677630491703302,1.202238465886826,0.0,0.0,0.0,0.0,0.0,0.0,12.786722115352783,19.559011603135723,1.2053968259918308,12.711685415513097,12.30581320463357,10.139738481461215,15.945135154640719,124.77772769669656,42.87755037409149,34.58149613456376,5.1063829787234045,27.250583541168982,0.0,0.0,0.0,0.0,0.0,0.0,180.0,720.0,0.03546099290780142,0.028368794326241134,0.02127659574468085,0.971830985915493,0.971830985915493,0.028169014084507043,0.028169014084507043,96,96,3,3,0.9790209790209791,0.9790209790209791,1,1,0.0,0.0,48,0.0,0.0,48,39.118023206271445,0.0,47,sip_home_grocery,compact_local,compact_local
262,dd500e1c0fa5792340acd988b4e8a3338cdc609a,142,5,False,False,176.89667064099518,1.2457512016971493,52.97444175477083,0.0,1,143,,evac_out_of_zone,evac_out_of_zone,2,143,142,1.0,143.0,142.0,1.0,0.0,1.2457512016971493,6.826613496574981,0.0,0.0,0.0,0.0,0.0,0.0,52.97444175477083,176.89667064099518,176.89667064099518,0.0,0.0,0.866588800572671,6.020065558803901,0.0,0.0,0.0,0.0,0.0,0.0,52.97444175477083,123.92219848189195,5.9871114341625935,51.82224131660548,7.856800805390276,52.094949768002834,52.68408782760047,409.29964329401065,2.0888252979257806e-05,105.36817617205182,5.106382978724162,25.79483045388742,0.0,0.0,0.0,0.0,0.0,0.0,179.9999999999993,720.0000000001069,0.0425531914893617,0.028368794326241134,0.014184397163120567,0.9577464788732394,0.9577464788732394,0.035211267605633804,0.035211267605633804,68,68,5,5,0.965034965034965,0.965034965034965,1,1,105.94888568325416,0.0,48,0.0,0.0,48,35.47389249828817,35.473892459452856,47,evac_out_of_zone,extensive_displacement,extensive_displacement
263,dd7c1a3d9d5627da9aea5415e3d07202bfb5925e,142,1,False,False,0.0,0.0,0.0,0.0,1,143,,sip_hospital,sip_hospital,1,143,142,1.0,143.0,142.0,1.0,0.0,0.0,0.0,0.0,0.0,0.0,0.0,0.0,0.0,0.0,0.0,0.0,0.0,0.0,0.0,0.0,0.0,0.0,0.0,0.0,0.0,0.0,0.0,0.0,2.08163637513382e-28,2.08163637513382e-28,0.0,0.0,0.0,0.0,0.0,0.0,0.0,0.0,0.0,0.0,0.0,0.0,0.0,0.0,0.0,0.0,0.0,0.0,0.0,1.0,1.0,0.0,0.0,142,142,1,1,0.993006993006993,0.993006993006993,1,1,0.0,0.0,48,0.0,0.0,48,0.0,0.0,47,sip_home_grocery,intermediate_directed,compact_local
264,df518c2e0702a3bec12b032911d3090d9bfef76c,142,1,False,False,0.0,0.0,0.0,0.0,1,143,,sip_hospital,sip_hospital,1,143,142,1.0,143.0,142.0,1.0,0.0,0.0,0.0,0.0,0.0,0.0,0.0,0.0,0.0,0.0,0.0,0.0,0.0,0.0,0.0,0.0,0.0,0.0,0.0,0.0,0.0,0.0,0.0,0.0,4.070399965086662e-28,4.070399965086662e-28,0.0,0.0,0.0,0.0,0.0,0.0,0.0,0.0,0.0,0.0,0.0,0.0,0.0,0.0,0.0,0.0,0.0,0.0,0.0,1.0,1.0,0.0,0.0,142,142,1,1,0.993006993006993,0.993006993006993,1,1,0.0,0.0,48,0.0,0.0,48,0.0,0.0,47,sip_home_grocery,intermediate_directed,compact_local
265,e114c448f4ab8554ad14eff3d66dfeb3965ce8fc,142,1,False,False,0.0,0.0,0.0,0.0,1,143,,sip_hospital,sip_home_grocery,1,143,142,1.0,143.0,142.0,1.0,0.0,0.0,0.0,0.0,0.0,0.0,0.0,0.0,0.0,0.0,0.0,0.0,0.0,0.0,0.0,0.0,0.0,0.0,0.0,0.0,0.0,0.0,0.0,0.0,0.0,0.0,0.0,0.0,0.0,0.0,0.0,0.0,0.0,0.0,0.0,0.0,0.0,0.0,0.0,0.0,0.0,0.0,0.0,0.0,0.0,1.0,1.0,0.0,0.0,142,142,1,1,0.993006993006993,0.993006993006993,1,1,0.0,0.0,48,0.0,0.0,48,0.0,0.0,47,sip_home_grocery,intermediate_directed,compact_local
266,e1822db470e60d090affd0956d743cb0e7cdf113,142,19,False,False,1191.5404744995362,8.39113010210941,595.0652100156833,0.0,1,143,,sip_home_grocery,evac_out_of_zone,0,143,142,1.0,143.0,142.0,1.0,0.0,8.39113010210941,50.695216977896884,0.0,0.0,0.0,0.0,0.0,34.81198661456679,595.0652100156833,1191.5404744995362,1191.5404744995362,0.0,0.0,37.568431971138224,118.11072706306035,0.0,0.0,0.0,0.0,0.0,98.7790822405552,595.0652100156833,5372.285771872766,118.8099980988417,562.0897858947905,537.9542519162744,266.31953249898135,600.2673325654782,143267.72487618146,151.71639219487093,1200.768997131715,5.1063829787234285,26.900275486710186,0.0,0.0,0.0,0.0,0.0,5.088887490341627e-14,180.0,720.0000000000034,0.03546099290780142,0.028368794326241134,0.02127659574468085,0.8591549295774648,0.8591549295774648,0.14084507042253522,0.1267605633802817,100,100,19,19,0.8671328671328671,0.8671328671328671,1,1,1191.5404744995362,0.0,48,0.0,0.0,48,0.0,0.0,47,sip_home_grocery,compact_local,compact_local
267,e1a864f0b77f6c89794827a9035355dc8d052622,142,1,False,False,0.0,0.0,0.0,0.0,1,143,,sip_hospital,sip_home_grocery,1,143,142,1.0,143.0,142.0,1.0,0.0,0.0,0.0,0.0,0.0,0.0,0.0,0.0,0.0,0.0,0.0,0.0,0.0,0.0,0.0,0.0,0.0,0.0,0.0,0.0,0.0,0.0,0.0,0.0,1.0097419586828951e-28,1.0097419586828951e-28,0.0,0.0,0.0,0.0,0.0,0.0,0.0,0.0,0.0,0.0,0.0,0.0,0.0,0.0,0.0,0.0,0.0,0.0,0.0,1.0,1.0,0.0,0.0,142,142,1,1,0.993006993006993,0.993006993006993,1,1,0.0,0.0,48,0.0,0.0,48,0.0,0.0,47,sip_home_grocery,intermediate_directed,compact_local
268,e2154fea5da2dd0d1732ff30931723c2973003a0,142,3,False,False,32.98029075028068,0.23225556866394845,14.47775278083836,0.0,1,143,,evac_out_of_zone,sip_hospital,2,143,142,1.0,143.0,142.0,1.0,0.0,0.23225556866394845,1.7190937730783917,0.0,0.0,0.0,0.0,0.0,0.0,14.47775278083836,32.98029075028068,32.98029075028068,0.0,0.0,0.11531570192405832,1.2168786070890476,0.0,0.0,0.0,0.0,0.0,0.0,14.47775278083836,16.49014537514034,1.2183315575054314,14.37981762904007,14.474197292111254,1.4264613973532372,14.544317769118623,20.646883694871462,5.537762247439002,29.162150811019075,5.1063829787234045,29.00911720640048,0.0,0.0,0.0,0.0,0.0,0.0,180.0,720.0,0.028368794326241134,0.028368794326241134,0.028368794326241134,0.971830985915493,0.971830985915493,0.028169014084507043,0.028169014084507043,93,93,3,3,0.9790209790209791,0.9790209790209791,1,1,4.024785188603962,0.0,48,14.47775278083836,14.47775278083836,48,0.0,0.0,47,evac_out_of_zone,extensive_displacement,extensive_displacement
269,e54183e2a040e6c09e61eb22d542e3d57074b351,142,1,False,False,0.0,0.0,0.0,0.0,1,143,,sip_hospital,sip_home_grocery,1,143,142,1.0,143.0,142.0,1.0,0.0,0.0,0.0,0.0,0.0,0.0,0.0,0.0,0.0,0.0,0.0,0.0,0.0,0.0,0.0,0.0,0.0,0.0,0.0,0.0,0.0,0.0,0.0,0.0,8.077935669463161e-28,8.077935669463161e-28,0.0,0.0,0.0,0.0,0.0,0.0,0.0,0.0,0.0,0.0,0.0,0.0,0.0,0.0,0.0,0.0,0.0,0.0,0.0,1.0,1.0,0.0,0.0,142,142,1,1,0.993006993006993,0.993006993006993,1,1,0.0,0.0,48,0.0,0.0,48,0.0,0.0,47,sip_home_grocery,intermediate_directed,compact_local
270,e62d7f1eb43d87c202d2f164ba61297e71be80f4,142,25,False,False,3695.013882963617,26.021224527912796,600.528043492043,0.0,1,143,,sip_hospital,evac_out_of_zone,1,143,142,1.0,143.0,142.0,1.0,0.0,26.021224527912796,109.76803168290547,0.0,0.0,0.0,0.0,0.0,35.00748659372436,600.528043492043,3695.013882963617,3695.013882963617,0.0,0.0,66.88477986898343,168.6859338343792,0.0,0.0,0.0,0.0,0.0,344.3696251363355,607.0714313828939,9564.52352126463,169.37968972517356,543.8183841594413,462.6875145475367,442.12308885847165,639.9629378486952,204564.83310800596,23606.709961293203,1284.2376317756025,10.321192923638748,35.58379011951997,0.0,0.0,0.0,0.0,0.0,1.6538884343610287e-12,179.9999999999998,1455.2882022330634,0.0851063829787234,0.05673758865248227,0.028368794326241134,0.8098591549295775,0.8098591549295775,0.19014084507042253,0.19014084507042253,43,43,25,25,0.8251748251748252,0.8251748251748252,1,1,1190.1358330115877,0.0,48,678.5464495384671,600.528043492043,48,632.7822868826836,593.021270038836,47,sip_home_grocery,intermediate_directed,compact_local
271,e6c3dd630428fd54834172b8fd2735fed9416da4,142,23,False,False,2833.180781536793,19.95197733476615,712.3303946983777,0.0,1,143,,sip_home_grocery,evac_out_of_zone,0,143,142,1.0,143.0,142.0,1.0,0.0,19.95197733476615,101.6952923301824,0.0,0.0,0.0,0.0,0.0,34.94997981029022,712.3303946983777,2833.180781536793,2833.180781536793,0.0,0.0,61.54093078884767,167.35542391605895,0.0,0.0,0.0,0.0,0.0,275.0124204534516,712.3303946983777,8800.353102805217,168.470863753874,656.7553837995517,592.6724748395276,411.4387772640037,721.4863338060596,243848.43836600622,3898.179758855144,1445.3585526861839,5.106382978723433,25.30632064805523,0.0,0.0,0.0,0.0,0.0,5.088887490341627e-14,179.99999999999994,720.0000000000041,0.03546099290780142,0.028368794326241134,0.02127659574468085,0.8309859154929577,0.8309859154929577,0.16901408450704225,0.16901408450704225,50,50,23,23,0.8391608391608392,0.8391608391608392,1,1,1400.3510707799544,0.0,48,0.0,0.0,48,720.4993160584603,712.3303946983777,47,sip_home_grocery,compact_local,compact_local
272,e794a80eb109162d579df51db6d52e223bb0e9be,142,1,False,False,0.0,0.0,0.0,0.0,1,143,,evac_out_of_zone,sip_home_grocery,2,143,142,1.0,143.0,142.0,1.0,0.0,0.0,0.0,0.0,0.0,0.0,0.0,0.0,0.0,0.0,0.0,0.0,0.0,0.0,0.0,0.0,0.0,0.0,0.0,0.0,0.0,0.0,0.0,0.0,0.0,0.0,0.0,0.0,0.0,0.0,0.0,0.0,0.0,0.0,0.0,0.0,0.0,0.0,0.0,0.0,0.0,0.0,0.0,0.0,0.0,1.0,1.0,0.0,0.0,142,142,1,1,0.993006993006993,0.993006993006993,1,1,0.0,0.0,48,0.0,0.0,48,0.0,0.0,47,sip_home_grocery,extensive_displacement,compact_local
273,e993215bfdaa515f6ea00fafc1918f549119f993,142,1,False,False,0.0,0.0,0.0,0.0,1,143,,sip_home_grocery,sip_home_grocery,0,143,142,1.0,143.0,142.0,1.0,0.0,0.0,0.0,0.0,0.0,0.0,0.0,0.0,0.0,0.0,0.0,0.0,0.0,0.0,0.0,0.0,0.0,0.0,0.0,0.0,0.0,0.0,0.0,0.0,1.0097419586828951e-28,1.0097419586828951e-28,0.0,0.0,0.0,0.0,0.0,0.0,0.0,0.0,0.0,0.0,0.0,0.0,0.0,0.0,0.0,0.0,0.0,0.0,0.0,1.0,1.0,0.0,0.0,142,142,1,1,0.993006993006993,0.993006993006993,1,1,0.0,0.0,48,0.0,0.0,48,0.0,0.0,47,sip_home_grocery,compact_local,compact_local
274,eadc1dd8fc279583d5552700ae5d248e3fa123bd,142,2,False,False,8.305763758300301,0.058491294072537336,4.152881879150151,0.0,1,143,,sip_hospital,sip_hospital,1,143,142,1.0,143.0,142.0,1.0,0.0,0.058491294072537336,0.4893732765074151,0.0,0.0,0.0,0.0,0.0,0.0,4.152881879150151,8.305763758300301,8.305763758300301,0.0,0.0,0.029041132022029025,0.346065027957421,0.0,0.0,0.0,0.0,0.0,0.0,4.152881879150151,4.152881879150151,0.3441346028968036,4.100837077640805,0.13508503328279084,4.127506271995141,4.129716211990388,0.5575643221273916,0.0,0.0,2.5531914893617023,18.39053846682281,0.0,0.0,0.0,0.0,0.0,0.0,180.0,360.0,0.02127659574468085,0.014184397163120567,0.0070921985815602835,0.9859154929577465,0.9859154929577465,0.014084507042253521,0.014084507042253521,93,93,2,2,0.986013986013986,0.986013986013986,1,1,0.0,0.0,48,4.152881879150151,4.152881879150151,48,0.0,0.0,47,sip_home_grocery,intermediate_directed,compact_local
275,eb4ac3033e8ab3591e0fcefa8c26ce3fd36d5a0f,142,23,False,False,2195.1442247953146,15.458762146445878,501.70368383269823,0.0,1,143,,evac_out_of_zone,evac_out_of_zone,2,143,142,1.0,143.0,142.0,1.0,0.0,15.458762146445878,71.4110296645626,0.0,0.0,0.0,0.0,0.0,34.98437622849887,501.70368383269823,2195.1442247953146,2195.1442247953146,0.0,0.0,52.11114951181459,135.86405131425278,0.0,0.0,0.0,0.0,0.0,273.3307387910217,501.70368383269823,7451.894380189486,135.63022190657355,448.6086120810253,247.57375254629065,467.430021480168,528.9457325007947,115723.40447063844,24937.55394896415,1064.9455261038524,6.866822103690002,29.543513038671197,0.0,0.0,0.0,0.0,0.0,2.1373327459434834e-12,179.9999999999989,968.2219166202904,0.05673758865248227,0.0425531914893617,0.014184397163120567,0.8309859154929577,0.8309859154929577,0.16901408450704225,0.16901408450704225,56,56,23,23,0.8391608391608392,0.8391608391608392,1,1,980.0806175039056,0.0,48,0.0,0.0,48,723.2406722874379,491.82293500397117,47,evac_out_of_zone,extensive_displacement,extensive_displacement
276,eb65e208b715d3b42fc535aebcd8d3e7fb5f2c94,142,2,False,False,9.823414952765816,0.06917897854060434,4.911707476382908,0.0,1,143,,sip_home_grocery,sip_hospital,0,143,142,1.0,143.0,142.0,1.0,0.0,0.06917897854060434,0.5787928602138227,0.0,0.0,0.0,0.0,0.0,0.0,4.911707476382908,9.823414952765816,9.823414952765816,0.0,0.0,0.0343476047299504,0.40929894819954943,0.0,0.0,0.0,0.0,0.0,0.0,4.911707476382908,4.911707476382908,0.40817742824188324,4.8639954189446355,3.2357177469946032,3.677359518003423,4.898248907810443,11.898897454483196,0.0,0.0,2.5531914893617023,19.037031399411653,0.0,0.0,0.0,0.0,0.0,0.0,180.0,360.0,0.02127659574468085,0.014184397163120567,0.0070921985815602835,0.9859154929577465,0.9859154929577465,0.014084507042253521,0.014084507042253521,93,93,2,2,0.986013986013986,0.986013986013986,1,1,0.0,0.0,48,4.911707476382908,4.911707476382908,48,0.0,0.0,47,sip_home_grocery,compact_local,compact_local
277,eb94d5c2be91b5d6dd995dbadd5ac0c30e3c17a1,142,3,False,False,52.148161899566546,0.3672405767575109,21.78705450603192,0.0,1,143,,evac_out_of_zone,sip_hospital,2,143,142,1.0,143.0,142.0,1.0,0.0,0.3672405767575109,2.609513686418015,0.0,0.0,0.0,0.0,0.0,0.0,21.78705450603192,52.148161899566546,52.148161899566546,0.0,0.0,0.18233623041806485,1.847886886440437,0.0,0.0,0.0,0.0,0.0,0.0,21.78705450603192,26.074080949783273,1.8375801834647685,21.484215898526777,0.7980659347285117,21.650831496003814,21.665535158507506,17.278791075507787,1.638415499930694e-06,43.33106933048927,5.1063829787234045,25.756804472386563,0.0,0.0,0.0,0.0,0.0,0.0,180.0,720.0,0.0425531914893617,0.028368794326241134,0.014184397163120567,0.971830985915493,0.971830985915493,0.028169014084507043,0.028169014084507043,69,69,3,3,0.9790209790209791,0.9790209790209791,1,1,43.57410901206384,0.0,48,0.0,0.0,48,4.28702644375135,4.28702644375135,47,evac_out_of_zone,extensive_displacement,extensive_displacement
278,ec7f1f65067126f3b2bd1037de8a18d0db2ec84b,142,1,False,False,0.0,0.0,0.0,0.0,1,143,,evac_out_of_zone,sip_home_grocery,2,143,142,1.0,143.0,142.0,1.0,0.0,0.0,0.0,0.0,0.0,0.0,0.0,0.0,0.0,0.0,0.0,0.0,0.0,0.0,0.0,0.0,0.0,0.0,0.0,0.0,0.0,0.0,0.0,0.0,0.0,0.0,0.0,0.0,0.0,0.0,0.0,0.0,0.0,0.0,0.0,0.0,0.0,0.0,0.0,0.0,0.0,0.0,0.0,0.0,0.0,1.0,1.0,0.0,0.0,142,142,1,1,0.993006993006993,0.993006993006993,1,1,0.0,0.0,48,0.0,0.0,48,0.0,0.0,47,sip_home_grocery,extensive_displacement,compact_local
279,ecb7937db58ec9dea0c47db88463d85e81143032,142,3,False,False,20.428497164035498,0.14386265608475704,5.3595082873201765,0.0,1,143,,evac_out_of_zone,sip_home_grocery,2,143,142,1.0,143.0,142.0,1.0,0.0,0.14386265608475704,0.8460628242239056,0.0,0.0,0.0,0.0,0.0,0.0,5.3595082873201765,20.428497164035498,20.428497164035498,0.0,0.0,0.07142831176236188,0.6004849198870388,0.0,0.0,0.0,0.0,0.0,0.0,5.3595082873201765,10.214248582017749,0.6008452557604061,5.289584514678825,4.817261425080472,4.5393435978325325,6.619036783154445,21.867204809024663,10.562856787517498,14.891357096157094,5.1063829787234045,28.0377201209354,0.0,0.0,0.0,0.0,0.0,0.0,180.0,720.0,0.03546099290780142,0.028368794326241134,0.02127659574468085,0.971830985915493,0.971830985915493,0.028169014084507043,0.028169014084507043,72,72,3,3,0.9790209790209791,0.9790209790209791,1,1,0.0,0.0,48,10.719016574640353,0.0,48,9.709480589395147,0.0,47,evac_out_of_zone,extensive_displacement,extensive_displacement
280,ee44c6bcc4e0dfae682057bafe6d80f880169bd9,142,1,False,False,0.0,0.0,0.0,0.0,1,143,,evac_out_of_zone,sip_hospital,2,143,142,1.0,143.0,142.0,1.0,0.0,0.0,0.0,0.0,0.0,0.0,0.0,0.0,0.0,0.0,0.0,0.0,0.0,0.0,0.0,0.0,0.0,0.0,0.0,0.0,0.0,0.0,0.0,0.0,1.628159986034665e-27,1.628159986034665e-27,0.0,0.0,0.0,0.0,0.0,0.0,0.0,0.0,0.0,0.0,0.0,0.0,0.0,0.0,0.0,0.0,0.0,0.0,0.0,1.0,1.0,0.0,0.0,142,142,1,1,0.993006993006993,0.993006993006993,1,1,0.0,0.0,48,0.0,0.0,48,0.0,0.0,47,sip_home_grocery,extensive_displacement,compact_local
281,ef7de0b7dedde0a2722380a752fece7a2ccdd672,142,1,False,False,0.0,0.0,0.0,0.0,1,143,,sip_home_grocery,sip_hospital,0,143,142,1.0,143.0,142.0,1.0,0.0,0.0,0.0,0.0,0.0,0.0,0.0,0.0,0.0,0.0,0.0,0.0,0.0,0.0,0.0,0.0,0.0,0.0,0.0,0.0,0.0,0.0,0.0,0.0,2.0194839173657902e-28,2.0194839173657902e-28,0.0,0.0,0.0,0.0,0.0,0.0,0.0,0.0,0.0,0.0,0.0,0.0,0.0,0.0,0.0,0.0,0.0,0.0,0.0,1.0,1.0,0.0,0.0,142,142,1,1,0.993006993006993,0.993006993006993,1,1,0.0,0.0,48,0.0,0.0,48,0.0,0.0,47,sip_home_grocery,compact_local,compact_local
282,efa6e44dfa0145249be273ecd84a97f534b04920,142,2,False,False,19.420966115792634,0.13676736701262418,9.710483057896317,0.0,1,143,,evac_out_of_zone,sip_home_grocery,2,143,142,1.0,143.0,142.0,1.0,0.0,0.13676736701262418,1.1442778891377785,0.0,0.0,0.0,0.0,0.0,0.0,9.710483057896317,19.420966115792634,19.420966115792634,0.0,0.0,0.06790547592934487,0.8091871352716244,0.0,0.0,0.0,0.0,0.0,0.0,9.710483057896317,9.710483057896317,0.8087270443792695,9.637094966227158,8.276063560442124,5.068831828707565,9.704961832186504,41.94997439157589,0.0,0.0,2.5531914893617023,19.665389998959498,0.0,0.0,0.0,0.0,0.0,0.0,180.0,360.0,0.014184397163120567,0.014184397163120567,0.014184397163120567,0.9859154929577465,0.9859154929577465,0.014084507042253521,0.014084507042253521,72,72,2,2,0.986013986013986,0.986013986013986,1,1,0.0,0.0,48,19.420966115792634,0.0,48,0.0,0.0,47,evac_out_of_zone,extensive_displacement,extensive_displacement
283,f0a4acfc86dfa0637e085abf0bbaef7bd0ec5aa4,142,1,False,False,0.0,0.0,0.0,0.0,1,143,,evac_out_of_zone,sip_hospital,2,143,142,1.0,143.0,142.0,1.0,0.0,0.0,0.0,0.0,0.0,0.0,0.0,0.0,0.0,0.0,0.0,0.0,0.0,0.0,0.0,0.0,0.0,0.0,0.0,0.0,0.0,0.0,0.0,0.0,8.093697510147414e-28,8.093697510147414e-28,0.0,0.0,0.0,0.0,0.0,0.0,0.0,0.0,0.0,0.0,0.0,0.0,0.0,0.0,0.0,0.0,0.0,0.0,0.0,1.0,1.0,0.0,0.0,142,142,1,1,0.993006993006993,0.993006993006993,1,1,0.0,0.0,48,0.0,0.0,48,0.0,0.0,47,sip_home_grocery,extensive_displacement,compact_local
284,f1abd670358e036c31296e66b3b66c382ac00812,142,19,False,False,1240.9414246248675,8.739024117076532,620.4261988029901,0.0,1,143,,evac_out_of_zone,evac_out_of_zone,2,143,142,1.0,143.0,142.0,1.0,0.0,8.739024117076532,52.779577914893736,0.0,0.0,0.0,0.0,0.0,34.81944213144695,620.4261988029901,1240.9414246248675,1240.9414246248675,0.0,0.0,41.91629917054473,127.69995551566001,0.0,0.0,0.0,0.0,0.0,134.04650405530847,620.4261988029901,5994.030781387897,128.490158026995,583.4820000517327,556.0995460787794,286.62008171400385,625.6179156568063,159389.2973382202,0.00039300640855799375,1251.2358314356136,2.5531914893617795,19.849019693071465,0.0,0.0,0.0,0.0,0.0,5.597776239375789e-13,179.99999999999918,360.0000000000109,0.014184397163120567,0.014184397163120567,0.014184397163120567,0.8661971830985915,0.8661971830985915,0.13380281690140844,0.13380281690140844,99,99,19,19,0.8671328671328671,0.8671328671328671,1,1,1240.9414246248675,0.0,48,0.0,0.0,48,0.0,0.0,47,evac_out_of_zone,extensive_displacement,extensive_displacement
285,f1f836cb4ea6efb2a0b1b99f41ad8b103eff4b59,142,11,False,False,684.5274026077684,4.820615511322313,342.25768612639604,0.0,1,143,,evac_out_of_zone,evac_out_of_zone,2,143,142,1.0,143.0,142.0,1.0,0.0,4.820615511322313,29.741548951524138,0.0,0.0,0.0,0.0,0.0,0.0,342.25768612639604,684.5274026077684,684.5274026077684,0.0,0.0,13.388404342006318,55.451237470074226,0.0,0.0,0.0,0.0,0.0,0.0,342.25768612639604,1914.5418209069035,55.137791315290734,326.6725696128684,246.9254115140459,233.7131870639972,339.99119497274023,57709.72489203669,0.00013062772731233354,679.9823891108235,2.5531914893617462,19.20757054067563,0.0,0.0,0.0,0.0,0.0,0.0,179.99999999999935,360.0000000000062,0.014184397163120567,0.014184397163120567,0.014184397163120567,0.9225352112676056,0.9225352112676056,0.07746478873239436,0.07746478873239436,107,107,11,11,0.9230769230769231,0.9230769230769231,1,1,684.5274026077684,0.0,48,0.0,0.0,48,0.0,0.0,47,evac_out_of_zone,extensive_displacement,extensive_displacement
286,f333160e6b20ba37686da89bbe5fab728a7d3d24,142,2,False,False,3.3375431530484923,0.023503825021468257,1.6687715765242461,0.0,1,143,,sip_home_grocery,sip_hospital,0,143,142,1.0,143.0,142.0,1.0,0.0,0.023503825021468257,0.196647108661139,0.0,0.0,0.0,0.0,0.0,0.0,1.6687715765242461,3.3375431530484923,3.3375431530484923,0.0,0.0,0.011669731304365357,0.13906089773075694,0.0,0.0,0.0,0.0,0.0,0.0,1.6687715765242461,1.6687715765242461,0.13920249533497417,1.6587891754115889,1.6584648125369852,0.19991779199926693,1.670470789322938,0.3315566234308722,0.0,0.0,2.5531914893617023,20.88483856230824,0.0,0.0,0.0,0.0,0.0,0.0,180.0,360.0,0.014184397163120567,0.014184397163120567,0.014184397163120567,0.9859154929577465,0.9859154929577465,0.014084507042253521,0.014084507042253521,93,93,2,2,0.986013986013986,0.986013986013986,1,1,0.0,0.0,48,1.6687715765242461,1.6687715765242461,48,0.0,0.0,47,sip_home_grocery,compact_local,compact_local
287,f37062d9a65543a46f2ba13299ba77a370a1c4eb,142,2,False,False,17.887832614294997,0.12597065221334505,8.943916307147498,0.0,1,143,,sip_home_grocery,sip_hospital,0,143,142,1.0,143.0,142.0,1.0,0.0,0.12597065221334505,1.0539460922333206,0.0,0.0,0.0,0.0,0.0,0.0,8.943916307147498,17.887832614294997,17.887832614294997,0.0,0.0,0.06254486928075173,0.7453081346766435,0.0,0.0,0.0,0.0,0.0,0.0,8.943916307147498,8.943916307147498,0.7449925509185865,8.877610823371002,7.951570164361747,4.086372744000784,8.94012920945108,32.49307959165768,0.0,0.0,2.5531914893617023,19.852074887506664,0.0,0.0,0.0,0.0,0.0,0.0,180.0,360.0,0.014184397163120567,0.014184397163120567,0.014184397163120567,0.9859154929577465,0.9859154929577465,0.014084507042253521,0.014084507042253521,93,93,2,2,0.986013986013986,0.986013986013986,1,1,0.0,0.0,48,8.943916307147498,8.943916307147498,48,0.0,0.0,47,sip_home_grocery,compact_local,compact_local
288,f38cfe2e2facbcc742bad63f91ad55637300cb45,142,1,False,False,0.0,0.0,0.0,0.0,1,143,,evac_out_of_zone,sip_home_grocery,2,143,142,1.0,143.0,142.0,1.0,0.0,0.0,0.0,0.0,0.0,0.0,0.0,0.0,0.0,0.0,0.0,0.0,0.0,0.0,0.0,0.0,0.0,0.0,0.0,0.0,0.0,0.0,0.0,0.0,2.0194839173657902e-28,2.0194839173657902e-28,0.0,0.0,0.0,0.0,0.0,0.0,0.0,0.0,0.0,0.0,0.0,0.0,0.0,0.0,0.0,0.0,0.0,0.0,0.0,1.0,1.0,0.0,0.0,142,142,1,1,0.993006993006993,0.993006993006993,1,1,0.0,0.0,48,0.0,0.0,48,0.0,0.0,47,sip_home_grocery,extensive_displacement,compact_local
289,f47aea8bdcbd1179a1f3d91e6afeeb259488f2d1,142,6,False,False,91.89807276055204,0.6471695264827608,17.851575827652958,0.0,1,143,,sip_home_grocery,sip_home_grocery,0,143,142,1.0,143.0,142.0,1.0,0.0,0.6471695264827608,3.03422622302018,0.0,0.0,0.0,0.0,0.0,0.0,17.851575827652958,91.89807276055204,91.89807276055204,0.0,0.0,0.32132193272920295,2.1623542042847954,0.0,0.0,0.0,0.0,0.0,0.0,17.851575827652958,45.94903638027602,2.175841608030623,17.713698845540936,19.9043655786715,24.312359551795197,31.42092608541591,483.92209259903757,113.31155051984199,65.79531936010358,12.76595744680851,41.22934896320796,0.0,0.0,0.0,0.0,0.0,28.510925366045893,180.0,1800.0,0.09219858156028368,0.07092198581560284,0.04964539007092199,0.9295774647887324,0.9295774647887324,0.056338028169014086,0.056338028169014086,46,46,6,6,0.958041958041958,0.958041958041958,1,1,36.64050841562307,0.0,48,19.554412689623057,0.0,48,35.703151655305916,0.0,47,sip_home_grocery,compact_local,compact_local
290,f67462663a512121ffada791890b558ee8b38773,142,6,False,False,31.05821188925214,0.2187198020369869,5.675883908586542,0.0,1,143,,sip_home_grocery,sip_home_grocery,0,143,142,1.0,143.0,142.0,1.0,0.0,0.2187198020369869,0.9154840667237667,0.0,0.0,0.0,0.0,0.0,0.0,5.675883908586542,31.05821188925214,31.05821188925214,0.0,0.0,0.10859514646591657,0.654281348507363,0.0,0.0,0.0,0.0,0.0,0.0,5.675883908586542,15.52910594462607,0.6525504948604213,5.5526369872925505,3.7196137528015782,4.26736465118418,5.660912253003655,15.872948244763986,0.5226186792480001,11.328223729188773,12.76595744680851,40.93660916491415,0.0,0.0,0.0,0.0,0.0,47.56782900459876,180.0,1800.0,0.10638297872340426,0.07092198581560284,0.03546099290780142,0.9295774647887324,0.9295774647887324,0.056338028169014086,0.056338028169014086,46,46,6,6,0.958041958041958,0.958041958041958,1,1,5.926070152452347,0.0,48,11.351767817173084,0.0,48,13.780373919626708,0.0,47,sip_home_grocery,compact_local,compact_local
291,f6e1126cedebf23e1463aee73f9df08783640400,142,24,False,False,4510.115811511205,31.76137895430426,755.0246267889311,0.0,1,143,,sip_hospital,evac_out_of_zone,1,143,142,1.0,143.0,142.0,1.0,0.0,31.76137895430426,137.96371267384285,0.0,0.0,0.0,0.0,0.0,35.05914189824151,755.0246267889311,4510.115811511205,4510.115811511205,0.0,0.0,72.54917686727796,187.4497901954714,0.0,0.0,0.0,0.0,0.0,345.373880049157,755.0246267889311,10374.532292020749,188.69517084989866,688.7294572557047,609.403069327968,456.91731059399694,761.6728494746279,278446.8115050622,56.30751213343199,1523.3478320519516,7.659574468085307,33.09929684442538,0.0,0.0,0.0,0.0,0.0,1.4757773721990718e-12,180.0,1080.0000000000282,0.0425531914893617,0.0425531914893617,0.0425531914893617,0.8098591549295775,0.8098591549295775,0.19014084507042253,0.19014084507042253,48,48,24,24,0.8321678321678322,0.8321678321678322,1,1,1510.2052662876226,0.0,48,0.0,0.0,48,2249.9329089176867,749.9776363058955,47,sip_home_grocery,intermediate_directed,compact_local
292,f76b2ea6b45eff3bc8e4399145cc17a0601f5c8d,142,1,False,False,0.0,0.0,0.0,0.0,1,143,,sip_home_grocery,sip_home_grocery,0,143,142,1.0,143.0,142.0,1.0,0.0,0.0,0.0,0.0,0.0,0.0,0.0,0.0,0.0,0.0,0.0,0.0,0.0,0.0,0.0,0.0,0.0,0.0,0.0,0.0,0.0,0.0,0.0,0.0,4.070399965086662e-28,4.070399965086662e-28,0.0,0.0,0.0,0.0,0.0,0.0,0.0,0.0,0.0,0.0,0.0,0.0,0.0,0.0,0.0,0.0,0.0,0.0,0.0,1.0,1.0,0.0,0.0,142,142,1,1,0.993006993006993,0.993006993006993,1,1,0.0,0.0,48,0.0,0.0,48,0.0,0.0,47,sip_home_grocery,compact_local,compact_local
293,fa35e192121eabf3dabf9f5ea6abdbcbc107ac3b,142,21,False,False,1400.1563088975395,9.860255696461545,700.0181118183676,0.0,1,143,,sip_hospital,evac_out_of_zone,1,143,142,1.0,143.0,142.0,1.0,0.0,9.860255696461545,59.38239194127701,0.0,0.0,0.0,0.0,0.0,34.87022714949636,700.0181118183676,1400.1563088975395,1400.1563088975395,0.0,0.0,51.58371844826183,148.51165155377896,0.0,0.0,0.0,0.0,0.0,204.61067019954356,700.0181118183676,7376.471738101442,149.266422593708,653.557211235993,529.6924969418334,465.7707782902674,705.3485374094113,246715.28655511283,0.0005242162637182045,1410.6970745228336,2.55319148936184,19.281267405704448,0.0,0.0,0.0,0.0,0.0,9.923330606166172e-13,179.9999999999997,360.00000000001944,0.014184397163120567,0.014184397163120567,0.014184397163120567,0.852112676056338,0.852112676056338,0.14788732394366197,0.14788732394366197,97,97,21,21,0.8531468531468531,0.8531468531468531,1,1,1400.1563088975395,0.0,48,0.0,0.0,48,0.0,0.0,47,sip_home_grocery,intermediate_directed,compact_local
294,fa755791d0509bb06ae715a2072de724815ed84d,142,1,False,False,0.0,0.0,0.0,0.0,1,143,,sip_hospital,sip_home_grocery,1,143,142,1.0,143.0,142.0,1.0,0.0,0.0,0.0,0.0,0.0,0.0,0.0,0.0,0.0,0.0,0.0,0.0,0.0,0.0,0.0,0.0,0.0,0.0,0.0,0.0,0.0,0.0,0.0,0.0,2.08163637513382e-28,2.08163637513382e-28,0.0,0.0,0.0,0.0,0.0,0.0,0.0,0.0,0.0,0.0,0.0,0.0,0.0,0.0,0.0,0.0,0.0,0.0,0.0,1.0,1.0,0.0,0.0,142,142,1,1,0.993006993006993,0.993006993006993,1,1,0.0,0.0,48,0.0,0.0,48,0.0,0.0,47,sip_home_grocery,intermediate_directed,compact_local
295,fb644351560d8296fe6da332236b1f8d61b2828a,142,20,False,False,3556.7903052887273,25.047819051329064,592.5549980790016,0.0,1,143,,sip_hospital,evac_out_of_zone,1,143,142,1.0,143.0,142.0,1.0,0.0,25.047819051329064,108.52818805784042,0.0,0.0,0.0,0.0,0.0,34.960556001813835,592.5549980790016,3556.7903052887273,3556.7903052887273,0.0,0.0,49.89074816850728,141.82477085478808,0.0,0.0,0.0,0.0,0.0,204.33317387204895,592.5549980790016,7134.376988096541,142.64462283866635,546.7296198596531,494.62162407334756,334.0601978039986,596.864110797259,165233.39757607752,1932.7294553556462,1195.2973984409996,7.659574468085226,32.40068140293654,0.0,0.0,0.0,0.0,0.0,1.297666310037115e-12,180.0,1080.0000000000168,0.0425531914893617,0.0425531914893617,0.0425531914893617,0.8380281690140845,0.8380281690140845,0.1619718309859155,0.1619718309859155,46,46,19,20,0.8671328671328671,0.8601398601398601,1,1,1185.1869745335864,0.0,48,592.5413562319193,592.5413562319193,48,606.606968453734,579.9136498375681,47,sip_home_grocery,intermediate_directed,compact_local
296,fc074d501302eb2b93e2554793fcaf50b3bf7291,142,25,False,False,3191.454548840592,22.475032034088677,797.837763092124,0.0,1,143,,sip_home_grocery,evac_out_of_zone,0,143,142,1.0,143.0,142.0,1.0,0.0,22.475032034088677,114.62088421582376,0.0,0.0,0.0,0.0,0.0,35.00465786144122,797.837763092124,3191.454548840592,3191.454548840592,0.0,0.0,73.36233006626904,190.41063780127504,0.0,0.0,0.0,0.0,0.0,345.5796247772939,797.837763092124,10490.813199476472,191.67544026412335,731.4063901319842,637.7171098525531,497.3089976280012,808.7022637043009,317142.4566709991,2949.3304807582995,1617.6435448584095,5.106382978723577,27.20916986672574,0.0,0.0,0.0,0.0,0.0,9.923330606166172e-13,180.0,720.0000000000243,0.028368794326241134,0.028368794326241134,0.028368794326241134,0.8169014084507042,0.8169014084507042,0.18309859154929578,0.18309859154929578,47,47,25,25,0.8251748251748252,0.8251748251748252,1,1,797.9792921721241,797.7997304842202,48,0.0,0.0,48,797.837763092124,797.837763092124,47,sip_home_grocery,compact_local,compact_local
297,fd93751649ac3ea8f8772ba49c8c1fe068002835,142,3,False,False,41.14917491210408,0.2897829219162259,17.08022789161121,0.0,1,143,,sip_hospital,sip_home_grocery,1,143,142,1.0,143.0,142.0,1.0,0.0,0.2897829219162259,2.0486428675930695,0.0,0.0,0.0,0.0,0.0,0.0,17.08022789161121,41.14917491210408,41.14917491210408,0.0,0.0,0.14387823395840588,1.4507883034096674,0.0,0.0,0.0,0.0,0.0,0.0,17.08022789161121,20.57458745605204,1.4485617987765713,16.913223801662696,12.468343204031292,11.772424238979895,17.147873183460234,146.78262575505823,22.21477613621549,35.50182874349184,5.1063829787234045,26.340142854215948,0.0,0.0,0.0,0.0,0.0,0.0,180.0,720.0,0.03546099290780142,0.028368794326241134,0.02127659574468085,0.971830985915493,0.971830985915493,0.028169014084507043,0.028169014084507043,68,68,3,3,0.9790209790209791,0.9790209790209791,1,1,0.0,0.0,48,41.14917491210408,0.0,48,0.0,0.0,47,sip_home_grocery,intermediate_directed,compact_local
298,fe2ef495a1152561572949784c16bf23abb28057,142,26,False,False,1666.1640613753057,11.73354972799511,801.8264769855923,0.0,1,143,,evac_out_of_zone,evac_out_of_zone,2,143,142,1.0,143.0,142.0,1.0,0.0,11.73354972799511,67.8066183182859,0.0,0.0,0.0,0.0,0.0,34.926014756363486,801.8264769855923,1666.1640613753057,1666.1640613753057,0.0,0.0,68.10547364656503,180.57741465073843,0.0,0.0,0.0,0.0,0.0,310.5397909901714,801.8264769855923,9739.082731458799,181.9200733154203,741.5760812894582,672.2077340552578,470.6303663519995,820.5828291259338,316361.3721430734,11920.1670683108,1641.4697610763328,5.106382978723555,27.329937073931113,0.0,0.0,0.0,0.0,0.0,1.2213329976819904e-12,180.0,720.0000000000211,0.028368794326241134,0.028368794326241134,0.028368794326241134,0.8098591549295775,0.8098591549295775,0.19014084507042253,0.19014084507042253,94,94,26,26,0.8181818181818181,0.8181818181818181,1,1,864.3375843897132,801.8264769855923,48,0.0,0.0,48,0.0,0.0,47,evac_out_of_zone,extensive_displacement,extensive_displacement
299,fe5dbbcea5ce7e2988b8c69bcfdfde8904aabc1f,142,22,False,False,3948.988553692182,27.809778547128044,661.6128718736813,0.0,1,143,,sip_hospital,evac_out_of_zone,1,143,142,1.0,143.0,142.0,1.0,0.0,27.809778547128044,120.38691742426079,0.0,0.0,0.0,0.0,0.0,34.99627114904669,661.6128718736813,3948.988553692182,3948.988553692182,0.0,0.0,64.91070141572557,170.16568977049792,0.0,0.0,0.0,0.0,0.0,309.793946789531,661.6128718736813,9282.230302448757,171.27005520997506,601.6907783250018,557.915878275111,366.42664506600596,667.4867889672554,204435.24350540308,2300.8644299675025,1336.0165256406563,7.659574468085206,31.393677433651913,0.0,0.0,0.0,0.0,0.0,1.297666310037115e-12,179.99999999999963,1080.000000000014,0.0425531914893617,0.0425531914893617,0.0425531914893617,0.8169014084507042,0.8169014084507042,0.18309859154929578,0.18309859154929578,68,68,22,22,0.8461538461538461,0.8461538461538461,1,1,1302.347928413775,0.0,48,1986.7609906611312,659.8796346172753,48,0.0,0.0,47,sip_home_grocery,intermediate_directed,compact_local
